:200000000C9438400C9469400C9469400C9469400C9469400C9469400C9469400C946940C9
:200020000C9469400C9469400C9469400C9469400C9469400C9469400C9469400C94694078
:200040000C9469400C94AC850C9469400C9469400C9469400C9469400C9469400C9479847C
:200060000C9469400C94ED840C94C3840C9469400C9469400C9469400C9469400C946940D2
:200080000C947E850C9469400C9469400C9469400C9469400C9469400C9469400C94DA8508
:2000A0000C9469400C9469400C9450850C9469400C9469400C9469400C9469400C942285CE
:2000C0000C9469400C9469400C9469400C9469400C9469400C9469400C9469400C946940D8
:2000E0000C9469400C944F660C94FA730C942D460C94BE660C949B4F0C94EA660C94A94279
:200100000C9455540C94E1430C9456570C94BC420C94E2690C94B7810C941E4D0C943151F7
:200120000C94F9580C9438570C94E2680C9468540C9483570C94E9430C9418630C9487577A
:200140000C945D440C9471440C94D4490C94C27A0C94D37E0C946F540C94E44A0C94B642B6
:200160000C947F670C949E7D0C94045F0C94367B0C949C4F0C94F0610C94CB4F0C94147B85
:200180000C94CE460C941C440C94AC420C94EE7A0C94B87A0C94C4420C94AB660C94B07626
:2001A0000C94A1420C94F8430C94467B0C947F580C941C590C94185D0C9440460C94F155D3
:2001C0000C94087B0C94294F0C94D2420C9469640C94CA5E0C9495720C944F4E0C94995688
:2001E0000C9455580C94C6480C94D8420C94968A0C947B440C941E460C9436480C9479658B
:200200000C94624F0C940C760C94C44F0C94FE740C9401570C94BC7A0C94F47A0C94DF57F4
:200220000C94C74E0C9402440C94B2420C94D07A0C94F1450C94B3690C9497420C94D766BD
:200240000C9434580C940E590C9422830C9414440C94287B0C943A7B0C94B97F0C94465484
:200260000C9400580C94B27A0C94EA580C94E44E0C94587A0C94E27D0C94148F0C94DC4294
:200280000C9449440C94855F0C94CE420C94F2580C942C680C9488650C94D8610C94238234
:2002A0000C9415590C9492660C9426440C9481460C944E460C949C540C94D7420C947F5734
:2002C0000C947B570C9400590C94B5560C9467440C94A0820C940C440C9481570C94B472CD
:2002E0000C947D570C9450740C94EE430C946F800C94B84F0C945E810C9430440C94046385
:200300000C947F480C94AC4F0C9453440C94227B0C946B750C9401530C94F2400C94CA4275
:200320000C94F1400C94D3580C94DA7A0C94C0420C942B710C94077E0C9475840C94EE62A1
:200340000C943F540C9495580C9404570C94407B0C94C0760C9407590C94A5420C94D67A3A
:200360000C94027B0C94E07A0C943A440C94F04D0C9485570C940D7E0C949D420C949F64A2
:200380000C94FB7F0C949F5F0C94A47A0C94465B0C9489570C9471630000010109000001A6
:2003A00000010123000002000B1C1001E529000B1C1001E550000B1C1001E577000B1C1098
:2003C00001E59E000B1C1001E5C5000B1C1001E5EC000B1C1001E513010B1C1001E53A0125
:2003E0000B1C1001E561010B1C1001E588010B1C1001E5AF0117052306E9BE01060500FD16
:20040000FCC2010B1C1001E5E9011B2B2304D67B020427231BD88F021B2B2304D621031904
:200420002B2306D6A8031B272304D82C041B2B2304D6BE041B2B2304D650051B292304D698
:20044000DB051B2B2304D66D061B2B2304D6FF0605170902E10E070B1C1001E535070B1C21
:200460001001E55C070B1C1001E583070B1C1001E5AA070B1C1001E5D1070B1C1001E5F8A4
:20048000071B292304D683081B292304D80E0919182304E959091B292304D8E409192B23F5
:2004A00004D66B0A19292304D6EC0A1B2B2304D67E0B1B272304D8020C0413231BEC0C0C44
:2004C0001B292304D8970C1B292304D6220D19292304D8A30D1B292304D62E0E1B16230400
:2004E000E9790E1B182304E9CA0E1B292304D6550F1B292304D6E00F19162304E925101B0D
:20050000292304D8B01019292304D831111B152304EC78111B292304D803121B292304D809
:200520008E121B272304D812131B292304D89D131B2B2304D62F140B1C1001E556140B1C8E
:200540001001E57D140B1C1001E5A4140B1C1001E5CB1417042306FDD7140B1C1001E5FEFC
:20056000141B292304D689151B292304D8141619182304E95F161B292304D8EA16192B23BB
:2005800004D6711719292304D6F2171B2B2304D684181B272304D808190413231BEC121904
:2005A0001B292304D89D191B292304D6281A19292304D8A91A1B292304D6341B1B162304D3
:2005C000E97F1B1B182304E9D01B1B292304D65B1C1B292304D6E61C19162304E92B1D1BCD
:2005E000292304D8B61D19292304D8371E1B152304EC7E1E1B292304D8091F1B292304D8DD
:20060000941F1B272304D818201B292304D8A3201B2B2304D635210B1C1001E55C210B1C4E
:200620001001E583210B1C1001E5AA210B1C1001E50000FFF00600C0180300600C0180302E
:200640000600C0180300600C0180300600C0180300600C0180300600FFF0FFF00600C018DC
:200660000300600C0180300600C0180300600C0180300600C0180300600C0180300600FF59
:20068000F0FFF00600C0180300600C0180300600C0180300600C0180300600C0180300603E
:2006A0000C0180300600FFF0FFF00600C0180300600C0180300600C0180300600C0180309D
:2006C0000600C0180300600C0180300600FFF0FFF00600C0180300600C0180300600C0185C
:2006E0000300600C0180300600C0180300600C0180300600FFF0FFF00600C0180300600CAB
:200700000180300600C0180300600C0180300600C0180300600C0180300600FFF0FFF00642
:2007200000C0180300600C0180300600C0180300600C0180300600C0180300600C018030C5
:200740000600FFF0FFF00600C0180300600C0180300600C0180300600C0180300600C018DB
:200760000300600C0180300600FFF0FFF00600C0180300600C0180300600C0180300600C2A
:200780000180300600C0180300600C0180300600FFF0FFF00600C0180300600C01803006C2
:2007A00000C0180300600C0180300600C0180300600C0180300600FFF0FFF00600C018037E
:2007C00000600C0180300600C0180300600C0180300600C0180300600C0180300600FFF00B
:2007E000000000FFFFFBFFFFFBFFFFE00000007BFFDE78FFF00600C0180300600C0180306C
:200800000600C0180300600C0180300600C0180300600C0180300600FFF01FFFFF07FFFFC5
:20082000F17FFFFD77FFFF7F00001FE00003FC00007F80000FF00001FE00003FC00007F85F
:200840000000FF00001FE00003FC00007F80000FF00001FE00003FC00007F000007C00002C
:20086000060000003000001F000007F00001FE00003FC00007F80000FF00001FE00003FC32
:2008800000007F80000FF00001FE00003FC00007F80000FF00001FE00003FC00007F7FFF63
:2008A000F75FFFFF47FFFFF07FFFFC0027FFFFFFFFFFFFFFF73037FFFFFFFFFFFFFFF720A7
:2008C0001FFFFF07FFFFF07FFFFD07FFFF7000001E000003C000007800000F000001E000CD
:2008E000003C000007800000F000001E000003C000007800000F000001E000003C000007B9
:2009000080000071FFFFF67FFFFF37FFFFC7000000F000001E000003C000007800000F0021
:200920000001E000003C000007800000F000001E000003C000007800000F000001E00000DA
:200940003C0000077FFFF05FFFFF07FFFFF07FFFFC007FFFFC7FFFFF1FFFFF47FFFF700051
:20096000007800003C00001E00000F000007800003C00001E00000F000007800003C0000C7
:200980001E00000F000007800003C00001E0000077FFFFDFFFFFF1FFFFF6000007000007BA
:2009A000800003C00001E00000F000007800003C00001E00000F000007800003C00001E017
:2009C0000000F000007800003C00001E7FFFF77FFFFD7FFFFF1FFFFF004000005C00001F10
:2009E000C00007F80000FF00001FE00003FC00007F80000FF00001FE00003FC00007F80040
:200A000000FF00001FE00003FC00007F80000FF00001FC00001F7FFFFD9FFFFFC1FFFFF6F2
:200A2000000001C000007800000F000001E000003C000007800000F000001E000003C000F9
:200A4000007800000F000001E000003C000007800000F000001E000001C00000101FFFFF6F
:200A600007FFFFF17FFFFC77FFFF0F000001E000003C000007800000F000001E000003C00D
:200A800000007800000F000001E000003C000007800000F000001E000003C00000700000EA
:200AA0000DFFFFF07FFFFF07FFFFD8000007000001E000003C000007800000F000001E0028
:200AC0000003C000007800000F000001E000003C000007800000F000001E000003C0000057
:200AE000787FFFF71FFFFF47FFFFF07FFFFC001FFFFF07FFFFF17FFFFC77FFFF0F0000012B
:200B0000E000003C000007800000F000001E000003C000007800000F000001E000003C00BD
:200B20000007800000F000001E000003C000007000000DFFFFF07FFFFF37FFFFDF0000075A
:200B4000F00001FE00003FC00007F80000FF00001FE00003FC00007F80000FF00001FE00AE
:200B6000003FC00007F80000FF00001FE00003FC00007F7FFFF75FFFFF47FFFFF07FFFFC7A
:200B8000001FFFFF07FFFFF17FFFFD77FFFF7F00001FE00003FC00007F80000FF00001FED8
:200BA00000003FC00007F80000FF00001FE00003FC00007F80000FF00001FE00003FC0003E
:200BC00007F000007C00000600000000000018000007000001E000003C000007800000F0E9
:200BE00000001E000003C000007800000F000001E000003C000007800000F000001E0000DB
:200C000003C0000078000007000000401FFFFF07FFFFF17FFFFD77FFFF7F00001FE00003CE
:200C2000FC00007F80000FF00001FE00003FC00007F80000FF00001FE00003FC00007F80C1
:200C4000000FF00001FE00003FC00007F000007DFFFFF67FFFFF37FFFFDF000007F00001A6
:200C6000FE00003FC00007F80000FF00001FE00003FC00007F80000FF00001FE00003FC07F
:200C80000007F80000FF00001FE00003FC00007F7FFFF75FFFFF47FFFFF07FFFFC001FFF3A
:200CA000FF07FFFFF17FFFFD77FFFF7F00001FE00003FC00007F80000FF00001FE00003F96
:200CC000C00007F80000FF00001FE00003FC00007F80000FF00001FE00003FC00007F00065
:200CE000007DFFFFF67FFFFF07FFFFD8000007000001E000003C000007800000F000001E70
:200D0000000003C000007800000F000001E000003C000007800000F000001E000003C00014
:200D200000787FFFF71FFFFF47FFFFF07FFFFC00F7FFF700000000000000033FFFF880FF55
:200D4000F00600C0180300600C0180300600C0180300600C0180300600C0180300600C0159
:200D600080300600FFF0FFF00600C0180300600C0180300600C0180300600C0180300600DD
:200D8000C0180300600C0180300600FFF0FFF00600C0180300600C0180300600C018030098
:200DA000600C0180300600C0180300600C0180300600FFF0FFF00600C0180300600C018066
:200DC000300600C0180300600C0180300600C0180300600C0180300600FFF0FFF00600C03D
:200DE000180300600C0180300600C0180300600C0180300600C0180300600C0180300600B9
:200E0000FFF0FFF00600C0180300600C0180300600C0180300600C0180300600C018030017
:200E2000600C0180300600FFF01FFFFF07FFFFF17FFFFD77FFFF7F00001FE00003FC000020
:200E40007F80000FF00001FE00003FC00007F80000FF00001FE00003FC00007F80000FF09C
:200E60000001FE00003FC00007F000007DFFFFF67FFFFF37FFFFDF000007F00001FE000085
:200E80003FC00007F80000FF00001FE00003FC00007F80000FF00001FE00003FC00007F85C
:200EA0000000FF00001FE00003FC00007F000007400000404000001C000003C00000780098
:200EC000000F000001E000003C000007800000F000001E000003C000007800000F00000106
:200EE000E000003C000007800000F000001C0000037FFFFC1FFFFFCDFFFFF7C00001FC002A
:200F0000007F80000FF00001FE00003FC00007F80000FF00001FE00003FC00007F80000FCB
:200F2000F00001FE00003FC00007F80000FF00001FDFFFFDD7FFFFD1FFFFFC1FFFFF00000E
:200F400000000FFFFF8FFFFFFBFFFFEE000007800003C00001E00000F000007800003C0041
:200F6000001E00000F000007800003C00001E00000F000007800003C00001E00000EFFFF4B
:200F8000E2FFFFF8FFFFFE3FFFFE0000004000001C000007800000F000001E000003C0008D
:200FA000007800000F000001E000003C000007800000F000001E000003C000007800000FAE
:200FC000000001E000001C7FFFFD9FFFFFCDFFFFF7C00001FC00007F80000FF00001FE0080
:200FE000003FC00007F80000FF00001FE00003FC00007F80000FF00001FE00003FC00007F3
:20100000F80000FF00001FDFFFFDD7FFFFD1FFFFFC1FFFFF001FFFFF1FFFFFD7FFFFDDFF37
:20102000FFCF000007800003C00001E00000F000007800003C00001E00000F00000780005F
:2010400003C00001E00000F000007800003C00001C00000DFFFFF1FFFFFF7FFFFDC00000F8
:20106000F000007800003C00001E00000F000007800003C00001E00000F000007800003CD0
:2010800000001E00000F000007800003C00001DFFFFC5FFFFF1FFFFFC7FFFFC01FFFFF1FC3
:2010A000FFFFD7FFFFDDFFFFCF000007800003C00001E00000F000007800003C00001E00C6
:2010C000000F000007800003C00001E00000F000007800003C00001C00000DFFFFF1FFFF1C
:2010E000FF7FFFFDC00000F000007800003C00001E00000F000007800003C00001E00000BA
:20110000F000007800003C00001E00000F000007800003C00001C00000400000001FFFFF96
:2011200007FFFFF17FFFFC77FFFF0F000001E000003C000007800000F000001E000003C046
:2011400000007800000F000001E000003C000007800000F000001E000003C0000070000023
:201160000C0000000000003000001F000007F00001FE00003FC00007F80000FF00001FE022
:201180000003FC00007F80000FF00001FE00003FC00007F80000FF00001FE00003FC000058
:2011A0007F7FFFF75FFFFF47FFFFF07FFFFC004000001C000003C000007800000F00000188
:2011C000E000003C000007800000F000001E000003C000007800000F000001E000003C00F7
:2011E0000007800000F000001C0000037FFFFC1FFFFFCDFFFFF7C00001FC00007F80000F35
:20120000F00001FE00003FC00007F80000FF00001FE00003FC00007F80000FF00001FE00E7
:20122000003FC00007F80000FF00001FC00001D000001037FFFFFFFFFFFFFFF720000000AA
:201240004000001C000007800000F000001E000003C000007800000F000001E000003C0036
:201260000007800000F000001E000003C000007800000F000001E000001C00000180000011
:201280000C000007C00001FC00007F80000FF00001FE00003FC00007F80000FF00001FE085
:2012A0000003FC00007F80000FF00001FE00003FC00007F80000FF00001FDFFFFDD7FFFF66
:2012C000D1FFFFFC1FFFFF001FFFFF07FFFFF17FFFFC77FFFF0F000001E000003C000007F1
:2012E000800000F000001E000003C000007800000F000001E000003C000007800000F00082
:20130000001E000003C000007000000DFFFFF07FFFFF37FFFFDF000007F00001FE00003FBB
:20132000C00007F80000FF00001FE00003FC00007F80000FF00001FE00003FC00007F800F6
:2013400000FF00001FE00003FC00007F000007400000404000007000003C00001E00000F71
:20136000000007800003C00001E00000F000007800003C00001E00000F000007800003C027
:201380000001E00000F000007000003000000000000C000007000003C00001E00000F00035
:2013A000007800003C00001E00000F000007800003C00001E00000F000007800003C00007D
:2013C0001E00000F0000077FFFF17FFFFC7FFFFF1FFFFF001FFFFF07FFFFF17FFFFD77FF52
:2013E000FF7F00001FE00003FC00007F80000FF00001FE00003FC00007F80000FF00001F58
:20140000E00003FC00007F80000FF00001FE00003FC00007F000007C000006000000300048
:20142000001F000007F00001FE00003FC00007F80000FF00001FE00003FC00007F80000F8E
:20144000F00001FE00003FC00007F80000FF00001FE00003FC00007F00000740000040009C
:20146000000003FFFFE0FFFFFE6FFFFFBE00000FE00003FC00007F80000FF00001FE000079
:201480003FC00007F80000FF00001FE00003FC00007F80000FF00001FE00003FC00007F856
:2014A0000000FE00000E8000008000000003FFFFE0FFFFFE6FFFFFBE00000FE00003FC002A
:2014C000007F80000FF00001FE00003FC00007F80000FF00001FE00003FC00007F80000F06
:2014E000F00001FE00003FC00007F80000FEFFFFEEBFFFFE8FFFFFE0FFFFF81FFFFF07FFD3
:20150000FFF17FFFFD77FFFF7F00001FE00003FC00007F80000FF00001FE00003FC000076B
:20152000F80000FF00001FE00003FC00007F80000FF00001FE00003FC00007F000007DFF47
:20154000FFF67FFFFF37FFFFC7000000F000001E000003C000007800000F000001E00000E4
:201560003C000007800000F000001E000003C000007800000F000001E000003C000007002C
:201580000000400000001FFFFF07FFFFF17FFFFD77FFFF7F00001FE00003FC00007F80008C
:2015A0000FF00001FE00003FC00007F80000FF00001FE00003FC00007F80000FF00001FE35
:2015C00000003FC00007F000007DFFFFF67FFFFF07FFFFD8000007000001E000003C000026
:2015E00007800000F000001E000003C000007800000F000001E000003C000007800000F078
:2016000000001E000003C0000078000007000000400000000FFFFF8FFFFFFBFFFFEE0000A9
:2016200007800003C00001E00000F000007800003C00001E00000F000007800003C0000163
:20164000E00000F000007800003C00001E00000E0000020000004000001C000003C00000B9
:201660007800000F000001E000003C000007800000F000001E000003C000007800000F00E7
:201680000001E000003C000007800000F000001C0000037FFFFC1FFFFFC1FFFFF60000014A
:2016A000C000007800000F000001E000003C000007800000F000001E000003C000007800F6
:2016C000000F000001E000003C000007800000F000001E1FFFFDC7FFFFD1FFFFFC1FFFFF81
:2016E000004000007000003C00001E00000F000007800003C00001E00000F000007800003E
:201700003C00001E00000F000007800003C00001E00000F0000070000037FFFFC7FFFFFDDE
:20172000FFFFF7000003C00001E00000F000007800003C00001E00000F000007800003C0F5
:201740000001E00000F000007800003C00001E00000F0000077FFFF17FFFFC7FFFFF1FFF4C
:20176000FF00C000007C00001FC00007F80000FF00001FE00003FC00007F80000FF0000154
:20178000FE00003FC00007F80000FF00001FE00003FC00007F80000FF00001FDFFFFDD7FFA
:2017A000FFFD1FFFFFC1FFFFF04000005C00001FC00007F80000FF00001FE00003FC0000EA
:2017C0007F80000FF00001FE00003FC00007F80000FF00001FE00003FC00007F80000FF013
:2017E0000001FC00001F0000018000000C000007C00001FC00007F80000FF00001FE00007F
:201800003FC00007F80000FF00001FE00003FC00007F80000FF00001FE00003FC00007F8D2
:201820000000FF00001FDFFFFDD7FFFFD1FFFFFC1FFFFF004000005C00001FC00007F80078
:2018400000FF00001FE00003FC00007F80000FF00001FE00003FC00007F80000FF00001F72
:20186000E00003FC00007F80000FF00001FC00001F7FFFFD9FFFFFCDFFFFF7C00001FC00D8
:20188000007F80000FF00001FE00003FC00007F80000FF00001FE00003FC00007F80000F42
:2018A000F00001FE00003FC00007F80000FF00001FDFFFFDD7FFFFD1FFFFFC1FFFFF004045
:2018C00000005C00001FC00007F80000FF00001FE00003FC00007F80000FF00001FE0000D4
:2018E0003FC00007F80000FF00001FE00003FC00007F80000FF00001FC00001F7FFFFD9FB9
:20190000FFFFCDFFFFF7C00001FC00007F80000FF00001FE00003FC00007F80000FF000050
:201920001FE00003FC00007F80000FF00001FE00003FC00007F80000FF00001FC00001D0FF
:201940000000104000005C00001FC00007F80000FF00001FE00003FC00007F80000FF00002
:2019600001FE00003FC00007F80000FF00001FE00003FC00007F80000FF00001FC00001F53
:201980007FFFFD9FFFFFC1FFFFF6000001C000007800000F000001E000003C00000780008E
:2019A00000F000001E000003C000007800000F000001E000003C000007800000F000001E1D
:2019C0001FFFFDC7FFFFD1FFFFFC1FFFFF001FFFFF07FFFFF07FFFFD07FFFF7000001E001F
:2019E0000003C000007800000F000001E000003C000007800000F000001E000003C0000028
:201A00007800000F000001E000003C0000078000007000000600000030000007000000F0FE
:201A200000001E000003C000007800000F000001E000003C000007800000F000001E00008C
:201A400003C000007800000F000001E000003C0000077FFFF05FFFFF07FFFFF07FFFFC00DE
:201A6000FFF00600C0180300600C0180300600C0180300600C0180300600C0180300600C2E
:201A80000180300600FFF0FFF00600C0180300600C0180300600C0180300600C01803006AF
:201AA00000C0180300600C0180300600FFF0FFF00600C0180300600C0180300600C018036B
:201AC00000600C0180300600C0180300600C0180300600FFF0FFF00600C0180300600C01B9
:201AE00080300600C0180300600C0180300600C0180300600C0180300600FFF03FFFF8FF10
:201B0000FFFBFFFFFBFFFFE0FFF00600C0180300600C0180300600C0180300600C01803009
:201B20000600C0180300600C0180300600FFF01FFFFF07FFFFF17FFFFD77FFFF7F00001F11
:201B4000E00003FC00007F80000FF00001FE00003FC00007F80000FF00001FE00003FC00AE
:201B6000007F80000FF00001FE00003FC00007F000007DFFFFF67FFFFF37FFFFDF00000769
:201B8000F00001FE00003FC00007F80000FF00001FE00003FC00007F80000FF00001FE005E
:201BA000003FC00007F80000FF00001FE00003FC00007F000007400000404000001C0000C8
:201BC00003C000007800000F000001E000003C000007800000F000001E000003C0000078CE
:201BE00000000F000001E000003C000007800000F000001C0000037FFFFC1FFFFFCDFFFFC1
:201C0000F7C00001FC00007F80000FF00001FE00003FC00007F80000FF00001FE00003FC18
:201C200000007F80000FF00001FE00003FC00007F80000FF00001FDFFFFDD7FFFFD1FFFF0C
:201C4000FC1FFFFF000000000FFFFF8FFFFFFBFFFFEE000007800003C00001E00000F000CF
:201C6000007800003C00001E00000F000007800003C00001E00000F000007800003C0000B4
:201C80001E00000EFFFFE2FFFFF8FFFFFE3FFFFE0000004000001C000007800000F0000037
:201CA0001E000003C000007800000F000001E000003C000007800000F000001E000003C047
:201CC00000007800000F000001E000001C7FFFFD9FFFFFCDFFFFF7C00001FC00007F8000EA
:201CE0000FF00001FE00003FC00007F80000FF00001FE00003FC00007F80000FF00001FEEE
:201D000000003FC00007F80000FF00001FDFFFFDD7FFFFD1FFFFFC1FFFFF001FFFFF1FFFD4
:201D2000FFD7FFFFDDFFFFCF000007800003C00001E00000F000007800003C00001E000038
:201D40000F000007800003C00001E00000F000007800003C00001C00000DFFFFF1FFFFFF90
:201D60007FFFFDC00000F000007800003C00001E00000F000007800003C00001E00000F03C
:201D800000007800003C00001E00000F000007800003C00001DFFFFC5FFFFF1FFFFFC7FFFD
:201DA000FFC01FFFFF1FFFFFD7FFFFDDFFFFCF000007800003C00001E00000F00000780018
:201DC000003C00001E00000F000007800003C00001E00000F000007800003C00001C0000AF
:201DE0000DFFFFF1FFFFFF7FFFFDC00000F000007800003C00001E00000F00000780000354
:201E0000C00001E00000F000007800003C00001E00000F000007800003C00001C000004005
:201E20000000001FFFFF07FFFFF17FFFFC77FFFF0F000001E000003C000007800000F000FD
:201E4000001E000003C000007800000F000001E000003C000007800000F000001E00000365
:201E6000C000007000000C0000000000003000001F000007F00001FE00003FC00007F800E3
:201E800000FF00001FE00003FC00007F80000FF00001FE00003FC00007F80000FF00001F2C
:201EA000E00003FC00007F7FFFF75FFFFF47FFFFF07FFFFC004000001C000003C0000078AC
:201EC00000000F000001E000003C000007800000F000001E000003C000007800000F0000F7
:201EE00001E000003C000007800000F000001C0000037FFFFC1FFFFFCDFFFFF7C00001FC19
:201F000000007F80000FF00001FE00003FC00007F80000FF00001FE00003FC00007F8000CA
:201F20000FF00001FE00003FC00007F80000FF00001FC00001D000001037FFFFFFFFFFFFB5
:201F4000FFF7200000004000001C000007800000F000001E000003C000007800000F000030
:201F600001E000003C000007800000F000001E000003C000007800000F000001E000001C68
:201F80000000018000000C000007C00001FC00007F80000FF00001FE00003FC00007F800F5
:201FA00000FF00001FE00003FC00007F80000FF00001FE00003FC00007F80000FF00001F0B
:201FC000DFFFFDD7FFFFD1FFFFFC1FFFFF001FFFFF07FFFFF17FFFFC77FFFF0F000001E077
:201FE00000003C000007800000F000001E000003C000007800000F000001E000003C0000A9
:2020000007800000F000001E000003C000007000000DFFFFF07FFFFF37FFFFDF000007F075
:202020000001FE00003FC00007F80000FF00001FE00003FC00007F80000FF00001FE0000A9
:202040003FC00007F80000FF00001FE00003FC00007F000007400000404000007000003C93
:2020600000001E00000F000007800003C00001E00000F000007800003C00001E00000F0037
:202080000007800003C00001E00000F000007000003000000000000C000007000003C000AF
:2020A00001E00000F000007800003C00001E00000F000007800003C00001E00000F0000053
:2020C0007800003C00001E00000F0000077FFFF17FFFFC7FFFFF1FFFFF001FFFFF07FFFF73
:2020E000F17FFFFD77FFFF7F00001FE00003FC00007F80000FF00001FE00003FC00007F887
:202100000000FF00001FE00003FC00007F80000FF00001FE00003FC00007F000007C000053
:20212000060000003000001F000007F00001FE00003FC00007F80000FF00001FE00003FC59
:2021400000007F80000FF00001FE00003FC00007F80000FF00001FE00003FC00007F000008
:20216000074000004000000003FFFFE0FFFFFE6FFFFFBE00000FE00003FC00007F80000FD4
:20218000F00001FE00003FC00007F80000FF00001FE00003FC00007F80000FF00001FE0058
:2021A000003FC00007F80000FE00000E8000008000000003FFFFE0FFFFFE6FFFFFBE00000D
:2021C0000FE00003FC00007F80000FF00001FE00003FC00007F80000FF00001FE00003FC19
:2021E00000007F80000FF00001FE00003FC00007F80000FEFFFFEEBFFFFE8FFFFFE0FFFFD3
:20220000F81FFFFF07FFFFF17FFFFD77FFFF7F00001FE00003FC00007F80000FF00001FE49
:2022200000003FC00007F80000FF00001FE00003FC00007F80000FF00001FE00003FC000A7
:2022400007F000007DFFFFF67FFFFF37FFFFC7000000F000001E000003C000007800000F45
:20226000000001E000003C000007800000F000001E000003C000007800000F000001E00081
:20228000003C000007000000400000001FFFFF07FFFFF17FFFFD77FFFF7F00001FE0000337
:2022A000FC00007F80000FF00001FE00003FC00007F80000FF00001FE00003FC00007F802B
:2022C000000FF00001FE00003FC00007F000007DFFFFF67FFFFF07FFFFD800000700000137
:2022E000E000003C000007800000F000001E000003C000007800000F000001E000003C00C6
:202300000007800000F000001E000003C0000078000007000000400000000FFFFF8FFFFF0C
:20232000FBFFFFEE000007800003C00001E00000F000007800003C00001E00000F000007B3
:20234000800003C00001E00000F000007800003C00001E00000E0000020000004000001C2B
:20236000000003C000007800000F000001E000003C000007800000F000001E000003C0009E
:20238000007800000F000001E000003C000007800000F000001C0000037FFFFC1FFFFFC1AB
:2023A000FFFFF6000001C000007800000F000001E000003C000007800000F000001E00002F
:2023C00003C000007800000F000001E000003C000007800000F000001E1FFFFDC7FFFFD150
:2023E000FFFFFC1FFFFF004000007000003C00001E00000F000007800003C00001E0000082
:20240000F000007800003C00001E00000F000007800003C00001E00000F000007000003729
:20242000FFFFC7FFFFFDFFFFF7000003C00001E00000F000007800003C00001E00000F0072
:202440000007800003C00001E00000F000007800003C00001E00000F0000077FFFF17FFF8C
:20246000FC7FFFFF1FFFFF00C000007C00001FC00007F80000FF00001FE00003FC00007F30
:2024800080000FF00001FE00003FC00007F80000FF00001FE00003FC00007F80000FF000C5
:2024A00001FDFFFFDD7FFFFD1FFFFFC1FFFFF04000005C00001FC00007F80000FF00001F64
:2024C000E00003FC00007F80000FF00001FE00003FC00007F80000FF00001FE00003FC0025
:2024E000007F80000FF00001FC00001F0000018000000C000007C00001FC00007F80000F63
:20250000F00001FE00003FC00007F80000FF00001FE00003FC00007F80000FF00001FE00D4
:20252000003FC00007F80000FF00001FDFFFFDD7FFFFD1FFFFFC1FFFFF004000005C00004B
:202540001FC00007F80000FF00001FE00003FC00007F80000FF00001FE00003FC00007F8A5
:202560000000FF00001FE00003FC00007F80000FF00001FC00001F7FFFFD9FFFFFCDFFFF61
:20258000F7C00001FC00007F80000FF00001FE00003FC00007F80000FF00001FE00003FC8F
:2025A00000007F80000FF00001FE00003FC00007F80000FF00001FDFFFFDD7FFFFD1FFFF83
:2025C000FC1FFFFF004000005C00001FC00007F80000FF00001FE00003FC00007F80000F5D
:2025E000F00001FE00003FC00007F80000FF00001FE00003FC00007F80000FF00001FC00F6
:20260000001F7FFFFD9FFFFFCDFFFFF7C00001FC00007F80000FF00001FE00003FC0000701
:20262000F80000FF00001FE00003FC00007F80000FF00001FE00003FC00007F80000FF00AB
:20264000001FC00001D00000104000005C00001FC00007F80000FF00001FE00003FC000043
:202660007F80000FF00001FE00003FC00007F80000FF00001FE00003FC00007F80000FF064
:202680000001FC00001F7FFFFD9FFFFFC1FFFFF6000001C000007800000F000001E0000028
:2026A0003C000007800000F000001E000003C000007800000F000001E000003C000007805B
:2026C0000000F000001E1FFFFDC7FFFFD1FFFFFC1FFFFF001FFFFF07FFFFF07FFFFD07FF91
:2026E000FF7000001E000003C000007800000F000001E000003C000007800000F000001E51
:20270000000003C000007800000F000001E000003C00000780000070000006000000300025
:202720000007000000F000001E000003C000007800000F000001E000003C00000780000096
:20274000F000001E000003C000007800000F000001E000003C0000077FFFF05FFFFF07FF2C
:20276000FFF07FFFFC00FFF00600C0180300600C0180300600C0180300600C0180300600FF
:20278000C0180300600C0180300600FFF0FFF00600C0180300600C0180300600C01803007E
:2027A000600C0180300600C0180300600C0180300600FFF0FFF00600C0180300600C01804C
:2027C000300600C0180300600C0180300600C0180300600C0180300600FFF0FFF00600C023
:2027E000180300600C0180300600C0180300600C0180300600C0180300600C01803006009F
:20280000FFF0000001010800000100010120000002000A1A0E01E723000A1A0E01E74400FF
:202820000A1A0E01E765000A1A0E01E786000A1A0E01E7A7000A1A0E01E7C8000A1A0E01A3
:20284000E7E9000A1A0E01E70A010A1A0E01E72B010A1A0E01E74C010A1A0E01E76D01143A
:20286000032006EC7501040500FEFC78010A1A0E01E7990118272004DA0E0204232018DC15
:20288000200218272004DA950216272006DA010318232004DC6A0318272004DADF031827FB
:2028A0002004DA540418252004DAC30418272004DA380518272004DAAD0505140801E4BA97
:2028C000050A1A0E01E7DB050A1A0E01E7FC050A1A0E01E71D060A1A0E01E73E060A1A0E11
:2028E00001E75F060A1A0E01E7800618252004DAEF0618252004DC5E0716152004EC98073F
:2029000018252004DC070816272004DA730816252004DAD90818272004DA4E0918232004A8
:20292000DCB70904112018EEC00918252004DC2F0A18252004DA9E0A16252004DC040B183C
:20294000252004DA730B18132004ECAC0B18152004ECEB0B18252004DA5A0C18252004DAD5
:20296000C90C16132004ECFE0C18252004DC6D0D16252004DCD30D18132004EE0C0E1825D9
:202980002004DC7B0E18252004DCEA0E18232004DC530F18252004DCC20F18272004DA375A
:2029A000100A1A0E01E758100A1A0E01E779100A1A0E01E79A100A1A0E01E7BB1014042001
:2029C00006FDC5100A1A0E01E7E61018252004DA551118252004DCC41116152004ECFE1112
:2029E00018252004DC6D1216272004DAD91216252004DA3F1318272004DAB4131823200407
:202A0000DC1D1404112018EE261418252004DC951418252004DA041516252004DC6A151828
:202A2000252004DAD91518132004EC121618152004EC511618252004DAC01618252004DA32
:202A40002F1716132004EC641718252004DCD31716252004DC391818132004EE72181825C5
:202A60002004DCE11818252004DC501918232004DCB91918252004DC281A18272004DA9D51
:202A80001A0A1A0E01E7BE1A0A1A0E01E7DF1A0A1A0E01E7001B0A1A0E01E70000FFE018D1
:202AA000060180601806018060180601806018060180601806018060180601807FF0FFE046
:202AC00018060180601806018060180601806018060180601806018060180601807FF0FFEE
:202AE000E018060180601806018060180601806018060180601806018060180601807FF0ED
:202B0000FFE018060180601806018060180601806018060180601806018060180601807FBD
:202B2000F0FFE018060180601806018060180601806018060180601806018060180601802C
:202B40007FF0FFE0180601806018060180601806018060180601806018060180601806010D
:202B6000807FF0FFE01806018060180601806018060180601806018060180601806018066E
:202B800001807FF0FFE0180601806018060180601806018060180601806018060180601853
:202BA0000601807FF0FFE01806018060180601806018060180601806018060180601806045
:202BC000180601807FF0FFE01806018060180601806018060180601806018060180601806D
:202BE00060180601807FF0FFE018060180601806018060180601806018060180601806016D
:202C00008060180601807FF07FFFEFFFFF7FFFE06FFF60FFE018060180601806018060183A
:202C20000601806018060180601806018060180601807FF03FFFFC3FFFFCDFFFFBEFFFF76F
:202C4000E0000FE0000FE0000FE0000FE0000FE0000FE0000FE0000FE0000FE0000FE0003E
:202C60000FE0000FE0000FE00007C00003000000800003C00007E0000FE0000FE0000FE0C6
:202C8000000FE0000FE0000FE0000FE0000FE0000FE0000FE0000FE0000FE0000FEFFFF7D9
:202CA000DFFFFB3FFFFC3FFFFC37FFFFFFFFFFFFF73037FFFFFFFFFFFFF7303FFFFC3FFF9F
:202CC000FC1FFFFB0FFFF700000F00000F00000F00000F00000F00000F00000F00000F0062
:202CE000000F00000F00000F00000F00000F0000071FFFFB3FFFFC9FFFF8C00000E00000F9
:202D0000E00000E00000E00000E00000E00000E00000E00000E00000E00000E00000E00013
:202D200000E00000EFFFF0DFFFF83FFFFC3FFFFCFFFFF3FFFFC7FFFECFFFF700003C0000D7
:202D4000F00003C0000F00003C0000F00003C0000F00003C0000F00003C0000F00003C0079
:202D60000077FFFEFFFFFC7FFFEC0000700003C0000F00003C0000F00003C0000F00003CFF
:202D80000000F00003C0000F00003C0000F00003CFFFF77FFFEFFFFFCFFFFF00C00003E0A2
:202DA0000007E0000FE0000FE0000FE0000FE0000FE0000FE0000FE0000FE0000FE0000FB6
:202DC000E0000FE0000FE0000FE00007DFFFFB3FFFFC1FFFFB00000700000F00000F0000EE
:202DE0000F00000F00000F00000F00000F00000F00000F00000F00000F00000F00000F002E
:202E000000070000033FFFFC3FFFFCDFFFF8EFFFF0E00000E00000E00000E00000E0000020
:202E2000E00000E00000E00000E00000E00000E00000E00000E00000E00000DFFFF83FFF9E
:202E4000FC1FFFFB00000700000F00000F00000F00000F00000F00000F00000F00000F00DE
:202E6000000F00000F00000F00000F00000F0FFFF71FFFFB3FFFFC3FFFFC3FFFFC3FFFFC01
:202E8000DFFFF8EFFFF0E00000E00000E00000E00000E00000E00000E00000E00000E0009E
:202EA00000E00000E00000E00000E00000E00000DFFFF83FFFFC9FFFFBC00007E0000FE073
:202EC000000FE0000FE0000FE0000FE0000FE0000FE0000FE0000FE0000FE0000FE0000F8D
:202EE000E0000FEFFFF7DFFFFB3FFFFC3FFFFC3FFFFC3FFFFCDFFFFBEFFFF7E0000FE000B0
:202F00000FE0000FE0000FE0000FE0000FE0000FE0000FE0000FE0000FE0000FE0000FE06C
:202F2000000FE00007C0000300000000000300000700000F00000F00000F00000F00000F83
:202F400000000F00000F00000F00000F00000F00000F00000F00000F0000070000033FFFB1
:202F6000FC3FFFFCDFFFFBEFFFF7E0000FE0000FE0000FE0000FE0000FE0000FE0000FE0F4
:202F8000000FE0000FE0000FE0000FE0000FE0000FE00007DFFFFB3FFFFC9FFFFBC000071D
:202FA000E0000FE0000FE0000FE0000FE0000FE0000FE0000FE0000FE0000FE0000FE000DB
:202FC0000FE0000FE0000FEFFFF7DFFFFB3FFFFC3FFFFC3FFFFC3FFFFCDFFFFBEFFFF7E0C0
:202FE000000FE0000FE0000FE0000FE0000FE0000FE0000FE0000FE0000FE0000FE0000F6C
:20300000E0000FE0000FE00007DFFFFB3FFFFC1FFFFB00000700000F00000F00000F00008B
:203020000F00000F00000F00000F00000F00000F00000F00000F00000F00000F0FFFF71FD6
:20304000FFFB3FFFFC3FFFFC7BDEF0000000000000007BDEF0FFE0180601806018060180F3
:2030600060180601806018060180601806018060180601807FF0FFE01806018060180601E8
:203080008060180601806018060180601806018060180601807FF0FFE01806018060180649
:2030A000018060180601806018060180601806018060180601807FF0FFE01806018060182E
:2030C00006018060180601806018060180601806018060180601807FF0FFE0180601806020
:2030E0001806018060180601806018060180601806018060180601807FF0FFE01806018048
:20310000601806018060180601806018060180601806018060180601807FF03FFFFC3FFFCD
:20312000FCDFFFFBEFFFF7E0000FE0000FE0000FE0000FE0000FE0000FE0000FE0000FE07D
:20314000000FE0000FE0000FE0000FE0000FE00007DFFFFB3FFFFC9FFFFBC00007E0000F5B
:20316000E0000FE0000FE0000FE0000FE0000FE0000FE0000FE0000FE0000FE0000FE00019
:203180000FE0000FE00007C00003C00000E00000E00000E00000E00000E00000E00000E0A7
:2031A0000000E00000E00000E00000E00000E00000E00000E00000E00000DFFFF83FFFFCFF
:2031C0009FFFFBC00007E0000FE0000FE0000FE0000FE0000FE0000FE0000FE0000FE00037
:2031E0000FE0000FE0000FE0000FE0000FEFFFF7DFFFFB3FFFFC3FFFFC1FFFF8FFFFF9FFC6
:20320000FFB00000E0000380000E0000380000E0000380000E0000380000E0000380000E3C
:203220000000380000E00003BFFFCDFFFF8FFFFF3FFFFC00000300000700000F00000F00FB
:20324000000F00000F00000F00000F00000F00000F00000F00000F00000F00000F00000FC9
:203260000000071FFFFB3FFFFC9FFFFBC00007E0000FE0000FE0000FE0000FE0000FE00009
:203280000FE0000FE0000FE0000FE0000FE0000FE0000FE0000FEFFFF7DFFFFB3FFFFC3F5F
:2032A000FFFC3FFFFCFFFFFDFFFFBBFFFCE0000380000E0000380000E0000380000E000010
:2032C000380000E0000380000E0000380000E0000380000DFFFF8FFFFF9FFFFB00000E006B
:2032E00000380000E0000380000E0000380000E0000380000E0000380000E0000380000ED3
:2033000000003BFFFCDFFFF8FFFFF3FFFFC03FFFFCFFFFFDFFFFBBFFFCE0000380000E0098
:2033200000380000E0000380000E0000380000E0000380000E0000380000E0000380000D93
:20334000FFFF8FFFFF9FFFFB00000E0000380000E0000380000E0000380000E000038000F7
:203360000E0000380000E0000380000E0000380000C000003FFFFC3FFFFCDFFFF8EFFFF076
:20338000E00000E00000E00000E00000E00000E00000E00000E00000E00000E00000E0008D
:2033A00000E00000E00000E00000C00000000000800003C00007E0000FE0000FE0000FE0B6
:2033C000000FE0000FE0000FE0000FE0000FE0000FE0000FE0000FE0000FE0000FEFFFF792
:2033E000DFFFFB3FFFFC3FFFFCC00000E00000E00000E00000E00000E00000E00000E000A0
:2034000000E00000E00000E00000E00000E00000E00000E00000E00000DFFFF83FFFFC9FFD
:20342000FFFBC00007E0000FE0000FE0000FE0000FE0000FE0000FE0000FE0000FE0000F64
:20344000E0000FE0000FE0000FE0000FE00007C0000337FFFFFFFFFFFFF7300000030000AB
:203460000700000F00000F00000F00000F00000F00000F00000F00000F00000F00000F00AF
:20348000000F00000F00000F000007000003000000800003C00007E0000FE0000FE0000FDE
:2034A000E0000FE0000FE0000FE0000FE0000FE0000FE0000FE0000FE0000FE0000FEFFFC8
:2034C000F7DFFFFB3FFFFC3FFFFC3FFFFC3FFFFCDFFFF8EFFFF0E00000E00000E00000E000
:2034E0000000E00000E00000E00000E00000E00000E00000E00000E00000E00000E000000C
:20350000DFFFF83FFFFC9FFFFBC00007E0000FE0000FE0000FE0000FE0000FE0000FE000C1
:203520000FE0000FE0000FE0000FE0000FE0000FE0000FE00007C00003C0000380000E00E7
:2035400000380000E0000380000E0000380000E0000380000E0000380000E0000380000E70
:203560000000380000C000000000080000300000E0000380000E0000380000E0000380000F
:203580000E0000380000E0000380000E0000380000E00003BFFFCDFFFF8FFFFF3FFFFC3FCA
:2035A000FFFC3FFFFCDFFFFBEFFFF7E0000FE0000FE0000FE0000FE0000FE0000FE0000F8F
:2035C000E0000FE0000FE0000FE0000FE0000FE0000FE00007C00003000000800003C00064
:2035E00007E0000FE0000FE0000FE0000FE0000FE0000FE0000FE0000FE0000FE0000FE08E
:20360000000FE0000FE0000FE00007C000031FFFF83FFFFC9FFFFBC00007E0000FE0000F85
:20362000E0000FE0000FE0000FE0000FE0000FE0000FE0000FE0000FE0000FE0000FE00054
:203640000FE00007C000031FFFF83FFFFC9FFFFBC00007E0000FE0000FE0000FE0000FE065
:20366000000FE0000FE0000FE0000FE0000FE0000FE0000FE0000FE0000FEFFFF7DFFFFB05
:203680003FFFFC3FFFFC3FFFFC3FFFFCDFFFFBEFFFF7E0000FE0000FE0000FE0000FE000E8
:2036A0000FE0000FE0000FE0000FE0000FE0000FE0000FE0000FE0000FE00007DFFFFB3F84
:2036C000FFFC9FFFF8C00000E00000E00000E00000E00000E00000E00000E00000E0000099
:2036E000E00000E00000E00000E00000E00000E00000C000003FFFFC3FFFFCDFFFFBEFFF8F
:20370000F7E0000FE0000FE0000FE0000FE0000FE0000FE0000FE0000FE0000FE0000FE07C
:20372000000FE0000FE0000FE00007DFFFFB3FFFFC1FFFFB00000700000F00000F00000F55
:2037400000000F00000F00000F00000F00000F00000F00000F00000F00000F00000F0000D3
:20376000070000031FFFF8FFFFF9FFFFB00000E0000380000E0000380000E0000380000E6A
:203780000000380000E0000380000E0000380000E0000380000C000000C00000E00000E059
:2037A0000000E00000E00000E00000E00000E00000E00000E00000E00000E00000E0000049
:2037C000E00000E00000E00000DFFFF83FFFFC1FFFFB00000700000F00000F00000F0000EC
:2037E0000F00000F00000F00000F00000F00000F00000F00000F00000F00000F0FFFF71F0F
:20380000FFFB3FFFFC3FFFFCC0000380000E0000380000E0000380000E0000380000E00028
:203820000380000E0000380000E0000380000E0000380000DFFFF8FFFFF9FFFFB00000E0BB
:20384000000380000E0000380000E0000380000E0000380000E0000380000E00003800004D
:20386000E00003BFFFCDFFFF8FFFFF3FFFFC800003C00007E0000FE0000FE0000FE0000F0F
:20388000E0000FE0000FE0000FE0000FE0000FE0000FE0000FE0000FE0000FEFFFF7DFFFFE
:2038A000FB3FFFFC3FFFFCC00003E00007E0000FE0000FE0000FE0000FE0000FE0000FE075
:2038C000000FE0000FE0000FE0000FE0000FE0000FE0000FE00007C0000300000080000312
:2038E000C00007E0000FE0000FE0000FE0000FE0000FE0000FE0000FE0000FE0000FE000BA
:203900000FE0000FE0000FE0000FEFFFF7DFFFFB3FFFFC3FFFFCC00003E00007E0000FE020
:20392000000FE0000FE0000FE0000FE0000FE0000FE0000FE0000FE0000FE0000FE0000F22
:20394000E0000FE00007DFFFFB3FFFFC9FFFFBC00007E0000FE0000FE0000FE0000FE00082
:203960000FE0000FE0000FE0000FE0000FE0000FE0000FE0000FE0000FEFFFF7DFFFFB3FC3
:20398000FFFC3FFFFCC00003E00007E0000FE0000FE0000FE0000FE0000FE0000FE0000FBF
:2039A000E0000FE0000FE0000FE0000FE0000FE0000FE00007DFFFFB3FFFFC9FFFFBC0001A
:2039C00007E0000FE0000FE0000FE0000FE0000FE0000FE0000FE0000FE0000FE0000FE0AA
:2039E000000FE0000FE0000FE00007C00003C00003E00007E0000FE0000FE0000FE0000FCA
:203A0000E0000FE0000FE0000FE0000FE0000FE0000FE0000FE0000FE0000FE00007DFFF7A
:203A2000FB3FFFFC1FFFFB00000700000F00000F00000F00000F00000F00000F00000F00C8
:203A4000000F00000F00000F00000F00000F00000F0FFFF71FFFFB3FFFFC3FFFFC3FFFFC40
:203A60003FFFFC1FFFFB0FFFF700000F00000F00000F00000F00000F00000F00000F000085
:203A80000F00000F00000F00000F00000F00000F000007000003000000800000C00000E0A2
:203AA0000000E00000E00000E00000E00000E00000E00000E00000E00000E00000E0000046
:203AC000E00000E00000EFFFF0DFFFF83FFFFC3FFFFCFFE018060180601806018060180603
:203AE00001806018060180601806018060180601807FF0FFE01806018060180601806018E4
:203B00000601806018060180601806018060180601807FF0FFE018060180601806018060D5
:203B2000180601806018060180601806018060180601807FF0FFE0180601806018060180FD
:203B400060180601806018060180601806018060180601807FF03FFFC7FFFEFFFFFFFFFFFD
:203B6000FFE018060180601806018060180601806018060180601806018060180601807F4D
:203B8000F03FFFFC3FFFFCDFFFFBEFFFF7E0000FE0000FE0000FE0000FE0000FE0000FE089
:203BA000000FE0000FE0000FE0000FE0000FE0000FE0000FE00007DFFFFB3FFFFC9FFFFBC9
:203BC000C00007E0000FE0000FE0000FE0000FE0000FE0000FE0000FE0000FE0000FE000D7
:203BE0000FE0000FE0000FE0000FE00007C00003C00000E00000E00000E00000E00000E01F
:203C00000000E00000E00000E00000E00000E00000E00000E00000E00000E00000E00000E4
:203C2000DFFFF83FFFFC9FFFFBC00007E0000FE0000FE0000FE0000FE0000FE0000FE0009A
:203C40000FE0000FE0000FE0000FE0000FE0000FE0000FEFFFF7DFFFFB3FFFFC3FFFFC1F6A
:203C6000FFF8FFFFF9FFFFB00000E0000380000E0000380000E0000380000E000038000056
:203C8000E0000380000E0000380000E00003BFFFCDFFFF8FFFFF3FFFFC000003000007003E
:203CA000000F00000F00000F00000F00000F00000F00000F00000F00000F00000F00000F5F
:203CC00000000F00000F0000071FFFFB3FFFFC9FFFFBC00007E0000FE0000FE0000FE0005F
:203CE0000FE0000FE0000FE0000FE0000FE0000FE0000FE0000FE0000FE0000FEFFFF7DF8A
:203D0000FFFB3FFFFC3FFFFC3FFFFCFFFFFDFFFFBBFFFCE0000380000E0000380000E000C3
:203D20000380000E0000380000E0000380000E0000380000E0000380000DFFFF8FFFFF9F77
:203D4000FFFB00000E0000380000E0000380000E0000380000E0000380000E0000380000D1
:203D6000E0000380000E00003BFFFCDFFFF8FFFFF3FFFFC03FFFFCFFFFFDFFFFBBFFFCE04E
:203D8000000380000E0000380000E0000380000E0000380000E0000380000E000038000008
:203DA000E0000380000DFFFF8FFFFF9FFFFB00000E0000380000E0000380000E0000380080
:203DC00000E0000380000E0000380000E0000380000E0000380000C000003FFFFC3FFFFC5D
:203DE000DFFFF8EFFFF0E00000E00000E00000E00000E00000E00000E00000E00000E0002F
:203E000000E00000E00000E00000E00000E00000C00000000000800003C00007E0000FE069
:203E2000000FE0000FE0000FE0000FE0000FE0000FE0000FE0000FE0000FE0000FE0000F1D
:203E4000E0000FEFFFF7DFFFFB3FFFFC3FFFFCC00000E00000E00000E00000E00000E00021
:203E600000E00000E00000E00000E00000E00000E00000E00000E00000E00000E00000DFA3
:203E8000FFF83FFFFC9FFFFBC00007E0000FE0000FE0000FE0000FE0000FE0000FE0000F08
:203EA000E0000FE0000FE0000FE0000FE0000FE0000FE00007C0000337FFFFFFFFFFFFF796
:203EC0003000000300000700000F00000F00000F00000F00000F00000F00000F00000F0030
:203EE000000F00000F00000F00000F00000F000007000003000000800003C00007E0000F34
:203F0000E0000FE0000FE0000FE0000FE0000FE0000FE0000FE0000FE0000FE0000FE0006B
:203F20000FE0000FEFFFF7DFFFFB3FFFFC3FFFFC3FFFFC3FFFFCDFFFF8EFFFF0E00000E069
:203F40000000E00000E00000E00000E00000E00000E00000E00000E00000E00000E00000A1
:203F6000E00000E00000DFFFF83FFFFC9FFFFBC00007E0000FE0000FE0000FE0000FE00075
:203F80000FE0000FE0000FE0000FE0000FE0000FE0000FE0000FE0000FE00007C00003C030
:203FA000000380000E0000380000E0000380000E0000380000E0000380000E0000380000E6
:203FC000E0000380000E0000380000C000000000080000300000E0000380000E0000380097
:203FE00000E0000380000E0000380000E0000380000E0000380000E00003BFFFCDFFFF8F74
:20400000FFFF3FFFFC3FFFFC3FFFFCDFFFFBEFFFF7E0000FE0000FE0000FE0000FE0000F8B
:20402000E0000FE0000FE0000FE0000FE0000FE0000FE0000FE0000FE00007C0000300005E
:2040400000800003C00007E0000FE0000FE0000FE0000FE0000FE0000FE0000FE0000FE0BE
:20406000000FE0000FE0000FE0000FE0000FE00007C000031FFFF83FFFFC9FFFFBC000071B
:20408000E0000FE0000FE0000FE0000FE0000FE0000FE0000FE0000FE0000FE0000FE000EA
:2040A0000FE0000FE0000FE00007C000031FFFF83FFFFC9FFFFBC00007E0000FE0000FE0FB
:2040C000000FE0000FE0000FE0000FE0000FE0000FE0000FE0000FE0000FE0000FE0000F7B
:2040E000EFFFF7DFFFFB3FFFFC3FFFFC3FFFFC3FFFFCDFFFFBEFFFF7E0000FE0000FE0009E
:204100000FE0000FE0000FE0000FE0000FE0000FE0000FE0000FE0000FE0000FE0000FE05A
:204120000007DFFFFB3FFFFC9FFFF8C00000E00000E00000E00000E00000E00000E00000CF
:20414000E00000E00000E00000E00000E00000E00000E00000E00000C000003FFFFC3FFF27
:20416000FCDFFFFBEFFFF7E0000FE0000FE0000FE0000FE0000FE0000FE0000FE0000FE02D
:20418000000FE0000FE0000FE0000FE0000FE00007DFFFFB3FFFFC1FFFFB00000700000F2B
:2041A00000000F00000F00000F00000F00000F00000F00000F00000F00000F00000F000069
:2041C0000F00000F0000070000031FFFF8FFFFF9FFFFB00000E0000380000E000038000053
:2041E000E0000380000E0000380000E0000380000E0000380000E0000380000C000000C03E
:204200000000E00000E00000E00000E00000E00000E00000E00000E00000E00000E00000DE
:20422000E00000E00000E00000E00000E00000DFFFF83FFFFC1FFFFB00000700000F0000DF
:204240000F00000F00000F00000F00000F00000F00000F00000F00000F00000F00000F00B9
:20426000000F0FFFF71FFFFB3FFFFC3FFFFCC0000380000E0000380000E0000380000E00A3
:2042800000380000E0000380000E0000380000E0000380000E0000380000DFFFF8FFFFF9C7
:2042A000FFFFB00000E0000380000E0000380000E0000380000E0000380000E0000380009B
:2042C0000E0000380000E00003BFFFCDFFFF8FFFFF3FFFFC800003C00007E0000FE0000F3D
:2042E000E0000FE0000FE0000FE0000FE0000FE0000FE0000FE0000FE0000FE0000FE00088
:204300000FEFFFF7DFFFFB3FFFFC3FFFFCC00003E00007E0000FE0000FE0000FE0000FE016
:20432000000FE0000FE0000FE0000FE0000FE0000FE0000FE0000FE0000FE00007C000034C
:20434000000000800003C00007E0000FE0000FE0000FE0000FE0000FE0000FE0000FE000AA
:204360000FE0000FE0000FE0000FE0000FE0000FEFFFF7DFFFFB3FFFFC3FFFFCC00003E0AE
:204380000007E0000FE0000FE0000FE0000FE0000FE0000FE0000FE0000FE0000FE0000FC0
:2043A000E0000FE0000FE0000FE00007DFFFFB3FFFFC9FFFFBC00007E0000FE0000FE00018
:2043C0000FE0000FE0000FE0000FE0000FE0000FE0000FE0000FE0000FE0000FE0000FEF89
:2043E000FFF7DFFFFB3FFFFC3FFFFCC00003E00007E0000FE0000FE0000FE0000FE0000F25
:20440000E0000FE0000FE0000FE0000FE0000FE0000FE0000FE0000FE00007DFFFFB3FFF26
:20442000FC9FFFFBC00007E0000FE0000FE0000FE0000FE0000FE0000FE0000FE0000FE0C8
:20444000000FE0000FE0000FE0000FE0000FE00007C00003C00003E00007E0000FE0000F5F
:20446000E0000FE0000FE0000FE0000FE0000FE0000FE0000FE0000FE0000FE0000FE00006
:204480000FE00007DFFFFB3FFFFC1FFFFB00000700000F00000F00000F00000F00000F00A8
:2044A000000F00000F00000F00000F00000F00000F00000F00000F0FFFF71FFFFB3FFFFC2C
:2044C0003FFFFC3FFFFC3FFFFC1FFFFB0FFFF700000F00000F00000F00000F00000F0000C5
:2044E0000F00000F00000F00000F00000F00000F00000F00000F00000700000300000080BA
:204500000000C00000E00000E00000E00000E00000E00000E00000E00000E00000E00000FB
:20452000E00000E00000E00000E00000EFFFF0DFFFF83FFFFC3FFFFCFFE0180601806018DD
:2045400006018060180601806018060180601806018060180601807FF0FFE018060180608B
:204560001806018060180601806018060180601806018060180601807FF0FFE018060180B3
:20458000601806018060180601806018060180601806018060180601807FF0FFE0180601B3
:2045A00080601806018060180601806018060180601806018060180601807FF00000000011
:2045C0000500010000020D0602F4040005040601F407000A0C0A00F5160009100A01F32851
:2045E00000100D1001F442000B0D0C01F4540002040401F4550004110601F45E000411060D
:2046000001F4670005050701F46B0006080B03F971000204050200720004010601FC73004D
:2046200002010501007400050D0500F47D00080D0A01F48A00040D0A03F49100090D0A0113
:20464000F4A000080D0A01F4AD00070D0A02F4B900090D0A01F4C800090D0A01F4D7000867
:204660000D0A00F4E400090D0A01F4F300080D0A01F40001020A0501F70301030C0501F814
:20468000080109090B01F8130109040B01FB180109090B01F82301090D0A01F43201111017
:2046A0001201F454010C0D0C00F468010B0D0C01F47A010B0D0D01F48C010B0D0D01F49E29
:2046C00001090D0B01F4AD01080D0B01F4BA010C0D0E01F4CE010B0D0D01F4E001020D054B
:2046E00002F4E401070D0A01F4F0010B0D0C01F40202080D0A01F40F020D0D0F01F4250254
:204700000B0D0D01F437020D0D0E01F44D020A0D0C01F45E020D0E0E01F475020C0D0D01A6
:20472000F489020A0D0C01F49A02090D0B01F4A9020B0D0D01F4BB020B0D0C00F4CD0211B6
:204740000D1100F4E9020C0D0C00F4FD020C0D0C00F411030A0D0B01F4220303110501F4CD
:204760002903050D0500F4320303110500F4390307070801F440030A010A000342030403D2
:204780000500F44403090A0A01F75003090D0A01F45F03080A0901F76903080D0A01F476F1
:2047A00003080A0A01F78003040D0501F48703080E0A01F79503080D0A01F4A203020D044E
:2047C00001F4A60304110400F4AF03090D0901F4BE03020D0401F4C2030D0A0F01F7D303E6
:2047E000080A0A01F7DD03080A0A01F7E703090D0A01F7F603080D0A01F70304050A060182
:20480000F70A04080A0901F71404040C0501F51A04080A0A01F72404090A0900F730040DAF
:204820000A0D00F74104080A0900F74B04090E0900F75B04070A0901F7640404110601F4C4
:204840006D0402110402F4720404110601F47B0407030901F9FFFFF8C0DEF72009864191BC
:20486000FF1304C320C8FF89826190101F14DA3D1E8340781708F47A3533F040203810EC50
:2048800020C620C640C6406C803900013C0277026304630477083C0E0660CC1981E0180FBF
:2048A0000336C2D8730631E3C4FE13266CCCCCC46623108C4663333332664C80257EA500F5
:2048C00030C33F30C30CD6F0C00844211084421108003C6642C3C3C3C3C3C3C342663C1197
:2048E0003F33333333303E31B07830181C1C1C1818100807F83C66C3C303061C0703C3C326
:20490000663C0C187162C9A346FE183060C07F2010080807F38C030180F06C63E01E319897
:20492000780C06F38D83C1E0D06C63E0FF030206040C081818181030303E31B0783C1B18EA
:20494000F8C6C1E0F06C63E03C66C2C3C3C3673B0303C2663CC00030C0000064A00081C7A4
:204960008E0C0780700E0180FF80001FF000700E01C0183871C080003E31B078301818381A
:2049800018180C0000018003F0060E06018600661DBB31CF18C79863CC31E611B399CCF7AB
:2049A000860001800070400FE00600F00F009019819810830C3FC204606606C030FF1833E0
:2049C00003606C0D833FC606C0780F01E06FF81F861981A03C0180300600C0680D831861DB
:2049E000F0FF183303603C0780F01E03C0780F0360CFF0FFE030180C0603FD80C0603018BC
:204A00000FF8FFC0C0C0C0C0FEC0C0C0C0C0C00F830E606603C00C00C1FC03C03603607391
:204A20000F0F10C0780F01E03C0780FFFE03C0780F01E03C06FFFFFFC0060C183060C18338
:204A4000078F1E2780C0D8330C630CC1B83F0730C3186306606C0CC0C0C0C0C0C0C0C0C0EA
:204A6000C0C0C0FFE03F01FC1FE0FD05EC6F637913CD9E6CF1478E3C7180E07C0FC1E83D75
:204A80008798F11E33C3786F07E07C0E0F8183180CC06C01E00F007803C01B01980C60C02C
:204AA000F800FF306C0F03C0F06FF300C0300C0300C0000F8183180CC06C01E00F007803B2
:204AC000C01B01986C60C0FB0008FF8C0EC06C06C06C0CFF8C0EC06C06C06C06C0703F184C
:204AE0006C0F03C01E01F00E00F03C0D863F00FF86030180C06030180C06030180C0C0785E
:204B00000F01E03C0780F01E03C0780F01B061F0C06C0D8110630C610460CC1901603C0701
:204B20000060C18130E19870CC286626211330C8986C4C14340A1A070703038081806063FA
:204B40000C30C1980F00E00600F019019830C60E6060C0360630C30C1981D80F0060060083
:204B6000600600600600FFC060300C060301C0603018060300FFC0FB6DB6DB6DB6E0841044
:204B800084108410841080EDB6DB6DB6DBE03060A244D8A180FFC0C6307E71B0C060F3DBCC
:204BA0000D86C73DC0C060301BCE360F0783C1E0F07C6DE03C66C3C0C0C0C0C3663C03036C
:204BC000033B67C3C3C3C3C3C3673B3C66C3C3FFC0C0C3663C366F66666666603B67C3C32B
:204BE000C3C3C3C3673B0303C67CC0C0C0DEE3C3C3C3C3C3C3C3C3C3FFFFC0300333333359
:204C0000333333E0C06030184C466361F0EC6231986C30FFFFFFC0DEF71CF0C7863C31E181
:204C20008F0C7863C31E18C0DEE3C3C3C3C3C3C3C3C33C66C3C3C3C3C3C3663CDE71B0781F
:204C40003C1E0F0783E36F30180C003B67C3C3C3C3C3C3673B030303DF318C6318C6003EC1
:204C6000E3C0C0E03C07C3E37E66F666666667C3C3C3C3C3C3C3C3C77BC1A098CC4221B063
:204C8000D0281C0C00C61E3891C4CA66D316D0A6871C38C0C6004362361C181C3C26624361
:204CA000C12198CC4261B0D0381C0C0603010300FE0C30C1861820C1FC3666666ECE66669E
:204CC0006630FFFFFFFFC0C666666737666666C06124380000010106000001000101180080
:204CE00000020008130B01EE150008130B01EE280008130B01EE3B0008130B01EE4E000890
:204D0000130B01EE610008130B01EE740008130B01EE870008130B01EE9A0008130B01EE3C
:204D2000AD0008130B01EEC00008130B01EED3000F031804F1D900040400FEFDDB00081318
:204D40000B01EEEE00121D1803E43001031B1812E53B01121D1803E47D01111D1804E4BB0E
:204D600001121B1803E5F801121D1803E43A02121D1803E47C02121C1803E4BB02121D18C5
:204D800003E4FD02121D1803E43F0304100601EB470308130B01EE5A0308130B01EE6D0376
:204DA00008130B01EE800308130B01EE930308130B01EEA60308130B01EEB903121C1803D8
:204DC000E4F803121C1803E5370410101803F15704121C1803E59604101D1803E4D004102C
:204DE0001C1803E40805121D1803E44A05121B1803E58705030D1812F38C05121C1803E569
:204E0000CB05121C1803E40A06101C1803E54206121C1803E48106120F1803F1A306121065
:204E20001803F1C706121C1803E40607121C1803E44507100F1803F16307121C1803E5A281
:204E400007101C1803E5DA07120E1803F3FA07121C1803E53908121C1803E57808121B18AD
:204E600003E5B508121C1803E5F408121D1803E4360908130B01EE490908130B01EE5C0915
:204E800008130B01EE6F0908130B01EE82090F031804FE880908130B01EE9B09121C180326
:204EA000E4DA09121C1803E5190A10101803F1390A121C1803E5780A101D1803E4B20A10C3
:204EC0001C1803E4EA0A121D1803E42C0B121B1803E5690B030D1812F36E0B121C1803E5E9
:204EE000AD0B121C1803E4EC0B101C1803E5240C121C1803E4630C120F1803F1850C1210FE
:204F00001803F1A90C121C1803E4E80C121C1803E4270D100F1803F1450D121C1803E5841F
:204F20000D101C1803E5BC0D120E1803F3DC0D121C1803E51B0E121C1803E55A0E121B1826
:204F400003E5970E121C1803E5D60E121D1803E4180F08130B01EE2B0F08130B01EE3E0FAC
:204F600008130B01EE510F08130B01EE0000FF818181818181818181818181818181818117
:204F8000FFFF8181818181818181818181818181818181FFFF8181818181818181818181F9
:204FA000818181818181FFFF8181818181818181818181818181818181FFFF8181818181D9
:204FC000818181818181818181818181FFFF8181818181818181818181818181818181FF37
:204FE000FF8181818181818181818181818181818181FFFF81818181818181818181818117
:205000008181818181FFFF8181818181818181818181818181818181FFFF81818181818178
:205020008181818181818181818181FFFF8181818181818181818181818181818181FF7FD8
:20504000FDFFFDFFF00FF6FF8181818181818181818181818181818181FF3FFF0FFFCDFFBC
:20506000EF8007E001F8007E001F8007E001F8007E001F8007C001E0003000020003C00129
:20508000F8007E001F8007E001F8007E001F8007E001F8007DFFECFFFC3FFF000FFFFFFF71
:2050A000F61FFFFFFFEC003FFF0FFFC1FFEC00070001C00070001C00070001C00070001C52
:2050C00000070001CFFFB7FFF2FFF8C00038000E00038000E00038000E00038000E0003811
:2050E000000DFFE0FFFC3FFF007FFE3FFF0FFF6000700038001C000E000700038001C00045
:20510000E00070003BFFEFFFF8FFFB00038001C000E000700038001C000E000700038001A4
:20512000CFFF6FFFC7FFE0000030003E001F8007E001F8007E001F8007E001F8007E001F06
:205140000007BFFEDFFFC3FFEC00070001C00070001C00070001C00070001C00070001C08F
:20516000003000003FFF0FFFCDFFE38000E00038000E00038000E00038000E00038000C072
:20518000002FFF87FFF0FFFB0001C00070001C00070001C00070001C00070001C00071FF98
:2051A000ECFFFC3FFF003FFF0FFFCDFFE38000E00038000E00038000E00038000E000380FD
:2051C00000C0002FFF87FFF2FFFBC001F8007E001F8007E001F8007E001F8007E001F800BC
:2051E0007DFFECFFFC3FFF003FFF0FFFCDFFEF8007E001F8007E001F8007E001F8007E002C
:205200001F8007C001E00030000000030001C00070001C00070001C00070001C000700016B
:20522000C00070000C00003FFF0FFFCDFFEF8007E001F8007E001F8007E001F8007E001F31
:205240008007C001EFFFB7FFF2FFFBC001F8007E001F8007E001F8007E001F8007E001F8C3
:20526000007DFFECFFFC3FFF003FFF0FFFCDFFEF8007E001F8007E001F8007E001F8007EAB
:20528000001F8007C001EFFFB7FFF0FFFB0001C00070001C00070001C00070001C00070071
:2052A00001C00071FFECFFFC3FFF006FF6000000006FF6FF818181818181818181818181C3
:2052C0008181818181FFFF8181818181818181818181818181818181FFFF818181818181B6
:2052E0008181818181818181818181FFFF8181818181818181818181818181818181FFFF96
:205300008181818181818181818181818181818181FFFF8181818181818181818181818171
:2053200081818181FF3FFF0FFFCDFFEF8007E001F8007E001F8007E001F8007E001F8007E2
:20534000C001EFFFB7FFF2FFFBC001F8007E001F8007E001F8007E001F8007E001F8007CCD
:20536000000C0000000030000E00038000E00038000E00038000E00038000E00030000BFCF
:20538000FE1FFFCBFFEF0007E001F8007E001F8007E001F8007E001F8007E001F7FFB3FFAE
:2053A000F0FFFC3FFE7FFFBFFEC000E000E000E000E000E000E000E000E000E000DFFE3FCE
:2053C000FF3FFF0000000030001C00070001C00070001C00070001C00070001C00073FFE58
:2053E000DFFFCBFFEF0007E001F8007E001F8007E001F8007E001F8007E001F7FFB3FFF09C
:20540000FFFC3FFF3FFFDFFEE000E000E000E000E000E000E000E000E000C000BFFE7FFF5D
:20542000BFFEC000E000E000E000E000E000E000E000E000E000DFFE3FFF3FFF3FFF3FFF3A
:20544000DFFEE000E000E000E000E000E000E000E000E000C000BFFE7FFFBFFEC000E00037
:20546000E000E000E000E000E000E000E000E000C00000003FFF0FFFCDFFE38000E00038D9
:20548000000E00038000E00038000E00038000C00020000000020003C001F8007E001F8017
:2054A00007E001F8007E001F8007E001F8007DFFECFFFC3FFF00000030000E00038000E0CD
:2054C0000038000E00038000E00038000E00030000BFFE1FFFCBFFEF0007E001F8007E00E8
:2054E0001F8007E001F8007E001F8007E001F0003000007FFFFFFFB00000000030001C0090
:20550000070001C00070001C00070001C00070001C00070000C00008000F0007E001F80025
:205520007E001F8007E001F8007E001F8007E001F7FFB3FFF0FFFC3FFF0FFFCDFFE380005B
:20554000E00038000E00038000E00038000E00038000C0002FFF87FFF2FFFBC001F8007E62
:20556000001F8007E001F8007E001F8007E001F8007C000C00000000C000E000E000E000C7
:20558000E000E000E000E000E000E000C000800000008000C000E000E000E000E000E000EB
:2055A000E000E000E000E000DFFE3FFF3FFF3FFF0FFFCDFFEF8007E001F8007E001F800787
:2055C000E001F8007E001F8007C001E0003000020003C001F8007E001F8007E001F8007EC4
:2055E000001F8007E001F8007C000C00003FFE1FFFCBFFEF0007E001F8007E001F8007E0AC
:2056000001F8007E001F8007E001F0003000003FFE1FFFCBFFEF0007E001F8007E001F805B
:2056200007E001F8007E001F8007E001F7FFB3FFF0FFFC3FFF0FFFCDFFEF8007E001F8008B
:205640007E001F8007E001F8007E001F8007C001EFFFB7FFF2FFF8C00038000E0003800052
:20566000E00038000E00038000E00038000C000000003FFF0FFFCDFFEF8007E001F8007E78
:20568000001F8007E001F8007E001F8007C001EFFFB7FFF0FFFB0001C00070001C000700C4
:2056A00001C00070001C00070001C00070000C00003FFE7FFFBFFEC000E000E000E000E0A1
:2056C00000E000E000E000E000E000C0000000000030000E00038000E00038000E00038040
:2056E00000E00038000E00030000BFFE1FFFC3FFEC00070001C00070001C00070001C000DC
:2057000070001C00070001C7FFB3FFF0FFFC0000C000E000E000E000E000E000E000E000B2
:20572000E000E000C000BFFE7FFFBFFEC000E000E000E000E000E000E000E000E000E00051
:20574000DFFE3FFF3FFF8000F0007E001F8007E001F8007E001F8007E001F8007E001F7F6A
:20576000FB3FFF0FFFC0000030003E001F8007E001F8007E001F8007E001F8007E001F009B
:20578000078000C00008000F0007E001F8007E001F8007E001F8007E001F8007E001F7FFD3
:2057A000B3FFF0FFFC000030003E001F8007E001F8007E001F8007E001F8007E001F0007BE
:2057C000BFFEDFFFCBFFEF0007E001F8007E001F8007E001F8007E001F8007E001F7FFB3EA
:2057E000FFF0FFFC000030003E001F8007E001F8007E001F8007E001F8007E001F0007BF72
:20580000FEDFFFCBFFEF0007E001F8007E001F8007E001F8007E001F8007E001F0003000F1
:2058200000000030003E001F8007E001F8007E001F8007E001F8007E001F0007BFFEDFFF3F
:20584000C3FFEC00070001C00070001C00070001C00070001C00070001C7FFB3FFF0FFFC87
:205860003FFF0FFFC1FFEC00070001C00070001C00070001C00070001C00070001C0003090
:2058800000020000C00038000E00038000E00038000E00038000E00038000DFFE0FFFC3F96
:2058A000FF00FF8181818181818181818181818181818181FFFF8181818181818181818151
:2058C00081818181818181FFFF8181818181818181818181818181818181FFFF81818181B0
:2058E00081818181818181818181818181FF3FFCFFFDFFF8FF818181818181818181818164
:20590000818181818181FF3FFF0FFFCDFFEF8007E001F8007E001F8007E001F8007E001F81
:205920008007C001EFFFB7FFF2FFFBC001F8007E001F8007E001F8007E001F8007E001F8DC
:20594000007C000C0000000030000E00038000E00038000E00038000E00038000E0003002C
:2059600000BFFE1FFFCBFFEF0007E001F8007E001F8007E001F8007E001F8007E001F7FFBB
:20598000B3FFF0FFFC3FFE7FFFBFFEC000E000E000E000E000E000E000E000E000E000DF73
:2059A000FE3FFF3FFF0000000030001C00070001C00070001C00070001C00070001C000772
:2059C0003FFEDFFFCBFFEF0007E001F8007E001F8007E001F8007E001F8007E001F7FFB368
:2059E000FFF0FFFC3FFF3FFFDFFEE000E000E000E000E000E000E000E000E000C000BFFE07
:205A00007FFFBFFEC000E000E000E000E000E000E000E000E000E000DFFE3FFF3FFF3FFF14
:205A20003FFFDFFEE000E000E000E000E000E000E000E000E000C000BFFE7FFFBFFEC000F3
:205A4000E000E000E000E000E000E000E000E000E000C00000003FFF0FFFCDFFE38000E04B
:205A60000038000E00038000E00038000E00038000C00020000000020003C001F8007E0098
:205A80001F8007E001F8007E001F8007E001F8007DFFECFFFC3FFF00000030000E00038028
:205AA00000E00038000E00038000E00038000E00030000BFFE1FFFCBFFEF0007E001F800A0
:205AC0007E001F8007E001F8007E001F8007E001F0003000007FFFFFFFB000000000300048
:205AE0001C00070001C00070001C00070001C00070001C00070000C00008000F0007E0011C
:205B0000F8007E001F8007E001F8007E001F8007E001F7FFB3FFF0FFFC3FFF0FFFCDFFE3FD
:205B20008000E00038000E00038000E00038000E00038000C0002FFF87FFF2FFFBC001F87A
:205B4000007E001F8007E001F8007E001F8007E001F8007C000C00000000C000E000E00043
:205B6000E000E000E000E000E000E000E000C000800000008000C000E000E000E000E00005
:205B8000E000E000E000E000E000DFFE3FFF3FFF3FFF0FFFCDFFEF8007E001F8007E001F48
:205BA0008007E001F8007E001F8007C001E0003000020003C001F8007E001F8007E001F8D5
:205BC000007E001F8007E001F8007C000C00003FFE1FFFCBFFEF0007E001F8007E001F802F
:205BE00007E001F8007E001F8007E001F0003000003FFE1FFFCBFFEF0007E001F8007E002E
:205C00001F8007E001F8007E001F8007E001F7FFB3FFF0FFFC3FFF0FFFCDFFEF8007E001FE
:205C2000F8007E001F8007E001F8007E001F8007C001EFFFB7FFF2FFF8C00038000E0003F4
:205C40008000E00038000E00038000E00038000C000000003FFF0FFFCDFFEF8007E001F890
:205C6000007E001F8007E001F8007E001F8007C001EFFFB7FFF0FFFB0001C00070001C0067
:205C8000070001C00070001C00070001C00070000C00003FFE7FFFBFFEC000E000E000E094
:205CA00000E000E000E000E000E000E000C0000000000030000E00038000E00038000E00FD
:205CC000038000E00038000E00030000BFFE1FFFC3FFEC00070001C00070001C0007000133
:205CE000C00070001C00070001C7FFB3FFF0FFFC0000C000E000E000E000E000E000E000ED
:205D0000E000E000E000C000BFFE7FFFBFFEC000E000E000E000E000E000E000E000E0006B
:205D2000E000DFFE3FFF3FFF8000F0007E001F8007E001F8007E001F8007E001F8007E0042
:205D40001F7FFB3FFF0FFFC0000030003E001F8007E001F8007E001F8007E001F8007E0036
:205D60001F00078000C00008000F0007E001F8007E001F8007E001F8007E001F8007E001C4
:205D8000F7FFB3FFF0FFFC000030003E001F8007E001F8007E001F8007E001F8007E001FE9
:205DA0000007BFFEDFFFCBFFEF0007E001F8007E001F8007E001F8007E001F8007E001F7AF
:205DC000FFB3FFF0FFFC000030003E001F8007E001F8007E001F8007E001F8007E001F00A0
:205DE00007BFFEDFFFCBFFEF0007E001F8007E001F8007E001F8007E001F8007E001F00076
:205E0000300000000030003E001F8007E001F8007E001F8007E001F8007E001F0007BFFE07
:205E2000DFFFC3FFEC00070001C00070001C00070001C00070001C00070001C7FFB3FFF0BE
:205E4000FFFC3FFF0FFFC1FFEC00070001C00070001C00070001C00070001C00070001C0DF
:205E6000003000020000C00038000E00038000E00038000E00038000E00038000DFFE0FFBB
:205E8000FC3FFF00FF8181818181818181818181818181818181FFFF818181818181818132
:205EA000818181818181818181FFFF8181818181818181818181818181818181FFFF8181CA
:205EC000818181818181818181818181818181FF000000000900010000031A0C04E70A000C
:205EE00009090C01E8150013181300E94E00101E1302E68A001D191F01E8E50014191702F5
:205F0000E8240103090702E8280108210C03E7490108210C01E76A010A0A0E02E7770110CA
:205F2000101402F1970103090A03FD9B0108030C02F69E0103040903FDA0010A1A0A00E78C
:205F4000C10110191302E8F30108191304E80C0210191302E83E0211191301E8740210190C
:205F60001301E8A60211191301E8DC0210191302E80E0310191302E8400311191301E8763D
:205F80000310191301E8A80303130903EEB00303180903EEB90311111402F0DE0311091463
:205FA00002F4F20311111402F017040F1A1303E74804201F2401E7C404161A1701E70C05EE
:205FC000131A1703E74A05161A1901E79205141A1803E7D305121A1603E70E06111A1503F1
:205FE000E74606181A1B01E79406131A1903E7D206031A0A04E7DC060E1A1201E70A07145C
:206000001A1803E74B070F1A1403E77C07181A1E03E7CA07141A1A03E70B08191A1B01E7E2
:206020005D08121A1703E79808191C1B01E7F008141A1903E73109141A1701E77209131ABE
:206040001601E7B009131A1903E7EE09151A1701E7330A201A2100E79B0A151A1701E7E002
:206060000A171A1800E72B0B131A1601E7690B06210A02E7820B0A1A0A00E7A30B06210A76
:2060800001E7BC0B0D0D1002E8D20B150213FF05D80B07050901E7DD0B11131301EE060C32
:2060A000101A1402E73A0C10131201EE600C111A1401E7980C10131301EEBE0C071A0A01FD
:2060C000E7D50C101B1301EE0B0D0F1A1302E73C0D031A0802E7460D06220900E7600D104F
:2060E0001A1202E7940D031A0702E79E0D18131C02EED70D0F131302EEFB0D11131301EEC4
:20610000240E10191402EE560E11191401EE8C0E09130C02EEA20E0E131102EEC40E07171B
:206120000A01EAD90E0F131302EEFD0E11131100EE260F19131900EE620F10131100EE88AD
:206140000F111B1100EEC20F0F131101EEE60F08210C01E7071002210903E7101008210C7E
:2061600003E731100F071201F1FFFFFFFFFFFFE9203FFCE3F1F8FC7E3F1F8E82410001C3E3
:20618000803870060E00C1803870070E0FFFF9FFFF3FFFE0E1C01C3803870070E00C183F70
:2061A000FFF7FFFEFFFFC1C3803060060C01C3803870070E00C18003000FC03FF03FF87B53
:2061C0003CF31CE30EE30EE30EE300E300F3007B007F801FF007FC037E030F0307E307E3F2
:2061E00007E307E30F733E7FFC3FF80FE003000300030000000C007800E00FF00600FFC039
:2062000070070E07007038380300C38018061C00E071C003878C001FF8E0007F860001F876
:206220007000000303C000387F800187FE001C387000C381C00E180600E0C0300707038016
:20624000701C380380FFC03803FC0180078001F0007F800FFC01E1E01C0E01C0E01C0E0146
:20626000E1E00E3C00778007F0007C000FE003CF1C7879C703DCE01F8E00F8E00F0E007043
:20628000F00F87C3FC7FFDC3FF0E0FC0F0FFFFFA4006060C0C1818383070707060E0E0E06A
:2062A000E0E0E0E0E0E060707070303818180C0C0603C060303038181C0C0E0E0E060707FF
:2062C00007070707070707060E0E0E0C1C1838303060C00C0300C3B7FFC781E0EC7388408E
:2062E000018001800180018001800180FFFFFFFFFFFF018001800180018001800180018017
:20630000FFF6DAC0FFFFFFFFF000C03018060180C0300C06018060300C0300C06018060310
:2063200000C03018060180C0300007E00FF81FFC3C3C781E700E700EE007E007E007E0072F
:20634000E007E007E007E007E007E007E00F700E700E781E3C3C1FF81FF007E00303070FB1
:206360003FFFFF07070707070707070707070707070707070707E01FF83FFC7C3E700FF000
:206380000FE007E00700070007000F001E003C00F803F007C01F003C00380070006000E0B4
:2063A00000FFFFFFFFFFFF07F007FE07FF8783C380F38039C01CE00E0007000F007F003F4A
:2063C000001FE00078001E00070003F001F800FE00770073E0F8FFF83FF807F00000380018
:2063E00038007800F800F801F803B8033807380E381C381838383870386038E038FFFFFF20
:20640000FFFFFF0038003800380038003800381FFF0FFF8FFFC700038001C000E00070001A
:2064200039F03FFE1FFF8F83E700F0003C000E000700038001C000FC00EF0073C0F0FFF855
:206440003FF807E00003E00FF81FFC3C1E380E700E70006000E000E3E0EFF8FFFCFC3EF07C
:206460000EF00FE007E007E0076007700F700E3C3E3FFC1FF807E0FFFFFFFFFFFF00060043
:206480000E001C001800380070006000E000C001C00180038003800700070007000E000E99
:2064A000000E000C001C001C0007F00FFE0FFF8783C780F38039C01CE00E780F1E0F07FFF7
:2064C00001FF03FFE3E0F9C01DC00FE003F001F800FC00F70073E0F8FFF83FF807F000071C
:2064E000E01FF83FFC7C3C700EF00EE006E007E007E007E00F700F783F3FFF1FF707C70054
:20650000070006000E700E701C783C3FF81FF007C0FFF000000007FF80FFF000000007FF2B
:20652000B6D600008003C007E00FC03F807E00FC01F000E0007C001FC001F8003F8007F0C2
:20654000007E000F000180FFFFFFFFFFFFE0000000000003FFFFFFFFFFFF80800070003EA8
:20656000000FE000FC001FC003F8003F0007800FC01F807F00FC01F803F001C0008000007A
:206580000FC07FE1FFE3C3EF01FC01F803F007000E003800F007C01F007C00E003C0070006
:2065A0000E001C00000000000001C0038007000E000007F800003FFF0000FFFFC001F80F55
:2065C000E003E001F0078000F80F00003C1E00001E3C03E01E380FF38E781E3F0F70381F51
:2065E0000770780F07E0700E07E0700E07E0E00E07E0E01C07E0E01C0EE0E01C0EE0E03848
:206600001CF070783C7078FC78783FDFF0381F0FC03C0000001F0000000F80000007F00E53
:206620000001FFFE00007FFE00001FF00000F80003E0000FC0007F0001DC000778003CE02F
:2066400000E380038F001E1C00707001C1E00E0380380E00E03C07FFF01FFFE0FFFF83C061
:206660000E0E003C7800F1E001C70007BC001EF0003B8000F0FFFC1FFFE3FFFE7003CE00FB
:206680003DC003B80077000EE001DC0073801E7FFF8FFFF1FFFF3800F7000EE000FC001FBC
:2066A0008003F0007E000FC003F800F7FFFCFFFF1FFF8000FF000FFF00FFFE07E07C3E00E6
:2066C00078F000E78003DC000770000380000E0000380000E0000380000E0000380000E043
:2066E000001DC000770003DE000E3C0078F803C1F81F03FFF803FFC003F800FFF80FFFE034
:20670000FFFF0E00F8E003CE001CE000EE000EE000FE0007E0007E0007E0007E0007E0003D
:206720007E0007E0007E000FE000EE000EE001EE003CE00F8FFFF0FFFE0FFF80FFFFBFFFCC
:20674000EFFFFB8000E00038000E00038000E00038000E0003FFFEFFFFBFFFEE00038000D4
:20676000E00038000E00038000E00038000E0003FFFFFFFFFFFFF0FFFFFFFFFFFFFC000E59
:20678000000700038001C000E000700038001FFFCFFFE7FFF38001C000E000700038001C7C
:2067A000000E000700038001C000E000700000007F8003FFE007FFF80F80FC1E003E3C002E
:2067C0000E78000F700007700000E00000E00000E00000E003FFE003FFE003FFE00007F020
:2067E000000770000770000F78000F3C001F1E003F0FC0F707FFE703FFC300FF03E000FC07
:20680000001F8003F0007E000FC001F8003F0007E000FC001F8003FFFFFFFFFFFFFFF800EB
:206820003F0007E000FC001F8003F0007E000FC001F8003F0007E000FC001CFFFFFFFFFF25
:20684000FFFFFFFFFC001C007001C007001C007001C007001C007001C007001C007001C0F7
:2068600007001F807E01F807E01FC0F7879FFE3FF03F00E001EE003CE0078E00F0E01E0E30
:2068800003E0E07C0E0F80E1F00E1E00E3C00E7C00EFE00FCE00F8F00F0780E03C0E03C0DB
:2068A000E01E0E00F0E00F0E0078E003CE003CE001EE000FE001C0038007000E001C00380F
:2068C000007000E001C0038007000E001C0038007000E001C0038007000E001C0038007F3F
:2068E000FFFFFFFFFCF8001FF8001FF8001FFC003FFC003FFC003FEE0077EE0077EE00777B
:20690000E700E7E700E7E700E7E381C7E381C7E381C7E1C387E1C387E1C387E0E707E0E776
:2069200007E0E707E07E07E07E07E07E07E03C07E03C07F0007F0007F8007FC007FC007FDE
:20694000E007EF007E7007E7807E3C07E1C07E1E07E0E07E0F07E0787E0387E03C7E01E7CA
:20696000E00E7E00F7E007FE003FE003FE001FE001FE000F007F0001FFF001FFFC01F01F27
:2069800001E003C1E000F1E0003CE0000E700007700003F80000FC00007E00003F00001FBD
:2069A00080000FC00007E00003B800039C0001CF0001E3C001E0F001E03E03E00FFFE0030F
:2069C000FFE0003F8000FFFC3FFF8FFFF3803EE003F8007E001F8007E001F8007E003F808C
:2069E0001EFFFF3FFF8FFFC38000E00038000E00038000E00038000E00038000E000380002
:206A000000007F0001FFF001FFFC01F01F01E003C1E000F1E0003CE0000E70000770000193
:206A2000F80000FC00007E00003F00001F80000FC00007E00007B800039C0001CF0039E306
:206A4000C01FE0F007E03E03F00FFFFC03FFEE003F83800000C0000020FFFE0FFFF8FFFF52
:206A6000CE003CE001EE000EE000EE000EE000EE000EE001CE003CFFFF8FFFF0FFFF8E0084
:206A80003CE001EE000EE000EE000EE000EE000EE000EE000EE000FE000F03FC00FFF01F4F
:206AA000FF83E07C3801E7000E7000E7000070000780003E0001FE000FFE003FF8003FE0DC
:206AC000003E0000F00007E0007E0007F00077800E7C03E3FFFC1FFF803FC0FFFFFFFFFF32
:206AE000FFFF8070000E0001C0003800070000E0001C0003800070000E0001C0003800079D
:206B00000000E0001C0003800070000E0001C0003800070000E0001C00E000FC001F8003FE
:206B2000F0007E000FC001F8003F0007E000FC001F8003F0007E000FC001F8003F0007E0FF
:206B400000FC001F8003F0007F001EF0079F01F1FFFC1FFE007F00E0007F8003FC001CE011
:206B600001E7800F3C0070E00787803C1C01C0E00E0780E01C0700E0380783801C1C00E039
:206B8000E0078E001C7000E38007B8001DC000EE0007E0001F0000F8000380007003C00F44
:206BA0007003C00F7803E00F7803E00E3807E00E3807F01E3C07701E3C07701C1C0E701CF0
:206BC0001C0E383C1C0E383C1E1E38380E1C38380E1C1C380E1C1C780F3C1C7007380E7063
:206BE00007380E7007380E7007700EE003F007E003F007E003F007E003E003C001E003C0DE
:206C000001E003C0F0007BC0078F00387803C1E03C0781C03C1E00F1E0038E001EF0007FEE
:206C20000001F0000F80007C0007F0003B8003DE003C7801C1C01E0F01E03C0E00E0F00760
:206C40008F001E7000F78003C0F0003CF00078F001E1E00381E00F01C01C03C07803C1E068
:206C6000078380078F00071C000F78000EE0000F80001F00001C0000380000700000E0008A
:206C800001C0000380000700000E00001C000038000070007FFFEFFFFDFFFF8000F0003CC4
:206CA000000F8001E00078001E00078000F0003C000F0003C00078001E00078001E0007CCF
:206CC000000F0003C000F0003E0007FFFFFFFFFFFFFCFFFFF8E38E38E38E38E38E38E38E55
:206CE00038E38E38E38E38E38FFFFCC030060180600C0300C018060180200C0300401806CB
:206D00000180300C030060180600C030FFFFC71C71C71C71C71C71C71C71C71C71C71C714F
:206D2000C71C7FFFFC07007803C03F01D80CE0E3061C70E383181DC06C0380FFFFFFFFFFF6
:206D4000C0F0F0E0E0E007F00FFC0FFF0F03C700E000700038001C00FE0FFF1FF39F01CFD9
:206D600000E700738079E0FC7FEF9FE3C7E1E0E000E000E000E000E000E000E000E3E0EF9A
:206D8000F8FFFCFC3EF81EF00EE00FE007E007E007E007E007E007F00EF81EFC3CEFFCEF33
:206DA000F8E3E007F01FF83FFC3C1E780E7007E000E000E000E000E000E000E00770077862
:206DC0000E7C1E3FFC1FF807E000038001C000E000700038001C000E0FC71FFB9FFFDF0768
:206DE000EF01F7007F803F800FC007E003F001F800FC0077007BC07DF07E7FFB1FF983F0AE
:206E0000C007E01FF83FFC7C1E700E6006E007FFFFFFFFFFFFE000E000E0007007780E3C41
:206E20001E3FFC1FF807E00E3CF9C3870E7FFFFCE1C3870E1C3870E1C3870E1C387007C71E
:206E40001FF73FFF3C3F780F700FE007E007E007E007E007E007E007700F780F7C3F3FF715
:206E60001FE707C700070007000E700E781E3FFC1FF807E0E001C0038007000E001C003848
:206E80000071F8E7FDDFFBF0FFC0FF00FC01F803F007E00FC01F803F007E00FC01F803F03B
:206EA00007E00FC01CFFF007FFFFFFFFFFFFFC1C71C70000071C71C71C71C71C71C71C7130
:206EC000C71C71C71C73FFFBC0E000E000E000E000E000E000E000E03CE078E0F0E1E0E346
:206EE000C0E780EF00EF80FF80FBC0F1E0E0E0E0F0E070E078E03CE01CE01EE00EFFFFFFC9
:206F0000FFFFFFFFFFFFFCE3E0F8E7F1FEEFFBFEF87F0FF03E07F01C07E01C07E01C07E04E
:206F20001C07E01C07E01C07E01C07E01C07E01C07E01C07E01C07E01C07E01C07E01C0710
:206F4000E3F1CFFBBFF7E1FF81FE01F803F007E00FC01F803F007E00FC01F803F007E00FA2
:206F6000C01F803807F00FFE0FFF8783C780F3803B801FC007E003F001F800FC007E003B82
:206F80008039E03C783C3FFE0FFE01FC00E3E0E7F8EFFCFC3EF81EF00EE00FE007E007E0A9
:206FA00007E007E007E007F00EF81EFC3EFFFCEFF8E3E0E000E000E000E000E000E00007DB
:206FC000E18FFCCFFF6783F780FB803FC01FC007E003F001F800FC007E003B803DE03EF862
:206FE0003F3FFF8FFDC1F8E000700038001C000E0007000380E3F7FBFF8F078381C0E07015
:20700000381C0E070381C0E07038000FC0FF87FF3C1EE03B800E003C007F00FF80FF807FAC
:20702000003F807E01FC1F7FF8FFC1FC003870E1CFFFFF9C3870E1C3870E1C3870E1C3E7A2
:20704000C780E00FC01F803F007E00FC01F803F007E00FC01F803F007E00FC03FC0FFC3F9F
:207060007FEEFF9C7E387003B8039C01C700E380E1C070703838381C1C070E038E01C7008E
:2070800077003B801DC007C003E001F0007000F01C03B81F03DC0F81CE07C0E783E071C36E
:2070A000B870E1DC3870EE1C1C630E0E71CE0738E7039C7380EC19807E0FC03F07E00F831D
:2070C000F00780F003C07801E03C007007380E3C1C1C1C0E380F70077003E003C001C003FE
:2070E000E007E007700E781E381C1C381E780E7007700738039C01C701C380E1C0707070A0
:2071000038381C3C071C038E01CE0077003B801F8007C003E001E0007000380038001C00CC
:207120001E000E003F001F000F00007FFCFFF9FFF000E003800E003C00F003C00F001C00C9
:207140007001E007801E007800FFFFFFFFFFF8070F1F1C1C1C1C1C1C1C1C1C1C1C38F8E055
:20716000F8381C1C1C1C1C1C1C1C1C1C1C1F0F07FFFFFFFFFFFFFFFFC0E0F0F83838383816
:20718000383838383838381C1F071F1C3838383838383838383838F8F0E03800FC03FC1F68
:2071A0003E3C1FE01F801E00000001010400000100010B0402F6030004040601F605000974
:2071C0000B0900F61200080E0900F520000D0B0E00F63200090B0A01F63F0001040301F6BE
:2071E0004000040E0501F64700030E0501F64D0004040601F64F0007070901FA56000204DE
:207200000401FF570003010501FC580002020401FF5900040B0400F65F00070B0901F66971
:2072200000030B0902F66E00070B0901F67800080B0900F68300080B0900F68E00070B09F7
:2072400001F69800070B0901F6A200070B0901F6AC00070B0901F6B600070B0901F6C00093
:2072600001080402F9C100010A0402F9C30007070901FACA0007040901FBCE0007070901A6
:20728000FAD500070C0901F5E0000E0E1001F5F9000A0B0A00F60701090B0A01F614010AC1
:2072A0000C0B01F52301090B0B01F63001090B0A01F63D01080B0A01F648010A0C0C01F58E
:2072C0005701090B0B01F66401010B0402F66601070B0800F67001090B0A01F67D01070B46
:2072E0000901F687010B0B0D01F69701090B0B01F6A4010B0C0C01F5B501090B0A01F6C2F3
:20730000010B0D0C01F5D4010A0B0B01F6E201090C0A01F5F001090B0A00F6FD01090B0B4C
:2073200001F60A020A0B0A00F618020F0B0F00F62D020A0B0A00F63B020A0B0A00F649021B
:20734000090B0A00F65602030E0401F65C02040B0400F66202030E0400F668020606070161
:20736000F66D0209010900036F0204030500F5710207080901F97802070B0901F682020784
:20738000080800F98902080B0900F6940207080901F99B02040B0400F6A102080B0900F941
:2073A000AC02070B0901F6B602010B0301F6B802020E0300F6BC02070B0801F6C602010BE9
:2073C0000301F6C8020B080D01F9D30207080901F9DA0207080901F9E102070B0901F9EB17
:2073E00002080B0900F9F60204080501F9FA0206080801F90003040A0400F705030708093B
:2074000001F90C0308080800F914030B080B00F91F0307080800F92603070B0800F9300383
:2074200007080800F93703030E0501F63D03010E0402F63F03040E0500F6460307030901FE
:20744000FA00FF60BB981309048FF3213091FE24121900083E4A4948683E0B09494B7E08BA
:20746000083042423120890790188009C099048844421E3C32110D8383C3251E86639F6035
:20748000F02244C8888C44228922492D25000F69102047F1020400F5E0F011122244488012
:2074A000799B1C387060C38789F027924924807D8E1C10618E30C103F83C624303061E030E
:2074C0000343433E060E0E16366646FF0606067D83060FD8C181838DF03C8B1C0B99A1C1A2
:2074E000838DF0FE041040820418204180798A1C36CFA1C1838DF0799A1C3878DE838789E5
:20750000E0838340063B8607018080FFFC07F0C0E03811CE200018FB1E106186081000402D
:207520008003807F83031806C7EE3339846633988A666CEF180030007F000E0381A04C13AC
:207540000C43F8FE60903C0CFE61B0582C67FB0783C1E1BF800C0FC61B028020080200C0E6
:20756000F02618FCFF60F0781C0E070381C1E1BF80FF6030180C07FB0180C0603FE0FFC050
:20758000C0C0C0FEC0C0C0C0C00C0FE60B038020087E01C070361CFDC0E070381C0FFF03C3
:2075A00081C0E07020FFE0060C183060C1E3C789F0C36331190D8743318CC360B060C18322
:2075C000060C183060C183F8E07C1F82F85D1BA2764E59CA39C71080C0F07C3A1D8E6713A4
:2075E0008DC2E0F0600C07F18260680500E01C03805819861F80FF60B0783C37F30180C076
:207600006030000C07F18260680500E01C03805859861FE004FF306C0B02C1BFCC1B02C0FD
:20762000B02C08183F30582C0380780681C0F04FC0FF86030180C06030180C060300C0E0F4
:2076400070381C0E070381C0B0CFC040D822088631044130680A0380C0430487198A3314F3
:20766000626C84890D161E2C1C70306060C0608C6130680E0301E04C3118640C60D86318F7
:207680004C1A03804010040100407F80C0C0C0C060606060203FE0F249249249C0884442A6
:2076A000221110E492492493C021C5128A30FF80C6207D8811EC50A17F810207EC7060C1C1
:2076C000838FF03EC50A0C08589F0303033F6343C3C343633D7D8E0FF81031BE366F6666B7
:2076E00066603F6343C3C343633F03427E810205EC78E1C3870E189FE04155557081020413
:2077000069963C6C891A18FFE0BFF8CE10C2184308610C21BD8F1C3870E1C37D8A1C1830C1
:20772000F13EFD8E0C183071FE8102003D6343C3C343633F030303BCC88888FA383C1C18BC
:207740007E66F6666667870E1C3870F1FFC242666424381818C669CD293526BC730C618CD1
:207760004648E0C1859921428D9122C7060C1021807E0830C304107F6924B64924C0FFFC18
:20778000E222223322222E613430437573746F6D2044657669636520646F6573206E6F7432
:2077A0002066697420696E204D656D6F727900437573746F6D2044657669636520646F6593
:2077C00073206E6F742066697420696E204D656D6F7279002200FF21003106980320007E20
:2077E000002F9B2A022820007E002B5548BC4520007E00166C4FD34C20007E00206961D01E
:207800005E20007E002A4174A87120007E001A6E2F61004F4B004F4B004F4B00646F657345
:20782000206E6F742066697420696E204D656D6F7279004661696C7572652C2045455052A4
:207840004F4D2073697A6520657863656564656420004D465374657070657220646F6573F9
:20786000206E6F742066697420696E204D656D6F7279004F7574707574536869667465723E
:2078800020617272617920646F6573206E6F742066697420696E746F204D656D6F72790097
:2078A000496E7075745368696674657220617272617920646F6573206E6F742066697420E5
:2078C000696E746F204D656D6F727900437573746F6D2044657669636520646F6573206E11
:2078E0006F742066697420696E204D656D6F727900437573746F6D2044657669636520693E
:2079000073206E6F7420737570706F727465642062792074686973206669726D776172652D
:207920002076657273696F6E00437573746F6D2044657669636520646F6573206E6F7420DA
:2079400066697420696E204D656D6F7279004661696C757265206F6E2072656164696E6795
:2079600020636F6E66696700476167616775204643552F45464953204D656761007E306D1C
:2079800079335B5F707F7B771F0D3D4F4700000000000000000000000000000000000000A1
:2079A000000000000000000000800180257E306D79335B5F707F7B00000009000000777FB7
:2079C0004E7E4F475F37307C000E00767E677E775B463E000000336D4E13780008007D1FA9
:2079E0000D3D4F477B373038000600151D6773055B0F1C000000276D4E0078000044657677
:207A0000696365427566666572204F766572666C6F77210000000000003E5B4F5B3E3E6B1C
:207A20004F6B3E1C3E7C3E1C183C7E3C181C577D571C1C5E7F5E1C00183C1800FFE7C3E726
:207A4000FF0018241800FFE7DBE7FF30483A060E2629792926407F050507407F05253F5AFD
:207A60003CE73C5A7F3E1C1C08081C1C3E7F14227F22145F5F005F5F06097F017F006689EF
:207A8000956A606060606094A2FFA29408047E040810207E201008082A1C08081C2A08086C
:207AA0001E101010100C1E0C1E0C30383E3830060E3E0E06000000000000005F000000072E
:207AC000000700147F147F14242A7F2A12231308646236495620500008070300001C224182
:207AE000000041221C002A1C7F1C2A08083E08080080703000080808080800006060002076
:207B0000100804023E5149453E00427F400072494949462141494D331814127F10274545AF
:207B200045393C4A49493141211109073649494936464949291E000014000000403400000D
:207B400000081422411414141414004122140802015909063E415D594E7C1211127C7F49E0
:207B60004949363E414141227F4141413E7F494949417F090909013E414151737F08080849
:207B80007F00417F41002040413F017F081422417F404040407F021C027F7F0408107F3E91
:207BA0004141413E7F090909063E4151215E7F09192946264949493203017F01033F40404C
:207BC000403F1F2040201F3F4038403F631408146303047804036159494D43007F414141E1
:207BE0000204081020004141417F04020102044040404040000307080020545478407F287F
:207C00004444383844444428384444287F385454541800087E090218A4A49C787F08040431
:207C20007800447D40002040403D007F1028440000417F40007C047804787C080404783843
:207C400044444438FC1824241818242418FC7C08040408485454542404043F44243C4040D1
:207C6000207C1C2040201C3C4030403C44281028444C9090907C4464544C4400083641001D
:207C80000000770000004136080002010204023C2623263C1EA1A161123A4040207A385449
:207CA00054555921555579412254547842215554784020545579400C1E527212395555557D
:207CC00059395454545939555454580000457C410002457D420001457C407D1211127DF006
:207CE000282528F07C545545002054547C547C0A097F4932494949323A4444443A324A4883
:207D000048303A4141217A3A42402078009DA0A07D3D4242423D3D4040403D3C24FF2424C5
:207D2000487E4943662B2FFC2F2BFF0929F620C0887E090320545479410000447D413048C6
:207D4000484A32384040227A007A0A0A727D0D19317D2629292F28262929292630484D401F
:207D600020380808080808080808382F10C8ACBA2F102834FA00007B000008142A14222218
:207D8000142A14085500550055AA55AA55AAFF55FF55FF000000FF00101010FF00141414D1
:207DA000FF001010FF00FF1010F010F0141414FC001414F700FF0000FF00FF1414F404FC26
:207DC000141417101F10101F101F1414141F00101010F0000000001F101010101F1010109E
:207DE00010F010000000FF101010101010101010FF10000000FF140000FF00FF00001F1095
:207E0000170000FC04F414141710171414F404F40000FF00F714141414141414F700F71459
:207E20001414171410101F101F141414F4141010F010F000001F101F0000001F14000000AC
:207E4000FC140000F010F01010FF10FF141414FF141010101F00000000F010FFFFFFFFFF5B
:207E6000F0F0F0F0F0FFFFFF0000000000FFFF0F0F0F0F0F3844443844FC4A4A4A347E0242
:207E8000020606027E027E0263554941633844443C04407E201E2006027E020299A5E7A5BD
:207EA000991C2A492A1C4C7201724C304A4D4D303048784830BC625A463D3E494949007E99
:207EC0000101017E2A2A2A2A2A44445F444440514A444040444A51400000FF0103E080FFC0
:207EE000000008086B6B083612362436060F090F06000018180000001010003040FF0101C8
:207F0000001F01011E00191D1712003C3C3C3C0000000000000103070F1F3F7F0080C0E0BC
:207F2000F0F8FCFE4C6F6164696E6720636F6E666967206661696C65640000002000230043
:207F4000260029002C002F0032000001000003010601090100000A0B02090C0D0E080703D6
:207F60000401000000000000000000000000000000000000000000000000000000000000FC
:207F8000121110000000000000000000000000000000000000000000000000002100240069
:207FA00027002A002D003000330001010000040107010A01DB40A4A62EAF2000A1C8D30028
:207FC000408DAED580A8010210202008081020401020408002010201080402010102040842
:207FE0001020408080402010080402018004020180402010080402010804020101020408EE
:2080000010204080010204081020408000002200250028002B002E00310034000201000041
:20802000050108010B0105050505070508080808020202020A0A08080404040401010101A5
:20804000010101010303030303030303040707070C0C0C0C0C0C0C0C02020202060606066B
:20806000060606060B0B0B0B0B0B0B0B968A148F11241FBECFEFD1E2DEBFCDBF00E00CBF76
:2080800014E0A0E0B2E0E8EBFBE201E00BBF02C007900D92AE36B107D9F723E1AEE6B4E0EF
:2080A00001C01D92AD32B207E1F710E4C7E3D0E400E006C021970109802FFE010E94229222
:2080C000C633D10780E00807A9F70E94628B0C94CA950C940000AC011092D8119091A8127F
:2080E0008091A712FA01BF01641B750B2091D81130813093D811931304C0921302C0109292
:20810000D8113081311104C0921721F0CB0108953817D1F33196E7CF0F931F93CF93DF93E4
:2081200080919C12882309F446C0D0E0C0E0813029F482E080939C12CCEDD1E180919D1266
:20814000882341F1209721F4C091A112D091A2128E01CE010E946B40892B29F42196F80131
:2081600080818111F5CFF8018081882309F1C8010E946B40F801E80FF91F8081882311F03E
:2081800010823196F093A212E093A1121093A01200939F1280919F129091A012892B59F0FE
:2081A00081E080939D12DF91CF911F910F91089510E000E0EBCF80E0F6CFFC0120812EBDA7
:2081C0000DB407FEFDCF2EB5FC012083089591E090933D1080935F1010923E101092601088
:2081E000089508950895FC0180819181892B51F40280F381E02D81E090E0938B828B918B84
:20820000808B08950480F581E02DF5CFFC0180819181892B39F40280F381E02D81E0848B87
:20822000858B08950480F581E02DF8CF2F923F924F925F926F927F928F929F92AF92BF9269
:20824000CF92DF92EF92FF920F931F93CF93DF9300D000D01F921F92CDB7DEB798878F83C6
:208260003B015E834D837901DC01ED91FC910284F385E02D19959701220F331F2F5F3F4FBF
:208280004D815E814E195F09AF81B885ED91FC9111970088F189E02D01E010E0B301CD01E0
:2082A000199581E090E02C014E185F08882799278E199F099C01220F331F3C832B831701E2
:2082C00081E090E09A838983D12CC12C57FC0AC091E0E91AF108AB81BC811296BC83AB83B2
:2082E0004A0E5B1EBFEFCB1ADB0A29813A812E5F3F4F3A832983420E531EEC14FD040CF48A
:2083000082C04701880C991C3FEF831A930AAF81B885ED91FC9111970088F189E02D01E012
:2083200010E09401AD80BE80AE18BF08A501B601660D771DCD011995AF81B885ED91FC9168
:2083400011970088F189E02D9401A501B3016C197D09CD011995E214F30479F1AA24A39494
:20836000B12CAC18BD082D813E81A20EB31EB301620D731DAF81B885ED91FC910088F1897C
:20838000E02D01E010E089809A80B2E08B1A91089401A5018F8198851995B301621973094B
:2083A000AF81B885ED91FC9111970088F189E02D9401A501CD0119951701CE14DF040CF4FA
:2083C00085CFAF81B885ED91FC9111970688F789E02DCD0128960FB6F894DEBF0FBECDBF3B
:2083E000DF91CF911F910F91FF90EF90DF90CF90BF90AF909F908F907F906F905F904F90C9
:208400003F902F901994E214F30409F0A7CFD9CFFC0180819181892B21F4828193810C948D
:20842000164184819581FBCF0F931F93FC0180819181892B91F482819381DC01ED91FC9164
:20844000048CF58DE02D01E010E025E030E04FE050E019951F910F91089584819581EDCF46
:208460000F931F93FC0180819181892B91F482819381DC01ED91FC91068CF78DE02D01E05C
:2084800010E02AE030E04FE050E019951F910F91089584819581EDCF0E948C40882351F0A7
:2084A00081E080939D1280939E1280919F129091A012089510929E1290E080E00895CF9383
:2084C000DF93DC01FD01EC012881222351F03091A812231301C00196FC0120812D93019635
:2084E000F1CFE817F90710F41192FBCFDF91CF9108958150823108F05AC0E82FF0E08827B3
:20850000EB57FD4B8F4F0C942292A542A94297429D42A142D742AC42B242B642BC42C0423F
:20852000C442CA42CE42D742D242D842DC42809180008F77809380000895809180008F7D50
:20854000F9CF80918000877FF5CF84B58F7784BD089584B58F7DFBCF8091B0008F778093F2
:20856000B00008958091B0008F7DF9CF809190008F77809390000895809190008F7DF9CFBD
:2085800080919000877FF5CF8091A0008F778093A00008958091A0008F7DF9CF8091A00033
:2085A000877FF5CF809120018F77809320010895809120018F7DF9CF80912001877FF5CFE6
:2085C000CF93DF93282F30E0F901EC5AF0488491F901EA53F048D491F901EA5DFF47C49123
:2085E000CC23A1F081110E947942EC2FF0E0EE0FFF1FE65CF048A591B491EC91ED2381E023
:2086000090E009F480E0DF91CF91089580E090E0FACF1F93CF93DF93282F30E0F901EC5A5A
:20862000F0488491F901EA53F048D491F901EA5DFF47C491CC23A9F0162F81110E94794281
:20864000EC2FF0E0EE0FFF1FE45FFF47A591B4918FB7F894EC91111108C0D095DE23DC9302
:208660008FBFDF91CF911F910895DE2BF8CFCF93DF9390E0FC01EA53F04824918A5D9F4787
:20868000FC0184918823C9F090E0880F991FFC01E656F048A591B491FC01E45FFF47C591DD
:2086A000D49161110DC09FB7F8948C91209582238C938881282328839FBFDF91CF910895D4
:2086C000623051F49FB7F8943C91822F809583238C93E8812E2BEFCF8FB7F894EC912E2B61
:2086E0002C938FBFEACFCF93CFB7F8948091220C811127C0EBE5F0E88491EBEFFFE79491E6
:20870000E82FF0E0EE0FFF1FE656F048A591B491EC91E92321F461E085E30E94094361E0F2
:2087200085E30E9437438CB580618CBD8CB580648CBD61E084E30E94374361E083E30E94CF
:2087400037438091220C8F5F8093220CCFBFCF9108951F93CF93DF93182FEB0161E00E940A
:208760003743209739F460E0812FDF91CF911F910C940943CF3FD10511F461E0F5CFE12F41
:20878000F0E0EC5AF048E491E150E23108F0B3C0F0E08827E153FC4B8F4F0C942292E14317
:2087A000E943EE43F84302447B440C4414441C44264430443A44494453447B445D44674489
:2087C000714484B5806884BDC7BDDF91CF911F91089584B5806284BDC8BDF7CF80918000A9
:2087E000806880938000D0938900C0938800EDCF80918000806280938000D0938B00C09334
:208800008A00E3CF80918000886080938000D0938D00C0938C00D9CF8091B00080688093DD
:20882000B000C093B300D1CF8091B00080628093B000C093B400C9CF809190008068809341
:208840009000D0939900C0939800BFCF80919000806280939000D0939B00C0939A00B5CF7E
:2088600080919000886080939000D0939D00C0939C00ABCF8091A00080688093A000809106
:20888000A0008F7B8093A000D093A900C093A8009CCF8091A00080628093A000D093AB00B5
:2088A000C093AA0092CF8091A00088608093A000D093AD00C093AC0088CF8091200180688E
:2088C00080932001D0932901C09328017ECF80912001806280932001D0932B01C0932A01B9
:2088E00074CF80912001886080932001D0932D01C0932C016ACFC038D1050CF03ECF33CFC4
:208900008230910538F0880F991F880F991F05970197F1F708959F92AF92BF92CF92DF92FB
:20892000EF92FF920F931F93CF93DF93EC016B018885998511E0892B09F010E8F601A080CC
:208940008A2D8123992493948111912C2C813D814E815F8160E271EA87E090E00E94D591F3
:20896000022FB12CE22EF12C002319F0C7010E9480448A85877F09F04FC08D858F3F89F0EC
:208980009A2D912381E009F480E0891551F0EF85F8898F899923D1F19081892B80839924AF
:2089A0009394E989FA898081998D892B8083002319F0C7010E9480448E858F3F39F0EB89E5
:2089C000FC898081988D892309F0B12AE989FA899081898D8095892380838E858F3F11F0AA
:2089E000F601B08288859985892B09F044C0110F1111BACFDF91CF911F910F91FF90EF9079
:208A0000DF90CF90BF90AF909F9008959081809589238083912CC5CFE989FA898081998DEC
:208A2000892B8083002319F0C7010E9480448D858F3F49F0EF85F8898F899A2D9123B9F0DB
:208A40009081892B8083E989FA899081898D8095892380838E858F3F09F4BFCFEB89FC8909
:208A60008081988D892309F4B8CFB12AB6CF908180958923E7CF1695BBCF3FB7F8948091F0
:208A80001E0C90911F0CA091200CB091210C26B5A89B05C02F3F19F00196A11DB11D3FBF1A
:208AA000BA2FA92F982F8827BC01CD01620F711D811D911D42E0660F771F881F991F4A953E
:208AC000D1F708958F929F92AF92BF92CF92DF92EF92FF924B015C010E943D456B017C01B3
:208AE0000E943D456C197D098E099F09683E734081059105A8F321E0821A9108A108B10860
:208B000088EEC80E83E0D81EE11CF11C81149104A104B10429F7FF90EF90DF90CF90BF90D7
:208B2000AF909F908F9008952FB7F89460911A0C70911B0C80911C0C90911D0C2FBF08954C
:208B4000FC01248135816217730720F480819181009729F41092ED0B8DEE9BE00895860F2D
:208B6000971F0895DC01ED91FC910190F081E02D1994EF92FF920F931F93CF93DF937C0147
:208B80006091A7128091A4129091A5120E94B2450091A4121091A512E701FE0164916623EF
:208BA00059F0D801ED91FC910190F081E02DC80119952196892B89F7DF91CF911F910F91F7
:208BC000FF90EF900895DB0114964D915C9115976D917C91DC01ED91FC910280F381E02DF7
:208BE0001994AF92BF92CF92DF92EF92FF920F931F93CF93DF936C017B018B01040F151F6E
:208C0000EB015E01AE18BF08C017D10759F06991D601ED91FC910190F081E02DC601199524
:208C2000892B79F7C501DF91CF911F910F91FF90EF90DF90CF90BF90AF900895FC01538D46
:208C4000448D252F30E0842F90E0821B930B541710F0CF96089501970895FC01918D828DB5
:208C6000981759F0A28DAE0FBF2FB11D5D968C91928D9F5F928F90E008958FEF9FEF089550
:208C8000FC01918D828D981731F0828DE80FF11D858D90E008958FEF9FEF0895FC01918DE3
:208CA000828D981B892F90E0089586E790E10E944E4621E0892B09F420E0822F0895FC011C
:208CC000A48DA80FB92FB11DA35EBE4F2C91848D90E001968F739927848FA689B7892C9310
:208CE000A089B1898C91837080648C93938D848D981306C00288F389E02D80818F7D808339
:208D00000895EF92FF920F931F93CF93DF93EC0181E0888F9B8D8C8D98131AC0E889F9895E
:208D2000808185FF15C09FB7F894EE89FF896083E889F98980818370806480839FBF81E088
:208D400090E0DF91CF911F910F91FF90EF900895F62E0B8D10E00F5F1F4F0F731127E02E88
:208D60008C8D8E110CC00FB607FCFACFE889F989808185FFF5CFCE010E945F46F1CFEB8D54
:208D8000EC0FFD2FF11DE35EFE4FF0829FB7F8940B8FEA89FB8980818062CFCFCF93DF93D6
:208DA000EC01888D8823B9F0AA89BB89E889F9898C9185FD03C0808186FD0DC00FB607FC78
:208DC000F7CF8C9185FFF2CF808185FFEDCFCE010E945F46E9CFDF91CF91089580E090E01F
:208DE000892B29F00E94554681110E94000080E090E0892B49F080E090E0892B29F00E9439
:208E0000000081110E94000080E090E0892B49F080E090E0892B29F00E94000081110E94EE
:208E2000000080E090E0892B49F080E090E0892B29F00E94000081110C9400000895EF92E6
:208E4000FF920F931F93CF93DF93EC01EC80FD806E157F050CF070C057FF04C0240F351FAF
:208E600050E040E08E819F81FA01E20FF31F8E179F071CF49C01241B350B121613060CF0C1
:208E80005BC0922F842F8695869586958E9DD0018F9DB00D11246A0F7B1FAF8DB8A1A60F7B
:208EA000B71F477049F188E0841B482F682F70E0FB01E45EF048E491281708F063C0621BC4
:208EC00071092FEF30E002C0359527956A95E2F7E2230130110539F0B0F10230110561F516
:208EE0008C91E82702C08C91E82BEC93941720F12C813D81A20FB31FE92FE41BE83078F094
:208F00000230110521F58E2F9C9190959C932C813D81A20FB31F88508830B0F7E770EE2328
:208F200059F0F0E0EC5EF048E49101301105F9F010F10230110519F1DF91CF911F910F917E
:208F4000FF90EF900895E0958C91E823CECF81E00115110509F480E081959E2F8C932C8193
:208F60003D81A20FB31F98509830C0F7D7CF8C91E82BEC93E1CFE0958C91E823FACF8C91C1
:208F8000E827F7CF0130110509F4ADCFE0F20230110509F4A5CFAE0DBF1DAECF0F931F9349
:208FA000CF93DF9377FF04C0260F371F70E060E0DC011496CD91DC91FB01E20FF31FCE1752
:208FC000DF071CF49E01261B370B121613064CF5FA0157FD3796A3E0F595E795AA95E1F73B
:208FE000EC9FD001ED9FB00DFC9FB00D11246A0F7B1FDC015F96ED91FC91E60FF71F47708D
:20900000552781E090E001C0880F4A95EAF7482F0130110559F0A8F02E0F3F1F0230110569
:20902000E1F0DF91CF911F910F9108952E0F3F1FE217F307B1F38191DF011197842B8C9308
:20904000F7CF80952E0F3F1FE217F30751F39191DF01119798239C93F7CFE217F30709F31A
:209060008191DF01119784278C93F7CF0F931F93FA01DC0156964C9156974230E9F0433026
:20908000A1F1413061F514964D915C91DA01AE1BBF0BFD01E21BF30B77FD0BC0DC011696D3
:2090A0004D915C916417750724F4AB01BF010E94CE471F910F91089514964D915C91DA0176
:2090C000A61BB70BBD0161507109DC0116964D915C91DA01AE1BBF0BFD01E21BF30B77FDF5
:2090E000E8CFAF010E941F47E4CF16964D915C91DA01A61BB70BBD0161507109CDCF0F9352
:209100001F93FA01DC0156964C9156974230A9F0433091F1413019F514964D915C91DA0140
:20912000AE1BBF0BFD013197F7FD04C0AB01BF010E941F471F910F91089514964D915C9148
:20914000DA01A61BB70BBD01DC0116964D915C91DA01AE1BBF0BFD013197621B730BF7FD7C
:20916000E9CFDC0116964D915C91E417F50714F7AF010E94CE47DECF16964D915C91DA017B
:20918000A61BB70BBD01621B730BCECFFC0177FD64C080859185681779070CF05EC057FDD9
:2091A0005CC082859385481759070CF056C086898230B1F0833029F1813041F48481958173
:2091C000841B950BAB01BC01615071092130310509F108F443C02230310509F463C00895F7
:2091E00084819581DC01A61BB70BBD016150710986819781DC01A41BB50BAD0141505109F7
:20920000E5CF86819781861B970BBA01AC0141505109DCCFCA0157FD0796A3E095958795B5
:20922000AA95E1F7A481B5818A9F90018B9F300D9A9F300D1124620F731F078CF0A1E02DBC
:20924000E60FF71F4770552721E030E001C0220F4A95EAF78081822B80830895CA0157FDA0
:20926000079633E0959587953A95E1F7A481B5818A9F90018B9F300D9A9F300D1124620FB9
:20928000731F078CF0A1E02DE60FF71F4770552781E090E001C0880F4A95EAF780959081BE
:2092A0008923DACFCA0157FD079623E0959587952A95E1F7A481B5818A9F90018B9F300D41
:2092C0009A9F300D1124620F731F078CF0A1E02DE60FF71F4770552721E030E001C0220F6E
:2092E0004A95EAF780818227B7CF08958EBD00000DB407FEFDCF8EB508958CBD9DBD0895E4
:20930000AF92BF92CF92DF92EF92FF920F931F93CF93DF931F92CDB7DEB78C015B016A0191
:20932000DC018D919C911197892B39F01296ED91FC91808191810E947D49F80183858F3F83
:2093400019F060E00E9409437501CA0CDB1CEC14FD04A9F0D7018D917D018983F80180817F
:209360009181892B29F0CE0101960E94DD40EFCFBE016F5F7F4FC8010E948B44E8CFD80106
:209380001B968C918F3F19F061E00E94094381E00F90DF91CF911F910F91FF90EF90DF905C
:2093A000CF90BF90AF900895FF920F931F93CF93DF93FC0177FD72C08085918568177907AD
:2093C0000CF06CC057FD6AC082859385481759070CF064C08689823009F466C0833009F455
:2093E00074C0813041F484819581841B950BAB01BC016150710981A592A5681779070CF409
:20940000CB0192A781A783A594A5481759070CF4CA0194A783A785A596A5861797070CF42F
:20942000CB0196A785A787A590A9841795070CF4CA0190AB87A787A9813051F4213031057A
:2094400009F44CC008F470C02230310509F491C087A9843019F5A481B5814A9FC0014B9F20
:20946000900D5A9F900D112497FD019695958795AB0177FF02C04F5F5F4F55954795840F7A
:20948000951F07A0F0A5E02DE80FF91F908160FD95C09F702295207F922B9083DF91CF91F8
:2094A0001F910F91FF900895848195818C01061B170BB8016150710986819781DC01A41BA6
:2094C000B50BAD014150510996CF86819781861B970BBA01AC01415051098DCFCA0157FD9E
:2094E0000796C3E095958795CA95E1F7C481D5818C9FD0018D9FB00D9C9FB00D1124CD0134
:20950000860F971FA7A1B0A5A80FB91FEA01C770DD2781E090E08C0101C0000FCA95EAF740
:209520008C91802B8C9394CFCA0157FD0796B3E095958795BA95E1F7C481D5818C9FD0018E
:209540008D9FB00D9C9FB00D1124CD01860F971FA7A1B0A5A80FB91FEA01C770DD2781E029
:2095600090E001C0880FCA95EAF780959C918923D9CFCA0157FD0796A3E095958795AA9589
:20958000E1F7C481D5818C9FD0018D9FB00D9C9FB00D1124CD01860F971FA7A1B0A5A80FD9
:2095A000B91FEA01C770DD2781E090E08C0101C0000FCA95EAF78C918027B4CF907F2F704A
:2095C000292B20836BCF0895FC016370668B8481958126813781613039F0633029F0918704
:2095E0008087338722870895318720879387828708952F923F924F925F926F927F928F92AE
:209600009F92AF92BF92CF92DF92EF92FF920F931F93CF93DF93CDB7DEB76A970FB6F89410
:20962000DEBF0FBECDBF9A8F898F7A8369834A01D22E18870F833701BC2CDC0159962D91E4
:209640003C915A972115310509F015C118968D919C911997681779070CF0D7C11A968D9107
:209660009C91481759070CF0D0C14C2C512CB6E0CB9E600D711D11247C876B87161617060F
:209680000CF0C3C1EA2DF0E0FA87E98793E0EE0FFF1F9A95E1F7F88BEF87CF01840F951FCD
:2096A000181619060CF0B1C1A98DBA8D58968C91811104C0BFEABD1508F4D394A98DBA8DB6
:2096C000ED91FC9111970284F385E02DCD011995B5E0DB9EC0011124E981FA81FC83EB837A
:2096E000312C212C9C012C5E3548388F2F8B4A2D50E05E8B4D8BEF89F88DE20DF31D449162
:209700009E828D82D12CC12C69817A81620D731D7A8B698B842F90E09C8B8B8BE98DFA8DF6
:20972000A081B18140FF82C0F1E0BF126FC0AF126DC01C96ED91FC912F813885A4014C0D6E
:209740005D1D69897A89898D9A8D1995EB89FC89F595E7954E2F5FEFC51AD50A6D817E813A
:209760008D899E89680F791F7E836D8398E0C916D10481F6AFEF2A1A3A0AEB81FC81E40D09
:20978000F51DFC83EB83F5E02F16310409F0B3CF2F81388526153705B9F0A98DBA8DED9178
:2097A000FC91B1E0BB1257C0AB1255C069817A816B5F7F4F0088F189E02D830128E030E0AD
:2097C000A401898D9A8D1995A98DBA8DED91FC9111970688F789E02DCD016A960FB6F8948F
:2097E000DEBF0FBECDBFDF91CF911F910F91FF90EF90DF90CF90BF90AF909F908F907F908C
:209800006F905F904F903F902F9019941E96ED91FC91EF80F88409851A8592014D815E8129
:209820006B817C81898D9A8D199590CF2F8138852615370509F48ACF31E0B31207C0A31269
:2098400005C01C96ED91FC91930178CF1E96ED91FC917301E0CF6B857C8564197509068453
:20986000F785E02D73010F8518899201A401898D9A8D1995A9CFF901349694913297459193
:209880005491D91AB7E0DB9E400D511D1124F901259134913C8B2B8BFA0125903490FA018F
:2098A0003296749031963491398B329664903196449041E04C1518F04A1508F07FC0662D82
:2098C000062C000C770B7C836B83842D042C000C990B9E838D83A98DBA8DED91FC911197E9
:2098E0000284F385E02DCD011995512CD12CC12CEA2DF0E0FA87E9872B2D30E03C872B87C5
:20990000A401440D511D47FC5A95588F4F8B69817A81660D711D67FC7A957E876D8779899D
:20992000C71608F051CF2C2D30E04D815E81420F531FA985BA854A9FC0014B9F900D5A9FC2
:20994000900D1124FC01E80DF91DF88BEF87852D612C4F89588D420F531F5E8B4D8B671439
:2099600008F050C044244394480E877041F4C1010196EB89FC89E20DF31DD4901C01D7FE77
:2099800019C0A98DBA8DED91FC91662D70E0B1E0BB1219C0AB1217C02D853E85620F731F40
:2099A0000484F585E02D2F8138854D895E89898D9A8D1995DD0C6394842DD1CF1E821D8213
:2099C0001C821B8288CF4B815C81640F751FAB85BC856A9FC0016B9F900D7A9F900D112478
:2099E00069817A81680F791F0684F785E02DEF80F88409851A859D014F855889898D9A8DB8
:209A00001995D8CF570CC3948ACF6A960FB6F894DEBF0FBECDBFDF91CF911F910F91FF90E8
:209A2000EF90DF90CF90BF90AF909F908F907F906F905F904F903F902F9008958F929F92A4
:209A4000AF92CF92EF92FF920F931F93CF93DF93EC01262F898D9A8D009709F051C06A3070
:209A6000D1F41D861C868D8948E0849F900111248E859F85820F931F9F878E8781E090E02F
:209A8000DF91CF911F910F91FF90EF90CF90AF909F908F9008956D3089F3CC88AD888F8955
:209AA0008823C1F08C859D8536E0C39E800D911D1124488559854817590764F44E855F85B7
:209AC0001D861C8638E0A39EC0011124840F951F9F878E87EA88FB88088919894E855F8591
:209AE0006C857D85CE010E94F94A2C898C859D8546E0249F800D911D11249D878C87BECFBA
:209B00006A3069F41D861C86FC013896E4912D898E859F85E29F800D911D1124ADCF6D30D2
:209B200009F4ACCFFC0134963491631708F4A6CF3296E491E61708F4A1CFFC0132968590B6
:209B40009490462F431B342F47E0349F800C911C1124F401329634913196E4913323A9F195
:209B6000EE2399F1CC88F4013596E491AD884F89442301F10E2E000CFF0BE30FF11DCE9E9D
:209B8000A001CF9E500D11246C857D85460F571F68857985641775076CF44E855F851D86CB
:209BA0001C86FC013896E491AE9E400D511D11245F874E87EA88FB88088919894E855F85ED
:209BC0006C857D85CE010E94F94AF4013496E4912C898C859D85E29F800D911D11248DCF75
:209BE0006F927F928F929F92AF92BF92CF92DF92EF92FF920F931F93CF93DF93EC016B010A
:209C00005A0139014801E881F9810284F385E02D1995E881F9810288F389E02D87019301B8
:209C2000A501B601CE011995A501480D591D41505109E881F9810288F389E02D9301B601AD
:209C4000CE011995E881F9810088F189E02D9401A501B601CE011995C60CD71CB6016150F9
:209C60007109E881F9810088F189E02D9401A501CE011995E881F9810688F789E02DCE01F3
:209C8000DF91CF911F910F91FF90EF90DF90CF90BF90AF909F908F907F906F9019946F9230
:209CA0007F928F929F92AF92BF92CF92DF92EF92FF920F931F93CF93DF935C01EB016A01EF
:209CC000490138018701DC01ED91FC916217730719F5641675062CF0962D872D3A01C92ED6
:209CE000D82E9601261937092F5F3F4F048CF58DE02DA301BE01C5011995DF91CF911F91B6
:209D00000F91FF90EF90DF90CF90BF90AF909F908F907F906F9008954615570591F42617C7
:209D2000370724F0892D4B01C22FD82F9E01281939092F5F3F4F068CF78DE02DA601B4011A
:209D4000DACF0284F385E02D1995D501ED91FC910488F589E02D83019401A601BE01C50164
:209D60001995D501ED91FC910688F789E02DC501DF91CF911F910F91FF90EF90DF90CF9077
:209D8000BF90AF909F908F907F906F901994EF92FF920F931F93DC011A960D911C911B973C
:209DA00018962D913C911997ED91FC9100A0F1A1E02D7B0150E040E070E060E019951F91B6
:209DC0000F91FF90EF9008954F925F926F927F928F929F92AF92BF92CF92DF92EF92FF928C
:209DE0000F931F93CF93DF936C012B015A0139014801DC01ED91FC910284F385E02D199523
:209E0000E201640C751CD601ED91FC91C615D7055CF40088F189E02D87019401A501BE01E4
:209E2000C60119952196EFCF0688F789E02DC601DF91CF911F910F91FF90EF90DF90CF905A
:209E4000BF90AF909F908F907F906F905F904F9019948F929F92AF92BF92CF92DF92EF9266
:209E6000FF920F931F93CF93DF93EC015B014A016901E881F9810284F385E02D19959501F9
:209E80002C0D3D1D21503109E881F9810488F589E02D78018401A401B501CE011995E8814B
:209EA000F9810688F789E02DCE01DF91CF911F910F91FF90EF90DF90CF90BF90AF909F9085
:209EC0008F9019948F929F92AF92BF92CF92DF92EF92FF920F931F93CF93DF93EC015B017D
:209EE0004A0169017801E881F9810284F385E02D1995C80CD91C860101501109E881F981FA
:209F00000488F589E02D9501A401B501CE011995E881F9810688F789E02DCE01DF91CF911F
:209F20001F910F91FF90EF90DF90CF90BF90AF909F908F9019940895EF92FF920F931F9369
:209F4000DC01ED91FC9100A0F1A1E02D19951F910F91FF90EF9008950F931F93DC01ED9182
:209F6000FC91068CF78DE02D19951F910F9108950F931F93DC01ED91FC91048CF58DE02D3B
:209F800019951F910F910895DC01ED91FC910084F185E02D19942F923F924F925F926F9225
:209FA0007F928F929F92AF92BF92CF92DF92EF92FF920F931F93CF93DF9300D000D0CDB77C
:209FC000DEB73C016A013E832D83FC82EB825801A41AB50AB7FE03C0B194A194B1088D805A
:209FE0009E80861A970A97FE03C09194819491088A149B045CF0902F812F0D811E819D8392
:20A000008E839C2D8D2D6B01692F782F0C151D055CF09D818E817E836D83692F782F902F56
:20A02000812F8601C92ED82E1601201A310A2B012D813E81421A530A57FE03C0519441943C
:20A040005108710137FE03C03FEFE31AF30AF594E7948D819E81861797075CF5A1E0B0E047
:20A06000BA83A983C016D1064CF1D301ED91FC910484F585E02D2B813C81A8016D817E81A0
:20A080008A149B041CF04D815E81B801C3011995E418F508F7FE0AC02D813E8189819A8155
:20A0A000280F391F3E832D83E20CF31C0F5F1F4FD9CF2FEF3FEF3A832983D4CF26960FB646
:20A0C000F894DEBF0FBECDBFDF91CF911F910F91FF90EF90DF90CF90BF90AF909F908F9026
:20A0E0007F906F905F904F903F902F900895AF92BF92CF92DF92EF92FF920F931F93CF932D
:20A10000DF936B017A01EC01C751D44F28813CE0389F8001399F100D1124A090E80BB12C77
:20A1200027FF1FC0FB011182108288818F5F888388819801280F311D87FD3A95F6012A1547
:20A140003B051CF488818C30C4F180819181049680349C4908F473C0F6018081918104961C
:20A1600070C088819801280F311D87FD3A952A153B05DCF68881A801480F511D87FD5A95FA
:20A18000FA01EE0FFF1FE40FF51FE85AF44F808186FFCBCF8881F801E80FF11D87FDFA95E3
:20A1A000CF01EE0FFF1FE80FF91FE85AF44F808160E08F730E940943B8CF808191812881AC
:20A1C000A801420F511D27FD5A959A01FA01EE0FFF1FE20FF31FE85AF44F21813281820FE5
:20A1E000931FF7019183808388819801280F311D87FD3A95F901EE0FFF1FE20FF31FE85ACA
:20A20000F44F808186FF22C08881080F111D87FD1A95F801EE0FFF1FE00FF11FE85AF44F7A
:20A22000808161E08F73DF91CF911F910F91FF90EF90DF90CF90BF90AF900C94094380E400
:20A240009CE9F701918380838FEF8883DF91CF911F910F91FF90EF90DF90CF90BF90AF9057
:20A26000089508952091350B260F3327331F21323105ECF420913710FC0190E080E0243050
:20A2800069F082E00895A091350B2191AC014B5E544FA40FB52FB11D2C930196861798F367
:20A2A0008091350B680F6093350B80E0089581E008959B01AC0160E074E284EF90E00E9444
:20A2C000D591205131094109510956954795379527952093B80008951092371081E0809315
:20A2E00036101092111061E084E10E94094361E085E10E940943E9EBF0E080818E7F808377
:20A3000080818D7F808388E48093B80085E48093BC0008951092101010920F1010923E10AE
:20A32000109260100E946C5181EF90E490930E1080930D1082EF90E490930C1080930B1005
:20A340000895CF93DF9391E09093140B8823B9F0C091B800D091BA008091BC008A7B80937C
:20A36000BC0060E084E10E94094360E085E10E9409430E946C51D093BA00C093B800DF9103
:20A38000CF9108958F929F92AF92BF92CF92DF92EF92FF920F931F93CF93DF93D0916010FF
:20A3A000D13208F0D7C0182FC0915F100E943D456B017C018091371081116BC082E080936D
:20A3C0003710109336108FEF8093351010923410D0933310AFE3B0E1E3E1F0E180E0D813E8
:20A3E00091C01092121080911210CC0FC82BC093121080911110813009F088C010921110EB
:20A400000E943D456B017C01809112108093BB008091391090913A10A0913B10B0913C1060
:20A42000892B8A2B8B2BA1F00E943D450091391010913A1020913B1030913C106C197D096F
:20A440008E099F09061717072807390708F442C08091BC0083FDD8CF85EC8093BC000E943F
:20A460003D456B017C0180913710823009F450C0809135108F3F09F46FC080913510803202
:20A4800009F46CC080913510803309F469C084E026C08091391090913A10A0913B10B09198
:20A4A0003C10892B8A2B8B2B09F484CF0E943D458090391090903A10A0903B10B0903C10F3
:20A4C0006C197D098E099F0986169706A806B90608F070CF809138100E94A15185E0109261
:20A4E0003E101092601010923D10DF91CF911F910F91FF90EF90DF90CF90BF90AF909F9054
:20A500008F9008959D9191938F5F69CF85EEA5CF8091391090913A10A0913B10B0913C1052
:20A52000892B8A2B8B2B09F49ECF0E943D450091391010913A1020913B1030913C106C191B
:20A540007D098E099F09061717072807390708F08ACFC0CF81E0C3CF80E0C1CF82E0BFCFD9
:20A5600083E0BDCFAF92BF92CF92DF92EF92FF920F931F93CF93DF93DA01A00FB11FEC0107
:20A58000EC81FD81EA17FB0710F490E01CC069017A015B0188810E94E740012B01F589813E
:20A5A0009A81DC01ED91FC910280F381E02DA701B5011995E816F90641F781E00E94C2513E
:20A5C00091E08111E2CF892FDF91CF911F910F91FF90EF90DF90CF90BF90AF900895C11413
:20A5E000D104E9F289819A81DC01ED91FC910280F381E02D41E050E0B6011995019729F62E
:20A60000CECF2F923F924F925F926F927F928F929F92AF92BF92CF92DF92EF92FF920F93BD
:20A620001F93CF93DF9300D000D000D01F92CDB7DEB77C0180E48D83D70116962D913C915A
:20A64000C901079697FD079673E0959587957A95E1F78987F70144815581242F83A594A58B
:20A6600097FD079663E0959587956A95E1F7382ED70199964C90241508F4442EF70165A557
:20A6800076A577FD60E0DA01BB27B887AF83842C912C5401489FA00CB11C11242F5F260FA3
:20A6A0002A87B9853B1608F089C0F701C7A0D0A4CA0CDB1C84815A84581A5418058CF68DA4
:20A6C000E02D90EB930DD701DA968C919401280F311D44E0359527954A95E1F7205F840D62
:20A6E0008F70309709F448C064807580B1E06B1A71081A8219829A832B838C83F701678D2A
:20A7000070A181A192A10E94595110E000E030E020E044E050E0BE016F5F7F4FD7015D962D
:20A720008D919C910E94B2526E825520B1F02E80521408F4252C622C712C01E010E09E0126
:20A740002B5F3F4FA301B601F701858D968D0E94B252C60CD71C5218E8CFD70193966D91CE
:20A760007D918D919C9196970E9459513394EF81F885AE0EBF1E95CF99832A838B8360E03F
:20A78000F70181A90E94094343E050E0BE016F5F7F4FD7015B968D919C910E94804961E03B
:20A7A000F70181A90E940943452D50E0B601D7015B968D919C910E948049D8CF80E094E036
:20A7C000D7019A969C938E9399979C969C938E939B978FEF9FEF9E969C938E939D97D09613
:20A7E0009C938E939F972A960FB6F894DEBF0FBECDBFDF91CF911F910F91FF90EF90DF902F
:20A80000CF90BF90AF909F908F907F906F905F904F903F902F9008950F931F93CF93DF93CE
:20A8200000D0CDB7DEB78C016B83FC01858D968D0097B1F01A8219826A8310E000E030E046
:20A8400020E042E050E0BE016F5F7F4F0E94B2520F900F900F90DF91CF911F910F9108950B
:20A8600060E081A90E94094341E050E0BE016D5F7F4FF801838D948D0E948049E9CF611117
:20A8800003C066EA0C940C5467EAFCCFE091101080910F10E81730F4F0E0EC50F54F808154
:20A8A00090E008958FEF9FEF08959091101080910F102FEF3FEF981748F4E92FF0E0EC5016
:20A8C000F54F208130E09F5F90931010C901089580910F1090911010891B990B0895CF9224
:20A8E000DF92EF92FF920F931F93CF93DF937C01CB018A0120913D10222389F0EB016B01C5
:20A90000C40ED51ECC15DD0569F06991D701ED91FC910190F081E02DC7011995F3CF642F9F
:20A920000E943251C801DF91CF911F910F91FF90EF90DF90CF900895CF93DF931F92CDB787
:20A94000DEB7698320913D102223F9F020916010203258F021E030E0FC013383228390E0B6
:20A9600080E00F90DF91CF91089580913E10E82FF0E0E15CFF4E998190838F5F80933E101F
:20A980008093601081E090E0ECCF61E0CE0101960E943251F7CF682F81E690E10C949C5417
:20A9A000CF93C82F846090E00E94CB548C2F90E08B7FCF910C94CB5481E00C94C251CF935F
:20A9C000DF93EC018B81882371F088810E94E74089819A810E94DC5491E0811190E0892F0C
:20A9E000DF91CF9108950E948A5181E08B83CE010E94DF54982F8111E8CFF1CFCF92DF92B8
:20AA0000EF92FF921F93CF93DF93EC016B01142F8D8D9E8D892B09F447C089A10E94E74012
:20AA20008D8D9E8DDC01ED91FC910190F081E02D60E019957601CC24C394D12C11508D8DB6
:20AA40009E8D1F3F41F1B0E2CB16D10490F00E94DC5489A10E94E7408D8D9E8DDC01ED910E
:20AA6000FC910190F081E02D60E01995CC24C394D12C8D8D9E8DF7016491DC01ED91FC91EE
:20AA80000190F081E02D1995BFEFCB1ADB0AEFEFEE1AFE0AD3CFDF91CF911F91FF90EF9063
:20AAA000DF90CF900C94DC54EDA5FEA590818BA98095892380837B01115070F1F70184916F
:20AAC0002B8D3C8D232B31F00E947649FFEFEF1AFF0AF2CF28E030E040E8E9A5FAA599A9B5
:20AAE000582F5423A9F05081952B9083EBA5FCA590815AA9952B9083EBA5FCA550819AA9BE
:20AB000090959523908346952150310931F7DECF508190959523E9CFDF91CF911F91FF9075
:20AB2000EF90DF90CF9008951F93CF93DF93EC018D8D9E8D892BF9F0162F89A10E94E7409E
:20AB40008D8D9E8DDC01ED91FC910190F081E02D60E019958D8D9E8DDC01ED91FC9101900D
:20AB6000F081E02D612F19958D8D9E8DDF91CF911F910C94DC54ADA5BEA59C918BA9809559
:20AB800089238C938B8D9C8D892B31F0862FDF91CF911F910C94764928E030E080E8A9A572
:20ABA000BAA599A9462F4823C1F04C91942B9C93ABA5BCA59C914AA9942B9C93ABA5BCA528
:20ABC0004C919AA9909594239C9386952150310931F7DF91CF911F9108954C919095942386
:20ABE000E6CF1F93CF93DF93EC01162F8D8D9E8D892BC9F06DA97EA98FA998AD0E94595130
:20AC000066EA111167EACE010E9494558D8D9E8D892BC9F069AD7AAD8BAD9CADDF91CF91D7
:20AC20001F910C9459518B8D9C8D892B21F08EAD9FAD0E947D49EFA5F8A990818CA9809595
:20AC400089238083DDCFEFA5F8A980819CA9892B8083DF91CF911F9108950F931F93CF9394
:20AC6000DF938C01C62FD42FFC0184810E94E7408C2F807F8D2BF8019585892B0E94D05413
:20AC8000F0E1CF9FC0011124F8019585892B8D2B0E94D05481E690E1DF91CF911F910F9142
:20ACA0000C94DC54CF93DF9300D000D01F921F92CDB7DEB728E0E5E4F2E0DE01119601901B
:20ACC0000D922A95E1F7FC012385241710F44FEF420F50E0440F551F21E030E02C0F3D1F2C
:20ACE000420F531FFA012081620F606840E028960FB6F894DEBF0FBECDBFDF91CF910C9427
:20AD00002D56CF93DF93EC0140E061E00E942D568BE39FE10197F1F78985882339F040E0F9
:20AD200060E0CE01DF91CF910C945256DF91CF91089541E00E942D5681E090E008950F9329
:20AD40001F93CF938C01C62FFC0184810E94E740C07FF80185858C2B0E94D05481E690E1FB
:20AD6000CF911F910F910C94DC54AF92BF92CF92DF92FF920F931F93CF93DF936C01F62EA5
:20AD8000172F042FFC0184810E94E740CF2DD12F10E05E01A00EB11EF12CCA15DB0509F1D1
:20ADA0008991F60195859160807F892B0E94D054FE0131972081F0E12F0290011124F601D7
:20ADC00085858160822B0E94D054F394F7E0FF1520F780E00E94C251F60184810E94E740B2
:20ADE000DBCF81E690E10E94DC54C8010197DF91CF911F910F91FF90DF90CF90BF90AF9093
:20AE0000089590E080E00895CF93DF93FC012381222359F1EC0161E084810E94374361E094
:20AE20008D810E9437438B81843011F08830B1F461E08E810E94374361E08F810E943743F1
:20AE40008FA58F3F91F061E00E9437436EA581E068278FA5DF91CF910C940943833011F06B
:20AE6000863071F761E08E81E9CFDF91CF910895CF93DF93FC0123812223A9F0EC0101906E
:20AE8000F081E02D0480F581E02D60E019958FA58F3F49F061E00E9437436EA58FA5DF91F0
:20AEA000CF910C940943DF91CF910895DC01ED91FC91119724813581477055276627772790
:20AEC0004150510961097109473051056105710570F4FA018827E059F84A8F4F0C9422923F
:20AEE0007B577D577F57815783578557875761E0CD01F901199465E0FBCF64E0F9CF66E053
:20AF0000F7CF62E0F5CF6AE0F3CF68E0F1CF69E0EFCFCF93DF93EC01CB01BA0126E030E0EC
:20AF200040E050E00E94A391623071058105910589F16CF46115710581059105D1F0613093
:20AF4000710581059105F9F0DF91CF910895643071058105910561F124F1653071058105EB
:20AF6000910591F7E881F9810480F581E02D66E006C0E881F9810480F581E02D64E0CE01C0
:20AF8000DF91CF911994E881F9810480F581E02D65E0F5CFE881F9810480F581E02D61E016
:20AFA000EECFE881F9810480F581E02D63E0E7CFE881F9810480F581E02D62E0E0CFDC0139
:20AFC000ED91FC910480F581E02D4370552766277727423051056105710571F04330510537
:20AFE0006105710559F0413051056105710511F065E0199466E0FDCF6AE0FBCF69E0F9CF5F
:20B00000CF93DF93EC01CB01BA0123E030E040E050E00E94A391613071058105910599F003
:20B020006230710581059105A9F0672B682B692BC1F4E881F9810480F581E02D64E0CE01E8
:20B04000DF91CF911994E881F9810480F581E02D61E0F5CFE881F9810480F581E02D62E058
:20B06000EECFDF91CF910895DC01ED91FC910480F581E02D43705527662777274230510595
:20B080006105710571F0433051056105710559F0413051056105710511F062E0199463E0AF
:20B0A000FDCF61E0FBCF60E0F9CFCF93DF93EC01E881F9810480F581E02D8A8160E0811129
:20B0C00062E0CE011995E881F9810480F581E02D8A8161E0811163E0CE0119958CA59DA5B6
:20B0E0000E948044E881F9810480F581E02D8A8160E0811162E0CE01DF91CF911994CF9333
:20B10000DF93EC0120E030E0A9016C897D898E899F890E943F9318162CF4E8A9F9A9DF9177
:20B12000CF911994EAA9FBA9FACFCF92DF92EF92FF920F931F93CF93DF93DC011396CC9113
:20B14000C43039F0C83059F1C33019F0C63049F1C2E08C010C5F1F4FF12CE12CC62ED12C41
:20B16000D1E0F8016481C6010E2C02C0959587950A94E2F780FD6D270F5F1F4F80810E9430
:20B180000943BFEFEB1AFB0AEC1658F3DF91CF911F910F91FF90EF90DF90CF900895C4E021
:20B1A000D8CFC3E0D6CFDC011396EC911397E93008F042C0F0E08827EF51F74A8F4F0C9462
:20B1C0002292EA58F258F958005907591C590E591C591559ED91FC9111970084F185E02DAC
:20B1E000CD011994ED91FC9111970284F385E02DF7CFED91FC9111970484F585E02DF0CFCF
:20B20000ED91FC9111970684F785E02DE9CFED91FC9111970088F189E02DE2CFED91FC9132
:20B2200011970288F389E02DDBCFED91FC9111970488F589E02DD4CF08954F925F926F92CC
:20B240007F928F929F92AF92BF92CF92DF92EF92FF920F931F93CF93DF93EC01C888D9884F
:20B26000EA88FB888C859D85AE85BF85C81AD90AEA0AFB0A6C897D898E899F899B01AC01EE
:20B280000E94CF904B015C016C8D7D8D8E8D9F8D9B01AC010E942B929B01AC01C501B4014E
:20B2A0000E9497920E940993C114D104E104F10409F0B1C062307105810591050CF0CBC0EC
:20B2C0001CA21DA21EA21FA21C8A1D8A1E8A1F8A1CAA1DAA1EAA1FAADF91CF911F910F9194
:20B2E000FF90EF90DF90CF90BF90AF909F908F907F906F905F904F900895101611061206C8
:20B300001306B4F46C157D058E059F051CF42A812111A1C09B01AC0188279927DC01821BB2
:20B32000930BA40BB50B8CAB9DABAEABBFAB93C0011511052105310509F48DC06C157D0596
:20B340008E059F050CF087C08A81882309F483C030952095109501951F4F2F4F3F4F0CAB97
:20B360001DAB2EAB3FAB77C0011511052105310509F471C08824992454018C189D08AE0898
:20B38000BF08681579058A059B050CF064C08A81811161C0DDCFCCACDDACEEACFFACA70144
:20B3A0009601C701B6010E942B922B013C01C501B4010E94709020E030E040E850E40E9484
:20B3C000CF9020E030E040E85FE30E942B929B01AC01C301B2010E9497929B01AC01C70199
:20B3E000B6010E942A923B016C01FE01E05CFF4FE080F180028113819701A8010E943F9369
:20B40000181614F473018601C701D8018CAF9DAFAEAFBFAF3AC00CA91DA92EA93FA91C14A4
:20B420001D041E041F040CF468CF10161106120613060CF099CF0027112798010C191D095A
:20B440002E093F0960177107820793070CF062CF2A8121115FCF8CA89DA8AEA8BFA8811458
:20B460009104A104B10409F096CF88AD99ADAAADBBAD8CAF9DAFAEAFBFAF81E01C141D0441
:20B480001E041F040CF080E08A833FEF831A930AA30AB30A8CAA9DAAAEAABFAACCACDDACED
:20B4A000EEACFFACC701B6010E9410936CA37DA38EA39FA3A701960160E074E284E799E424
:20B4C0000E9497926C8B7D8B8E8B9F8B2A81211103CF90586C8B7D8B8E8B9F8BFDCECF925A
:20B4E000DF92EF92FF920F931F93CF93DF93EC016A017B0120E030E0A901CB01B6010E94EE
:20B50000699087FF04C0F7FAF094F7F8F094A7019601688D798D8A8D9B8D0E946990882341
:20B5200009F446C0C88ED98EEA8EFB8E8E01005C1F4FA701960160E074E284E799E40E9492
:20B540009792F80160837183828393838CA99DA9AEA9BFA9181619061A061B064CF56C89D9
:20B560007D898E899F899B01AC010E94CF906B017C016C8D7D8D8E8D9F8D9B01AC010E941E
:20B580002B929B01AC01C701B6010E9497920E9409936CAB7DAB8EAB9FABCE01DF91CF91BC
:20B5A0001F910F91FF90EF90DF90CF900C941D59DF91CF911F910F91FF90EF90DF90CF904D
:20B5C00008958F929F92AF92BF92EF92FF920F931F93CF937C018B01C42F0E949445F801B2
:20B5E00080809180A280B380DC01CB0188199909AA09BB094C2F50E070E060E08417950710
:20B60000A607B70748F0F70119950E949445F8016083718382839383CF911F910F91FF903C
:20B62000EF90BF90AF909F908F9008952091DE0A3091DF0A280F391F81E02134364008F01C
:20B6400080E00895FC0180818823F9F084818823E1F08181811119C081E0818382819381F1
:20B66000FC014089518962897389403659476E4F7F4F59F040E659E76EEF7FEFFC01408B60
:20B68000518B628B738B0C941D5908954F925F926F927F928F929F92AF92BF92CF92DF9296
:20B6A000EF92FF920F931F93CF93DF93D12CA7E1CA2E08E810E0B8E5EB2EB2E0FB2EC4EBD3
:20B6C0004C2E512C612C712C80919D04D81608F096C0C0919B04D0919C04DC9CC00DD11D37
:20B6E000112489899A89AB89BC894D855E856F85788984179507A607B70709F47AC0481785
:20B7000059076A077B070CF076C00197A109B109898B9A8BAB8BBC8BA989BA89A03282E049
:20B72000B807ACF52B854801821A910827FD9394880C991C880C991C092C000CAA08BB08E8
:20B740002C85C701821B910927FD93959C01220F331F220F331F032E000C440B550B28191D
:20B7600039094A095B09A53BB10514F0A4EBB0E0B7FF02C0B0E0A0E00E94CD91A301920158
:20B780000E94A391820E931EA41EB51ED401EA85E03378F52B85C801821B910927FD93953D
:20B7A0009C01220F331F220F331FA217B3077CF02C85C701821B910927FD93959C01220F3D
:20B7C000331F220F331FA217B3070CF49D0122503109220F331F4FB7F8948E2F90E0FC0198
:20B7E000EE0FFF1FE80FF91FE85AF44F328321834FBFD39469CF0196A11DB11D89CFDF91A9
:20B80000CF911F910F91FF90EF90DF90CF90BF90AF909F908F907F906F905F904F90089547
:20B820008BE891E00197F1F70895EF92FF920F931F93CF93DF93EC01162FE42EFF24F394DF
:20B84000442311F080E8F82E08E061E08A810E9437430E94105C61E08F2D812309F060E0BA
:20B8600089810E9437430E94105C60E08A810E9437430E94105CEE2081F1110F015029F70E
:20B8800061E08A810E94374360E089810E9437430E94105C60E08A810E9437430E94105C57
:20B8A00089810E94E042182F811104C061E089810E9437430E94105C61E08A810E94374340
:20B8C0000E94105C81E0111101C080E0DF91CF911F910F91FF90EF9008951695CFCFCF9340
:20B8E000DF93EC0161E089810E9437430E94105C60E08A810E9437430E94105C60E08981B5
:20B900000E943743DF91CF910C94105C61E0FC0181810E9437430C94105CAF92BF92CF92D4
:20B92000DF92EF92FF920F931F93CF93DF93EC01162F042FAC880E94865C40E060E4CE010C
:20B940000E94155CCE010E946F5C10958C89180FC02ED12CE12EF12C84E0B12EA81631F07E
:20B96000F601EE0DFF1DEF54FD4FB080CE010E94865C60EC6B0D40E0CE010E94155C8C89CC
:20B98000CE0CDF1C8C151D0414F4082F011B10E0DD24DA94D00EEC0EFD1E011781F084E076
:20B9A000ED2DE11BA81201C0E12FEE0DFF2DF11D41E06481CE010E94155C1F5FEECFCE01BF
:20B9C000DF91CF911F910F91FF90EF90DF90CF90BF90AF900C946F5CEF92FF921F93CF934C
:20B9E000DF93EC01162F8C8180FF10C0603170F46D837E0184E0E80EF11C612F6170899101
:20BA00000E9409431695EC16FD06B9F7DF91CF911F91FF90EF900895DC01842FE091950413
:20BA2000F0919604309719F04D915C91199408954F925F926F927F928F929F92AF92BF923E
:20BA4000CF92DF92EF92FF920F931F93CF93DF93F12C6FE1E62E80919104F81608F0EAC003
:20BA6000C0918F04D0919004FE9CC00DD11D11248A81882309F4B2C088810E94E0428C01E4
:20BA800089810E94E0426C010E9494454B015C0181E090E0CD2811F090E080E0880F991F61
:20BAA00021E0012B09F020E0922F982B4B8D5C8D6D8D7E8D95018401041B150B260B370B49
:20BAC000B901A801453651056105710508F488C08885823008F484C08B8E9C8EAD8EBE8E49
:20BAE00081508887EE859E1709F445C0888503E310E0873010F401E010E06D8524E0E202F3
:20BB0000F0011124492F092E000C550BE42BF52BEE55FD4F708170039001719F300D1124AF
:20BB2000062E02C0220F331F0A94E2F7EF85F8892E0F3F1F388B2F874C0F5D1FFA01418574
:20BB40004423C1F04B885C886D887E884F8A588E698E7A8E8B8A9C8AAD8ABE8A02C0359517
:20BB600027956A95E2F73A8B298B8C3008F08BE08F5F88879E8709891A898D819E810817F6
:20BB8000190761F19801281B390BC901E0918D04F0918E046901CC0CDD1C309709F447C02E
:20BBA0006B817C812F5C3F4F23363105D0F597FD2FC080E01995C00ED11E31E4C3163FE1D3
:20BBC000D30654F08F85988983709927988B8F871A8A198A10E000E01E830D83F3943BCF4E
:20BBE0004F89588D698D7A8D95018401041B150B260B370BB901A801453F5140610571056A
:20BC000008F470CF8B8E9C8EAD8EBE8E18866ACF82E01995C8018C199D09803C904E94F204
:20BC2000DBCF97FD02C081E0C5CF83E0F2CF37FDF1CFC1CFDF91CF911F910F91FF90EF9039
:20BC4000DF90CF90BF90AF909F908F907F906F905F904F900895CF92DF92EF92FF920F933B
:20BC60001F93CF93DF936C017A0180918B0490918C04892B31F1D60113968C9100E181FD33
:20BC800008E0EB01CE25DF2510E0C0FF13C080918B0490918C04892B69F0E0918904F0917A
:20BCA0008A04309739F0D6014D915C91612F8E2D81701995D695C795F694E7941F5F01131C
:20BCC000E4CFDF91CF911F910F91FF90EF90DF90CF900895AF92BF92CF92DF92EF92FF92A2
:20BCE0000F931F93CF93DF931F92CDB7DEB7C0908B04D0908C04C114D10409F43FC0FC01E0
:20BD0000238130E1B32E21FF02C028E0B22EA62E8C01F60185818683F12CE12CBA946B2D4C
:20BD2000C6010E94EC5CF80182810E94E0428983F80182810E94E0428983EE0CFF1C2981FB
:20BD400081E090E0211102C090E080E0E82AF92AB110E4CFF6016681C6010E94EC5CF8011D
:20BD6000648175816E157F0549F0AA2021F0A701C8010E942B5EF801F582E4820F90DF914C
:20BD8000CF911F910F91FF90EF90DF90CF90BF90AF900895CF93DF93C0E0D6E08091880425
:20BDA000C81768F4809186049091870461E0CD9F800D911D11240E946A5ECF5FEFCFDF911E
:20BDC000CF910895E0918404F0918504309751F0DC0113962C911397222321F06D917C910D
:20BDE00081E019940895E0918404F0918504309751F0DC0113962C911397211104C06D91AC
:20BE00007C9180E0199408950F931F93CF93DF9310E005E080918304181730F5C0918104AC
:20BE2000D0918204109FC00DD11D11248C81882399F08A810E94E0429B81891769F091E0E6
:20BE4000811101C090E09B839C81811107C0992319F0CE010E94F35E1F5FDCCF9923E1F34B
:20BE6000CE010E94E25EF8CFDF91CF911F910F910895FC01A08DB0E01396AA0FBB1FA80FE0
:20BE8000B91F868997892D913C91821B930B978B868B8281863308F0865320917B00982F22
:20BEA0009870277F922B90937B008770806480937C0080917A00806480937A0080917A0088
:20BEC00086FDFCCF8091780090917900A08DB0E01396AA0FBB1FAE0FBF1F8D939C93A08DE1
:20BEE000B0E01396AA0FBB1FAE0FBF1F868997892D913C91820F931F978B868B808D8F5FB0
:20BF0000808F808D8770808F0895CF93DF93C0E0DEE180918004C81778F480917E0490919B
:20BF20007F04CD9F800D911D1124FC01258D21110E94395FCF5FEDCFDF91CF910895CF93CE
:20BF4000DF93C0E0DEE180918004C817C8F5A0917E04B0917F04CD9FA00DB11D11245D9659
:20BF60008C915D97882351F156968D919C91579723E0969587952A95E1F713962D913C9189
:20BF80001497AC01421B530B9A0157FF03C031952195310915964C9115974217130609F085
:20BFA0006CF414969C938E931397E0917C04F0917D04309719F06D917C911995CF5FC3CF41
:20BFC000DF91CF910895CF93C62FFC0181810E94E74081E090E002C0880F991FCA95E2F7BB
:20BFE0000E94CB5481E690E10E94DC5465E070E080E090E0CF910C946245FC0180819181BA
:20C00000892B21F4828193810C94E34584819581FBCFFC0180819181892B41F40280F381A4
:20C02000E02D758764875787468708950480F581E02DF7CFFC0180819181892B79F4028044
:20C04000F381E02D818D928D892B29F486859785069697878687728F618F08950480F581EB
:20C06000E02DF0CFCF92DF92EF92FF920F931F93CF93DF93DC012D913C911197232B09F091
:20C08000DAC0FC01C281D3818D8D9E8D892B09F469C06DA97EA98FA998AD0E94595145E028
:20C0A00064ED77E7CE010E94FE546C816150CE010E9494552E813F81C901079697FD07960F
:20C0C00023E0959587952A95E1F72C813D81829F7001839FF00C929FF00C11240F8D18A1AE
:20C0E0008D8D9E8DE00EF11E892B09F460C089A10E94E7408D8D9E8DDC01ED91FC9101907C
:20C10000F081E02D60E41995CC24C394D12C8D8D9E8DE016F106B1F1B0E2CB16D10490F0CF
:20C120000E94DC5489A10E94E7408D8D9E8DDC01ED91FC910190F081E02D60E41995CC241C
:20C14000C394D12C8D8D9E8DF80161918F01DC01ED91FC910190F081E02D1995BFEFCB1A93
:20C16000DB0AD5CF8B8D9C8D892B21F08EAD9FAD0E947D49EFA5F8A990818CA98095892305
:20C1800080838DCF0E94DC548D8D9E8D892B09F443C069AD7AAD8BAD9CADDF91CF911F9137
:20C1A0000F91FF90EF90DF90CF900C945951EDA5FEA580819BA9892B8083E016F10621F387
:20C1C000F80181918F012B8D3C8D232B19F00E947649F3CF28E030E040E8E9A5FAA599A91A
:20C1E000582F5423A9F05081952B9083EBA5FCA590815AA9952B9083EBA5FCA550819AA9A7
:20C2000090959523908346952150310931F7D5CF508190959523E9CFEFA5F8A980819CA9FB
:20C22000892B8083DF91CF911F910F91FF90EF90DF90CF90089514968D919C91DC01ED915E
:20C24000FC9100A4F1A5E02DDF91CF911F910F91FF90EF90DF90CF901994CF92DF92EF920E
:20C26000FF920F931F93CF93DF93EC0160E088810E9409430B8110E00115110501F1EC81DA
:20C28000FD81E00FF11F3197E080D980CA8088E0F82E6E2D661F6627661F8C2D0E940943EF
:20C2A000EE0C61E08D2D0E94094360E08D2D0E940943FA94F110EDCF01501109DDCF61E010
:20C2C0008881DF91CF911F910F91FF90EF90DF90CF900C9409439F92AF92BF92CF92DF92D8
:20C2E000EF92FF920F931F93CF93DF93EC01C62E61E08B810E94094361E08A810E940943AE
:20C3000010E08D81181708F044C0DB80BC8087E0E82EF12C00E061E08D2D0E9409438B2D42
:20C320000E94E0420E2C01C0880F0A94EAF7082B60E08D2D0E94094381E0E81AF10858F762
:20C34000A12EB12CEF81F885EA0DFB1DD080D016F1F0CC20B9F0912E990C990C990CE02ECD
:20C36000F12C8D2D8E2580FF07C04E2D4170692D6F0DCE010E940C5DD694E694F39488E002
:20C38000F812EFCFEF81F885EA0DFB1D00831F5FB8CF60E08A81DF91CF911F910F91FF9057
:20C3A000EF90DF90CF90BF90AF909F900C940943CF93DF93C0E0D9E080919404C81768F476
:20C3C000809192049091930461E0CD9F800D911D11240E946B61CF5FEFCFDF91CF9108951A
:20C3E000AF92BF92CF92DF92EF92FF920F931F93CF93DF93C0E0D5E080918304C81778F467
:20C400008091810490918204CD9F800D911D1124FC01248121110E94E25ECF5FEDCFC0E0C3
:20C42000D5E080918304C81778F48091810490918204CD9F800D911D1124FC012481211177
:20C440000E94F35ECF5FEDCF10E059E0C52E80919404181708F056C0C0919204D09193041E
:20C460001C9DC00DD11D112460E0CE010E946B61D12CF12CE12C8D818E151F04E9F0E4F0EE
:20C48000EF81F885EE0DFF1D808100E0A82EB12C80FF06C041E06D2D600FCE010E940C5DBB
:20C4A000B594A7948A2D0F5F083081F7FFEFEF1AFF0A88E0D80EDFCFD12CF12CE12C8D81F2
:20C4C0008E151F04E9F0E4F0EF81F885EE0DFF1D808100E0A82EB12C80FD06C040E06D2D54
:20C4E000600FCE010E940C5DC501959587950F5F083081F7EFEFEE1AFE0AF8E0DF0EDFCF68
:20C500001F5FA5CF10E006E0809188041817E0F4C0918604D0918704109FC00DD11D11244D
:20C5200060E0CE010E946A5E4C815D8170E060E0CE010E942B5E4C815D816FEF7FEFCE0107
:20C540000E942B5E1F5FE0CFC0E0DEE180918004C81728F5A0917E04B0917F04CD9FA00D03
:20C56000B11D11245D968C915D978823B1F056968D919C91579723E0969587952A95E1F762
:20C5800014969C938E931397E0917C04F0917D04309719F06D917C911995CF5FD7CFDF9137
:20C5A000CF911F910F91FF90EF90DF90CF90BF90AF9008950E948C40882359F081E08093EE
:20C5C0009D1280939E1280919F129091A0120C94DC8F10929E1290E080E00895CF930E9486
:20C5E000DA62C82F0E94DA6261E08F3F910519F0009729F460E08C2FCF910C940943BC01C4
:20C600008C2FCF910C94A9430E94DA629091F80B891768F42091F60B3091F70BA9016EE008
:20C62000869F400D511D1124CA010C94225B08950F931F930E94DA629091F80B891708F072
:20C640004DC0E091F60BF091F70B9EE0899FE00DF11D11248081882309F440C0A281B38102
:20C660001C961D921D921D921C921F9750961D921D921D921C925397D4961D921D921D9295
:20C680001C92D79794961D921D921D921C92979754961D921D921D921C9257978485882324
:20C6A000E9F082819381428550E0519541955109052E000C660B770BFC0100891189228980
:20C6C0003389401751076207730741F0408B518B628B738B1F910F910C941D591F910F9193
:20C6E00008958F929F92AF92BF92CF92DF92EF92FF921F93CF93DF930E94DA627C010E9452
:20C70000DA62BC0180919D048E151F0409F00CF4A8C027E12E9DC0012F9D900D1124C091C4
:20C720009B04D0919C04C80FD91FCD80DE800D2C000CEE08FF0889809A80092C000CAA0887
:20C74000BB082F813885032E000C440B550B2C193D094E095F09072E000C880B990B68197A
:20C7600079098A099B090E9406922B813C81032E000C440B550B281939094A095B090E9495
:20C78000A391BA01A9014C0D5D1D6E1D7F1D052E000C660B770B8D859E85AF85B88984178F
:20C7A0009507A607B70709F45CC04D875E876F87788B8985811155C08A85803308F04FC029
:20C7C000188161E0812F0E9437438A85282F30E0F901EE0FFF1FE20FF31FE85AF44F1F730E
:20C7E0009081907C912B90831B861C862CE0622F0E941692829FB001112430E020E0AB0160
:20C80000420F531FFA01EE0FFF1FE40FF51FE85AF44F908196FD16C02F5F3F4F2C3031058B
:20C8200071F7813051F51092800082E0809381001092850010928400B19A80916F00826087
:20C8400080936F00EA858E2F90E0FC01EE0FFF1FE80FF91FE85AF44F80818064808381E0C5
:20C860008987DF91CF911F91FF90EF90DF90CF90BF90AF909F908F900895823061F410922A
:20C88000900080939100109295001092940088BB80937100D7CF833069F41092A00082E0D6
:20C8A0008093A1001092A5001092A40089BB80937200C8CF8111C6CF1092200182E0809378
:20C8C000210110922501109224018ABB80937300B9CFEF92FF921F93CF93DF930E94DA62DE
:20C8E000EC010E944C427C010E945F4222E12C9FC0012D9F900D1124C0919704D091980445
:20C90000C80FD91F8E858823A1F010E08989811781F0412F60E0CE010E9452564889B7019C
:20C92000149F600D711D1124CE010E94B5561F5FEDCFDF91CF911F91FF90EF9008950E9491
:20C94000DA62892B49F01092F00B1092F10B1092F20B1092F30B08950E9494456093F00B2E
:20C960007093F10B8093F20B9093F30B0895FB0101900020E9F73197AF01461B570BDC0145
:20C98000ED91FC910280F381E02D19948091D3118823A1F06091A6128091A4129091A51263
:20C9A0000E94B2458091DB11882341F06FE673E08091A4129091A5120E94B7641092DA1174
:20C9C0001092D31180E008958F929F92AF92BF92EF92FF920F931F93CF93DF93CDB7DEB79D
:20C9E000A1970FB6F894DEBF0FBECDBF7C01FA01CB0119A2223008F42AE08E010F5D1F4FF8
:20CA0000822E912CB12CA12CBF01A50194010E94D591F901CA016A300CF5605DD8016E9305
:20CA20008D01232B242B252B79F790E080E0109721F0BD01C7010E94B764A1960FB6F894B8
:20CA4000DEBF0FBECDBFDF91CF911F910F91FF90EF90BF90AF909F908F900895695CDECFC7
:20CA6000CF939091D3119923A9F0C82F6091A7128091A4129091A5120E94B2454C2F50E076
:20CA800070E060E02AE08091A4129091A512CF910C94E464CF9108959091D311911110C0A1
:20CAA00091E09093D3119093DA11482F50E070E060E02AE08091A4129091A5120C94E46428
:20CAC0000895CF93DF939091D31191110EC0EB010E944C658091D311882319F0CE010E9417
:20CAE000B945DF91CF910C94C66480E0DF91CF9108950E9494456093F00B7093F10B809356
:20CB0000F20B9093F30B6FE078E785E00C9461650F931F93CF93DF931092830410929104F6
:20CB20001092E20A9091E50AE091E30AF091E40A80E0981721F0168A8F5F7796FACF109264
:20CB4000E50A30919D04A0919B04B0919C0420E03217D1F019968C911997882391F01A9671
:20CB6000EC911A978E2F90E0FC01EE0FFF1FE80FF91FE85AF44F80818F7B808319961C9243
:20CB800019972F5F5796E4CF10929D049091F80BE091F60BF091F70B80E0981721F01082A9
:20CBA0008F5F3E96FACF1092F80B90917504E0919704F091980480E0981731F02685211175
:20CBC00016868F5F7296F8CF109275041092800490917804E0919904F0919A0480E09817E2
:20CBE00021F016828F5F3796FACF1092780490919404E0919204F091930480E0981721F0F2
:20CC000016828F5F3996FACF1092940410E006E0809188041817A0F4C0918604D0918704BF
:20CC2000109FC00DD11D11248B8180FF07C062E08A810E9437438B818E7F8B831F5FE8CF3E
:20CC4000109288042091F30A30E0E091F10AF091F20A90E080E02817390761F01082438109
:20CC6000413029F4A181B2814C9141111C9201963496F1CF1092F30A1092EF0B1092EE0BFD
:20CC80001092F50B1092DF0A1092DE0A63E178E785E0DF91CF911F910F910C94616566E108
:20CCA00078E78FE00C9461652091DE0A3091DF0A820F931F9093DF0A8093DE0A8034964029
:20CCC00040F06DEF79E785E00E94616590E080E00895C90182569B4F089581E08093F50B91
:20CCE00069E178E781E10C946165CF93DF932091D3112223A1F0EC016091A7128091A41226
:20CD00009091A5120E94B245209749F0BE018091A4129091A512DF91CF910C94B764DF9159
:20CD2000CF9108950F931F93CF93DF93C82FD62F8A018DE10E944C65C8010E9475668D2F84
:20CD40000E9430658C2F0E943065DF91CF911F910F910C94C6640F931F93CF93C82F8B0187
:20CD600086E00E944C65C8010E9475668C2F0E943065CF911F910F910C94C6640F931F93F4
:20CD8000CF93DF93C82FD62F8A018EE10E944C65C8010E9475668D2F0E9430658C2F0E94E0
:20CDA0003065DF91CF911F910F910C94C6640F931F93CF93C82F8B0187E00E944C65C80138
:20CDC0000E9475668C2F0E943065CF911F910F910C94C664CF92DF92EF92FF92CF93DF93B2
:20CDE0006C01EB018CE10E944C65CE010E9475668091D311882321F16091A7128091A412AB
:20CE00009091A5120E94B245C091A412D091A5120D2C000CEE08FF082AE0B701A601F7FEE2
:20CE20000CC06DE2CE010E94B24544275527BA014C195D096E097F092AE0CE010E94E46440
:20CE4000DF91CF91FF90EF90DF90CF900C94C664CF93DF93EC0185E00E944C65CE010E9472
:20CE600075668091D311882321F08CE198E70E94B945DF91CF910C94C6640F931F93CF934A
:20CE8000DF93EC010E94B7648C016FE673E0CE010E94B764800F911FDF91CF911F910F9156
:20CEA0000895FC0180819181892B21F4828193810C943D6784819581FBCFFC0180819181AC
:20CEC000892B21F4828193810C94B76484819581FBCFCF93DF93FC0180819181892B61F4E5
:20CEE000C281D381CE010E94E3456FE673E0CE01DF91CF910C94B764C481D581F3CFFB01A7
:20CF000001900020E9F73197AF01461B570BDC01ED91FC910284F385E02D1994CF92DF92D3
:20CF2000EF92FF920F931F93CF93DF938C01EB01FC01D0886D2D70E0FE0101900020E9F76F
:20CF4000CF0101978C1B9D0B86179707B0F4681B790B76956795D82EC8010E945256CC2E1A
:20CF6000EC2EFD2E8E2D8C198D1548F4F70161917F01C8010E949956F5CF60E0EDCFDF913A
:20CF8000CF911F910F91FF90EF90DF90CF90089520917410309175108217930710F40C9416
:20CFA0008D9180E00895CF92DF92EF92FF920F931F93CF938B017B01C0E06C01C61AD70AE6
:20CFC000C6018E0D9F1D0E94C867CF5FF70181937F01C83281F08E3299F7F801EC0FF11DEB
:20CFE0003197108281E0CF911F910F91FF90EF90DF90CF90089580E0F6CF0F931F93CF9372
:20D00000DF938C01EB01F801808191819C012F5F3F4F318320830E94C86728813981A9012B
:20D020004F5F5F4F598348832D5D334FF901808328813981283EF3E03F0760F48A3319F7E1
:20D040002E5D334FF901108281E0DF91CF911F910F91089580E0F9CFCF93DF938AE00E9411
:20D060004C658091EE0B9091EF0B892B91F18BE390E00E94C867C82F8091D311882379F0F5
:20D080006091A7128091A4129091A5120E94B2456C2F8091A4129091A5120E94B245C1E03A
:20D0A000D0E08091EE0B9091EF0BC817D90788F4CE01CB960E94C8679091D311992339F075
:20D0C000682F8091A4129091A5120E94B2452196E8CFDF91CF910C94C664CF92DF92EF9226
:20D0E000FF920F931F93CF93DF938C01C0907410D0907510C62FD0E0F801808191817C0103
:20D10000FFEFEF1AFF0AF801F182E0820E94C867CE14DF0480F0082E000C990B8C179D070E
:20D1200059F781E0DF91CF911F910F91FF90EF90DF90CF90089580E0F5CFAF92BF92CF928E
:20D14000DF92EF92FF920F931F93CF93DF9300D01F92CDB7DEB75C0119821A821B821C82BB
:20D16000CE0101967C0110E000E06C01F501808191819C012F5F3F4F318320830E94C867A5
:20D18000F7018083F8018E3241F00F5F1F4F8FEFE81AF80A0430110549F7EC0DFD1D10821D
:20D1A000C6010E94DC8F0F900F900F900F90DF91CF911F910F91FF90EF90DF90CF90BF90D4
:20D1C000AF9008950E94A5950F931F93CF93DF93EC0188819981009759F02A813B812617DB
:20D1E000370730F081E0DF91CF911F910F9108958B016F5F7F4F0E94C494009759F0998395
:20D2000088831B830A832C813D81232B59F7FC011082E8CF80E0E7CFCF93DF93EC018881A9
:20D220009981009711F00E943B94198218821D821C821B821A82DF91CF9108950F931F935F
:20D24000CF93DF93EC010C811D810E5F1F4FB8010E94E468882391F0288139818C819D81A6
:20D260006AE674E0820F931F0E94C3951D830C83CE01DF91CF911F910F910895CE010E94A1
:20D280000C69F6CFEF92FF920F931F93CF93DF93EC017B018A01BA010E94E46881110BC020
:20D2A000CE010E940C69CE01DF91CF911F910F91FF90EF9008951D830C83B70188819981E4
:20D2C0000E94C395F0CFCF93DF93EC016115710571F0FB0101900020E9F73197AF01461B21
:20D2E000570B0E944269CE01DF91CF9108950E940C69F9CFCF93DF93EC01FB01861797076C
:20D3000049F0608171816115710541F0448155810E944269CE01DF91CF9108950E940C69A9
:20D32000F9CFFC011182108213821282158214820C947A69FC011182108213821282158248
:20D340001482FB0101900020E9F73197AF01461B570B0C944269FC0180819181009711F07C
:20D360000C943B9408950F931F93CF93DF93EC018CEB92E0998388838FA198A5009721F067
:20D380000E943B9418A61FA20B8D1C8D0115110551F0F80182819381009711F00E943B94D6
:20D3A000C8010E943B948D8D9E8D009731F0DF91CF911F910F910C943B94DF91CF911F9127
:20D3C0000F910895CF93DF93EC010E94B369CE01DF91CF910C943B94FC01868197819C01CA
:20D3E000295F3F4F37FF02C0295F3F4F83E0359527958A95E1F784819581289FA001299FDE
:20D40000500D389F500D112470E060E0878D90A10C94B395CF93DF93EC012FA98C819D81C5
:20D42000289FB001299F700D11242E813F81C901079697FD079623E0959587952A95E1F713
:20D44000689FA001699F500D789F500D112470E060E08FA198A50E94B3951AA619A61CA6EE
:20D460001BA68C819D8101979EA78DA78E819F81019798AB8FA7DF91CF910895FC01808104
:20D480009181892B21F4828193810C94EC69848195810C940A6AEF92FF920F931F93CF93AE
:20D4A000DF93CDB7DEB72C970FB6F894DEBF0FBECDBF8C0162E773E0CE0107960E949A699D
:20D4C00063E0C8010E94E35FF801828193810E943E6AF801828193810E94F34066E078E778
:20D4E000F801828193810E941A60F801828193810E94064144E150E064E370E0F80182811F
:20D5000093810E94096068E773E0F801828193810E945D6744E150E06EE570E0F8018281E0
:20D5200093810E9409606CE773E0F801828193810E945D6760E873E0F801828193810E9463
:20D540005D6762E570E0F801828193810E94144262E570E0F801828193810E94304280919C
:20D56000E60A813019F564EF77E7F801828193810E941A6047E350E070E060E0F801828139
:20D5800093810E94096062E873E0F801828193810E945D6723E030E047E250E06CE770E04A
:20D5A000F801828193810E94084278C063E070E08DEF92E10E94A045FC018081811184C05A
:20D5C00070E060E0CE0107960E94A04520E3F22EFC01F08261E070E0CE0107960E94A045B2
:20D5E000FC01F08270E060E08DEF92E10E94A0457C0162E070E0CE0107960E94A045F701BC
:20D600002081FC01208361E070E08DEF92E10E94A0457C0163E070E0CE0107960E94A045BF
:20D62000F7012081FC01208362E070E08DEF92E10E94A0457C0164E070E0CE0107960E948A
:20D64000A045F7012081FC01208364EF77E7F801828193810E941A6047E350E070E060E0E5
:20D66000F801828193810E940960F801E280F380BE01695F7F4FCE0101960E949169BE01AB
:20D680006F5F7F4FC7010E94FD5FCE0101960E94AB698091E90A813009F47CCFF801828113
:20D6A00093810E943260CE0107960E94AB692C960FB6F894DEBF0FBECDBFDF91CF911F9177
:20D6C0000F91FF90EF90089564E070E08DEF92E10E94A045FC01808170E060E081113DC0D8
:20D6E000CE0107960E94A04520E3FC01208370E060E08DEF92E10E94A0457C0161E070E080
:20D70000CE0107960E94A045F7012081FC01208361E070E08DEF92E10E94A0457C0162E017
:20D7200070E0CE0107960E94A045F7012081FC01208362E070E08DEF92E10E94A0457C01E8
:20D7400063E070E0CE0107960E94A045F7012081FC01208363E070E069CF8DEF92E10E94AE
:20D76000A0457C0170E060E0CE0107960E94A045F7012081FC01208361E070E08DEF92E10B
:20D780000E94A0457C0161E070E0CE0107960E94A045F7012081FC01208362E070E08DEFBA
:20D7A00092E10E94A0457C0162E070E0CE0107960E94A045F7012081FC01208363E070E0A1
:20D7C0008DEF92E10E94A0457C0163E070E0CE0107960E94A045F7012081FC01208364E053
:20D7E00070E024CFCF93DF93EC0164E00E94E35F8A819B810E943E6A8A819B810E94F34090
:20D8000066E078E78A819B810E941A608A819B810E9406412091E60A8A819B81213099F569
:20D820004EE150E06EE170E00E94096068E873E08A819B810E9451674EE150E06AE470E0BE
:20D840008A819B810E9409606CE873E08A819B810E9451674DE250E06EE170E08A819B8149
:20D860000E94096060E973E08A819B810E9451674DE250E06AE470E08A819B810E94096051
:20D8800064E973E01EC02091EA0A4DE250E06EE170E02111E5CF4EE150E06EE170E00E94E1
:20D8A000096068E873E08A819B810E9451674EE150E06AE470E08A819B810E9409606CE858
:20D8C00073E08A819B810E9451678A819B81DF91CF910C943260EF92FF920F931F93CF9383
:20D8E000DF93CDB7DEB72C970FB6F894DEBF0FBECDBF8C0164E773E0CE0107960E949A6957
:20D9000065E0C8010E94E35FF801828193810E943E6AF801828193810E94F34066E078E731
:20D92000F801828193810E941A60F801828193810E9406412091E60AF801828193812130C0
:20D9400009F065C044E150E064E170E00E94096068E873E0F801828193810E94516744E182
:20D9600050E06CE370E0F801828193810E94096060E973E0F801828193810E94516744E192
:20D9800050E06FE570E0F801828193810E94096068E973E0F801828193810E94516764EF37
:20D9A00077E7F801828193810E941A6047E350E06CE170E0F801828193810E94096064E87F
:20D9C00073E0F801828193810E94516723E030E048E250E068E670E0F801828193810E94CD
:20D9E0000842F801828193810E943260CE0107960E94AB692C960FB6F894DEBF0FBECDBF6E
:20DA0000DF91CF911F910F91FF90EF9008952091EA0A44E150E0211132C064E170E00E94E6
:20DA2000096068E873E0F801828193810E94516744E150E06FE570E0F801828193810E94C5
:20DA4000096068E973E0F801828193810E9451672091EB0AF8018281938164EF77E7213097
:20DA6000A9F40E941A6047E350E06CE170E0F801828193810E94096063EC73E0A2CF6CE379
:20DA800070E00E94096060E973E0CDCF0E941A6047E350E06CE170E0F801828193810E942E
:20DAA000096061E070E083E093E10E94A045FC018081811138C070E060E0CE0107960E94E8
:20DAC000A04520E3F22EFC01F08261E070E0CE0107960E94A045FC01F08270E060E083E0E9
:20DAE00093E10E94A0457C0162E070E0CE0107960E94A045F7012081FC012083F801E28095
:20DB0000F380BE01695F7F4FCE0101960E949169BE016F5F7F4FC7010E946967CE01019640
:20DB20000E94AB695ECF62E070E083E093E10E94A045FC01808170E060E081111BC0CE0148
:20DB400007960E94A04520E3FC01208370E060E083E093E10E94A0457C0161E070E0CE0133
:20DB600007960E94A045F7012081FC01208361E070E0B5CF83E093E10E94A0457C0170E008
:20DB800060E0CE0107960E94A045F7012081FC01208361E070E083E093E10E94A0457C01AD
:20DBA00061E070E0CE0107960E94A045F7012081FC01208362E070E092CFEF92FF920F9301
:20DBC0001F93CF93DF9300D000D0CDB7DEB78C0166E00E94E35FF801828193810E943E6AF5
:20DBE000F801828193810E94F34066E078E7F801828193810E941A60F801828193810E94BD
:20DC000006412091E60AF80182819381213009F051C044E150E069E170E00E9409606CE962
:20DC200073E0F801828193810E94516744E150E061E470E0F801828193810E94096060EAD8
:20DC400073E0F801828193810E94516764EF77E7F801828193810E941A6047E350E06CE183
:20DC600070E0F801828193810E94096064E873E0F801828193810E94516723E030E048E2F3
:20DC800050E068E670E0F801828193810E940842F801828193810E94326026960FB6F89469
:20DCA000DEBF0FBECDBFDF91CF911F910F91FF90EF9008952091E70A44E150E02130A9F5BD
:20DCC00061E470E00E94096060EA73E0F801828193810E94516764E070E089E093E10E948A
:20DCE000A045FC018081811109C064E070E089E093E10E94A04520E3FC012083F80182814F
:20DD000093812091EC0A64EF77E72130D1F40E941A6047E350E06CE170E0F801828193815E
:20DD20000E94096063EC73E0A3CF69E170E00E9409606CE973E0F801828193810E9451670D
:20DD4000DDCF0E941A6047E350E06CE170E0F801828193810E940960F801E280F38069E0D2
:20DD600073E1CE0101960E949169BE016F5F7F4FC7010E946967CE0101960E94AB6988CF45
:20DD8000EF92FF920F931F93CF93DF9300D000D0CDB7DEB78C0161E00E94E35FF8018281E2
:20DDA00093810E943E6AF801828193810E94F3402091E60AF80182819381213009F04CC019
:20DDC0006BEE77E70E941A60F801828193810E9406414FE050E064E170E0F8018281938173
:20DDE0000E94096065EA73E0F801828193810E9451674FE050E065E570E0F8018281938103
:20DE00000E94096069EA73E0F801828193810E94516762EE77E7F801828193810E941A600D
:20DE20004CE350E070E060E0F801828193810E94096063E873E0F801828193810E945167D0
:20DE400022E030E04CE350E060E470E0F801828193810E9408421AC02091ED0A3EEF320FD1
:20DE6000323030F569ED77E70E941A604CE350E06AE070E0F801828193810E9409606DEAE0
:20DE800073E0F801828193810E945167F801828193810E94326026960FB6F894DEBF0FBE0A
:20DEA000CDBFDF91CF911F910F91FF90EF9008956BEE77E721113FC00E941A60F80182810B
:20DEC00093810E9406414FE050E070E060E0F801828193810E94096065EA73E0F80182819D
:20DEE00093810E945167F801828193812091EE0A62EE77E7211132C00E941A604CE350E0AE
:20DF000070E060E0F801828193810E940960F801E280F3806FE073E1CE0101960E949169E3
:20DF2000BE016F5F7F4FC7010E946967CE0101960E94AB6985CF0E941A60F80182819381B0
:20DF40000E9406414FE050E065E570E0F801828193810E94096069EA73E0C0CF0E941A6073
:20DF60004CE350E070E060E0F801828193810E940960F801E280F38065E173E1CE010196C9
:20DF80000E949169BE016F5F7F4FC7010E946967CE0101960E94AB6979CFEF92FF920F9338
:20DFA0001F93CF93DF9300D000D0CDB7DEB78C0160E00E94E35FF801828193810E943E6A17
:20DFC000F801828193810E94F3402091E60AF80182819381213009F04CC06BEE77E70E94FC
:20DFE0001A60F801828193810E9406414FE050E064E170E0F801828193810E94096065EA50
:20E0000073E0F801828193810E9451674FE050E065E570E0F801828193810E94096069EADC
:20E0200073E0F801828193810E94516762EE77E7F801828193810E941A604CE350E070E09A
:20E0400060E0F801828193810E94096063E873E0F801828193810E94516722E030E04CE31C
:20E0600050E060E470E0F801828193810E9408421AC02091EF0A3EEF320F323030F569ED11
:20E0800077E70E941A604CE350E06AE070E0F801828193810E9409606DEA73E0F80182814C
:20E0A00093810E945167F801828193810E94326026960FB6F894DEBF0FBECDBFDF91CF91DB
:20E0C0001F910F91FF90EF9008956BEE77E721113FC00E941A60F801828193810E94064148
:20E0E0004FE050E070E060E0F801828193810E94096065EA73E0F801828193810E9451670A
:20E10000F801828193812091F00A62EE77E7211132C00E941A604CE350E070E060E0F8016E
:20E12000828193810E940960F801E280F3806BE173E1CE0101960E949169BE016F5F7F4FF2
:20E14000C7010E946967CE0101960E94AB6985CF0E941A60F801828193810E9406414FE0D1
:20E1600050E065E570E0F801828193810E94096069EA73E0C0CF0E941A604CE350E070E0BA
:20E1800060E0F801828193810E940960F801E280F38061E273E1CE0101960E949169BE01FE
:20E1A0006F5F7F4FC7010E946967CE0101960E94AB6979CFBF92CF92DF92EF92FF920F934E
:20E1C0001F93CF93DF93EC01E62EC42ED22EFC88FF0C0F2D10E0A80170E060E004960E9496
:20E1E000B395EE2DEE0FEC0FFD2FF11DC582D48260E08B810E9409430C5F1F4F0C0F1D1F83
:20E20000FF20E1F0F801B2908F0188E0C82ED12C90E8E92E6B2D6E2189810E94094361E0F9
:20E220008A810E94094360E08A810E940943E694F1E0CF1AD10871F7FA94E2CF61E08B81AB
:20E24000DF91CF911F910F91FF90EF90DF90CF90BF900C9409438F929F92AF92BF92CF9242
:20E26000DF92EF92FF920F931F93CF93DF930E94DA62EC010E94DA62882E0E944C425C0107
:20E280000E94DA626C010E94DA6247E14C9F90014D9F300D11240091E30A1091E40A020F35
:20E2A000131FF8012689222309F43CC0C7E0D0E0912C7C01FF24DD246C2F4C2F4F5FC70105
:20E2C0000C2E02C0959587950A94E2F780FF28C0F801A4898A1618F5F501E90DF11D808150
:20E2E00087FD80E296010C2E02C0359527950A94E2F720FD8068F8019081992311F06A175B
:20E3000070F4E82FEF77F0E0E358F6482491911116C087FD2068682DC8010E94DA70939429
:20E32000219750F6DF91CF911F910F91FF90EF90DF90CF90BF90AF909F908F900895220F39
:20E3400087FD2160A150BB0BAC1BBD0BA00FB11F14962C9341E0C8010E948D5CE0CF1F93B4
:20E36000CF93DF93DC012C9121110CC054962C91621700F521E024274CE0DF91CF911F9124
:20E380000C94DA705596EC91F0E0F595E7951E2F411101C01860EC010E94865C60E8610F54
:20E3A00040E0CE010E94155CCE01DF91CF911F910C946F5CDF91CF911F910895EF92FF9272
:20E3C0000F931F93CF93DF93D82F8093F40BC0E08091E20AC817F0F48C2F90E0880F991F22
:20E3E000E091E00AF091E10AE80FF91F8081DD2331F0118260E00E940943CF5FE9CF61819C
:20E400006F3F11F461E0F7CF6623A9F370E00E94A943F3CFC0E007E18091E50AC817B8F46A
:20E42000E090E30AF090E40AC09FE00CF11C112410E0D70156968C91811739F04D2F612FE6
:20E44000C7010E94AF711F5FF4CFCF5FE5CFC0E01EE08091F80BC817E0F4E091F60BF091B7
:20E46000F70BC19FE00DF11D11248081882359F082819381DC01ED91FC91DD2331F0019064
:20E48000F081E02D1995CF5FE4CF0280F381E02DF9CFDF91CF911F910F91FF90EF900895D9
:20E4A0000F931F93CF93DF93FC0126892223C1F16217B0F5442391F12FEF240F203108F0F0
:20E4C0002FE0D62F8C01FC01258B8081811110C08489681720F44AE0C8010E94DA7040E0EC
:20E4E0006D2FC801DF91CF911F910F910C94AF71C0E0413031F02695423009F421E0C22F89
:20E50000C860C8010E94865C60E86C0F40E0C8010E94155CC8010E946F5CE1CF41E0E2CF0F
:20E52000DF91CF911F910F9108950F931F93CF930E94DA628C010E94DA62C82F0E94DA624A
:20E5400097E1909F9001919F300D1124E091E30AF091E40A482F6C2FCF01820F931FCF918F
:20E560001F910F910C9450720C9495720F931F93CF93DF93EC01062F18814C89111110C098
:20E58000641748F41F5F20E0412F602FCE010E94DA701830B9F7DF91CF911F910F910895D7
:20E5A00050E070E060E004960E94B3954C896FEF640FCE01DF91CF911F910F910C948D5CF9
:20E5C00085ED8093BC008091391090913A10A0913B10B0913C100796A11DB11D23E0B695B5
:20E5E000A795979587952A95D1F72091BC0024FD03C01092371008954091391050913A10F4
:20E6000060913B1070913C10452B462B472B69F30097A105B10541F02AE22A95F1F700C02B
:20E620000197A109B109E1CF809138100C94A1514F925F926F927F928F929F92AF92BF927B
:20E64000CF92DF92EF92FF92CF93DF93EC016A017B0120E030E0A901CB01B6010E94699056
:20E6600087FF04C0F7FAF094F7F8F0948C8C9D8CAE8CBF8CA7019601C501B4010E9469904D
:20E68000882309F449C06CA97DA98EA99FA90E9470902B013C01A7019601C501B4010E94A8
:20E6A00097929B01AC01C301B2010E94CF900E9409936CAB7DAB8EAB9FABA701960160E0F1
:20E6C00070E080E090E40E9497920E944A9326E53EE04DE25FE30E94CF9020E034E244E7F0
:20E6E00059E40E94CF9068AF79AF8AAF9BAFCC8EDD8EEE8EFF8ECE01DF91CF91FF90EF909F
:20E70000DF90CF90BF90AF909F908F907F906F905F904F900C941D59DF91CF91FF90EF907F
:20E72000DF90CF90BF90AF909F908F907F906F905F904F900895EF920F93CF93DF93EC01D2
:20E740008CE193E0998388836B831C861D861E861F86188A198A1A8A1B8A1C8A1D8A1E8AB3
:20E760001F8A80E090E0A0E8BFE3888F998FAA8FBB8F1C8E1D8E1E8E1F8E88A399A3AAA3D2
:20E78000BBA31CA21DA21EA21FA261E070E07DA76CA73FEF3FA718A619A61AA61BA64C8374
:20E7A0002D830E83EF821EA61CAA1DAA1EAA1FAA18AE19AE1AAE1BAE1CAE1DAE1EAE1FAE79
:20E7C000FE01E05CFF4F80839183A283B3831A82188619861A861B86CE010E94045740E038
:20E7E00050E060E87FE3CE01DF91CF910F91EF900C941873CF92DF92EF92FF920F931F931E
:20E80000CF93DF930E94DA62D82F0E94DA627C010E94DA628C018091F80BD817C0F58091B0
:20E82000F60B9091F70B9C014EE0D49F200D311D1124E9018881882359F0B70190E080E057
:20E840000E946E90AB01BC018A819B810E946F5A88818823E1F0B80190E080E00E946E906F
:20E860006B017C0120E030E0A9010E946990882371F0B701A6018A819B81DF91CF911F9148
:20E880000F91FF90EF90DF90CF900C941873DF91CF911F910F91FF90EF90DF90CF90089538
:20E8A0008F929F92AF92BF92CF92DF92EF92FF92CF93DF930E94DA62D82FC82F0E948C4072
:20E8C000882309F495C081E080939D1280939E1280919F129091A0120E94FA8F6B017C01AC
:20E8E0008091F80BC81708F078C08091F60B9091F70B9C014EE0D49F200D311D1124E901E8
:20E900008881882309F469C019828E819F81A885B985C816D906EA06FB0609F45EC08A8114
:20E920009B81DC011C968D909D90AD90BC901F972B85222351F02D85222339F0ED91FC9142
:20E940000280F381E02D19951D868C85882379F0C814D904EA04FB0454F48E819F81A885F4
:20E96000B985C816D906EA06FB060CF41C868C85811110C08C149D04AE04BF045CF48E8181
:20E980009F81A885B9858C159D05AE05BF0514F481E08C878A819B814A852C85429FA0018D
:20E9A0001124052E000C660B770B4C0D5D1D6E1D7F1DFC0180889188A288B38848155905B8
:20E9C0006A057B0531F0408B518B628B738B0E941D59CE82DF82E886F986DF91CF91FF9080
:20E9E000EF90DF90CF90BF90AF909F908F90089510929E12C12CD12C760172CFFF920F932A
:20EA00001F93CF93DF930E94DA62EC010E944C428C010E94DA62F82E27E02C9FC0012D9F85
:20EA2000900D1124C0919904D0919A04C80FD91F8E81882399F161EB73E0C8010E94219049
:20EA400001E010E0009711F10E94DC8F9E81992399F0982F9770980101C0220F9A95EAF772
:20EA6000869586958695EC81FD81E80FF11D8081FF2049F0282B208361EB73E090E080E097
:20EA80000E942190DFCF20952823F5CFCE01DF91CF911F910F91FF900C942D61DF91CF9135
:20EAA0001F910F91FF900895FF920F931F93CF93DF938C01EB01F8800E948D91F81621F051
:20EAC0006F2DC8010E949591CE01DF91CF911F910F91FF900895AF92BF92CF92DF92EF9209
:20EAE000FF920F931F93CF93DF930E944C426C01EC0109900020E9F72197C81BD90BDD27B7
:20EB0000E090EE0BF090EF0BC70101968C0F9D1F883D954008F053C05E018FEFA81AB80A56
:20EB20002BE3E20EF11C95012E0D3F1D80917410909175108217930778F010E000E0B60140
:20EB4000600F711FC701800F911F0E9454750F5F1F4F0A151B0598F34091EE0B5091EF0BF9
:20EB6000C40FD51FD093EF0BC093EE0B8091D311811147C085E00E944C658091D31188233F
:20EB800091F06091A7128091A4129091A5120E94B245AE0170E060E02AE08091A4129091E1
:20EBA000A5120E94E464DF91CF911F910F91FF90EF90DF90CF90BF90AF900C94C66480914F
:20EBC000D31181111EC085E00E944C658091D311882349F36091A7128091A4129091A51204
:20EBE0000E94B245C091A412D091A5126DE2CE010E94B2452AE041E050E060E070E0CE01EC
:20EC0000D0CFDF91CF911F910F91FF90EF90DF90CF90BF90AF900895CF93DF930E944C422A
:20EC2000FC0190E3ABE0B2E001900D929A95E1F78091741090917510892B29F063E290E053
:20EC400080E00E9495918091741090917510C09760F0D0E0C0E0BE01655F7D4F2196CE0185
:20EC60000E945475CF32D105B1F78091D31181110BC085E00E944C658BE092E00E94756646
:20EC8000DF91CF910C94C664DF91CF910895CF93DF930E949445611571058105910511F015
:20ECA0000E94D38F83E5809300028EE4809301028DE2809302028093060210920A020E945A
:20ECC000848F2FEF3FE040E050E00E94A391E0E0F2E093E0862F8F7020E3280F2A33D0F5A9
:20ECE000238324E0769567952A95E1F7915031969111F0CF0E94848F2FEF3FE040E050E081
:20ED00000E94A391E0E0F2E093E0862F8F7020E3280F2A3310F5278384E0769567958A9594
:20ED2000E1F7915031969111F0CF8091741090917510CB9760F0C0E3D0E0BE0160537E4F73
:20ED4000CE010E9454752196CB33D105B1F7DF91CF910895885C8383C4CF895C8783DCCFC2
:20ED60000E9447768091D311811109C08AE00E944C6580E092E00E9475660C94C664089571
:20ED80000F931F93CF93DF9380E390E00E94C8678335D9F581E390E00E94C8678E34A9F51C
:20EDA0008091741090917510CB9770F000E012E0C0E3D0E0CE010E948D91F80181938F0105
:20EDC0002196CB33D105B1F78AE00E944C658091D311882321F088E699E70E94B9458BE099
:20EDE00092E00E94756680E092E00E94756683EB93E00E94756689EB93E00E947566DF91A3
:20EE0000CF911F910F910C94C6640E9447768091741090917510CC97B8F260E08BE390E0B3
:20EE20000E949591D1CFEF92FF920F931F93CF93DF93CDB7DEB72C970FB6F894DEBF0FBE99
:20EE4000CDBF8C0163E773E0CE0107960E949A6962E0C8010E94E35FF801828193810E944A
:20EE60003E6AF801828193810E94F34066E078E7F801828193810E941A60F8018281938124
:20EE80000E9406412091E60AF8018281938144E150E0213009F073C068E270E00E94096061
:20EEA0006CE873E0F801828193810E945D6744E150E066E570E0F801828193810E9409602A
:20EEC00064E973E0F801828193810E945D676AE170E0F801828193810E94304264E270E0C7
:20EEE000F801828193810E9414426DEF77E7F801828193810E941A6042E350E070E060E03F
:20EF0000F801828193810E9409606FEB73E0F801828193810E945D6770E060E0CE010796B7
:20EF20000E94A04538E3F32EFC01F08261E070E0CE0107960E94A045FC01F08262E070E01A
:20EF4000CE0107960E94A045FC01F08263E070E0CE0107960E94A045FC01F08264EF77E7A9
:20EF6000F801828193810E941A6047E350E068E170E0F801828193810E940960FBC062E05A
:20EF800070E00E94096062EA73E0F801828193810E945D672091EA0AF8018281938144E127
:20EFA00050E021114AC068E270E00E9409606CE873E0F801828193810E945D676AE170E088
:20EFC000F801828193810E94304264E270E0F801828193810E9414428091E80A8130A1F525
:20EFE00064EF77E7F801828193810E941A6047E350E070E060E0F801828193810E9409602F
:20F0000061EC73E0F801828193810E945D67F801828193810E943260CE0107960E94AB6974
:20F020002C960FB6F894DEBF0FBECDBFDF91CF911F910F91FF90EF90089566E570E00E94BF
:20F04000096064E973E0B5CF8091EA0A81116CC161E070E087EF92E10E94A045FC01808160
:20F06000811120C06DEF77E7F801828193810E941A6042E350E070E060E0F8018281938143
:20F080000E9409606FEB73E0F801828193810E945D6770E060E0CE0107960E94A04520E3BC
:20F0A000F22E42CF70E060E087EF92E10E94A045FC012081F801828193812D3209F0A5C0B4
:20F0C00064EF77E70E941A6047E350E070E060E0F801828193810E94096065EC73E0F801C1
:20F0E000828193810E945D6764E070E087EF92E10E94A045FC018081811151C070E060E05E
:20F10000CE0107960E94A04520E3FC01208361E070E087EF92E10E94A0457C0161E070E04A
:20F12000CE0107960E94A045F7012081FC01208362E070E087EF92E10E94A0457C0162E0E2
:20F1400070E0CE0107960E94A045F7012081FC01208363E070E087EF92E10E94A0457C01B3
:20F1600063E070E0CE0107960E94A045F7012081FC012083F801E280F380BE01695F7F4FAD
:20F18000CE0101960E949169BE016F5F7F4FC7010E94FD5FCE0101960E94AB6938CF61E0E8
:20F1A00070E087EF92E10E94A0457C0170E060E0CE0107960E94A045F7012081FC01208356
:20F1C00062E070E087EF92E10E94A0457C0161E070E0CE0107960E94A045F7012081FC0196
:20F1E000208363E070E087EF92E10E94A0457C0162E070E0CE0107960E94A045F7012081CE
:20F20000FC01208364E070E0A6CF6DEF77E70E941A6042E350E070E060E0F801828193817A
:20F220000E9409606FEB73E0F801828193810E945D6763E070E087EF92E10E94A045FC01A0
:20F24000808170E060E081113BC0CE0107960E94A04520E3FC01208370E060E087EF92E181
:20F260000E94A0457C0161E070E0CE0107960E94A045F7012081FC01208361E070E087EFC6
:20F2800092E10E94A0457C0162E070E0CE0107960E94A045F7012081FC01208362E070E0A7
:20F2A00087EF92E10E94A0457C0163E070E0CE0107960E94A045F7012081FC0120834ECE86
:20F2C00087EF92E10E94A0457C0170E060E0CE0107960E94A045F7012081FC01208361E044
:20F2E00070E087EF92E10E94A0457C0161E070E0CE0107960E94A045F7012081FC01208314
:20F3000062E070E087EF92E10E94A0457C0162E070E0CE0107960E94A045F7012081FC0153
:20F32000208363E070E0BCCF70E060E081EF92E10E94A045FC012081F801828193812D3205
:20F3400081F564EF77E70E941A6047E350E070E060E0F801828193810E94096062E070E0D3
:20F3600081EF92E10E94A045FC01808161EF72E1811112C0CE0101960E949169CE010196B6
:20F380000E941E69BC01CE0107960E947A69CE0101960E94AB69EECECE0107960E947A69CD
:20F3A000E9CE6DEF77E70E941A6042E350E070E060E0F801828193810E9409606FEB73E013
:20F3C000F801828193810E945D678091F5129091F612892B99F06BE674E08091F11290915F
:20F3E000F2120E94BA95892B49F443E050E069E674E0CE0107960E944269B0CD61E070E06A
:20F4000081EF92E10E94A045FC018081811114C061EF72E1CE0101960E949169CE01019613
:20F420000E941E69BC01CE0107960E947A69CE0101960E94AB6992CD70E060E081EF92E107
:20F440000E94A0457C0170E060E0CE0107960E94A045F7012081FC01208361E070E081EFEB
:20F4600092E10E94A0457C0161E070E0CE0107960E94A045F7012081FC01208362E070E0C6
:20F4800081EF92E10E94A0457C0162E070E0CE0107960E94A045F7012081FC01208363E084
:20F4A00070E0CE0107960E94A045FC01108256CDEF92FF920F931F93CF93DF930E94DA623F
:20F4C000EC018091F30A8C171D0609F00CF4F3C00E94DA627C010E944C428C010E945F4264
:20F4E000CC0FDD1FCC0FDD1FE091F10AF091F20AEC0FFD1F8081882309F4DDC08381813063
:20F5000009F0D9C0C181D28184E1E816F10408F0D2C0F7018827E057F5488F4F0C94229295
:20F52000A47AB27AB87ABC7AC27AD07AD67ADA7AE07AEE7AF47A027B087B147B227B287BF0
:20F54000367B3A7B407B467BC8010E94DC8F8093F00ACE01DF91CF911F910F91FF90EF90E9
:20F560000C94CD6FB80181E293E10E946369F1CFB8018BE193E1F9CFC8010E94DC8F8093A7
:20F58000EF0AE7CFC8010E94DC8F8093EE0ACE01DF91CF911F910F91FF90EF900C94C06E10
:20F5A000B80185E193E10E946369F1CFB8018FE093E1F9CFC8010E94DC8F8093ED0AE7CF90
:20F5C000B80189E093E10E946369CE01DF91CF911F910F91FF90EF900C94DD6DC8010E94D5
:20F5E000DC8F8093EC0AF1CFB80183E093E10E946369CE01DF91CF911F910F91FF90EF90DC
:20F600000C946B6CC8010E94DC8F8093EB0AF1CFC8010E94DC8F8093EA0ACE010E946B6CB0
:20F62000CE010E94F26B19C0B8018DEF92E10E946369CE01DF91CF911F910F91FF90EF9010
:20F640000C944B6AC8010E94DC8F8093E90AF1CFB80187EF92E10E946369CE01DF91CF910A
:20F660001F910F91FF90EF900C941377B80181EF92E1F1CFC8010E94DC8F8093E80AEDCF0F
:20F68000C8010E94DC8F8093E70A9FCFC8010E94DC8F8093E60ACE010E94CD6FCE010E942B
:20F6A000C06ECE010E94DD6DCE010E946B6CCE010E944B6AB5CFDF91CF911F910F91FF90C0
:20F6C000EF9008952F923F924F925F926F927F928F929F92AF92BF92CF92DF92EF92FF92D0
:20F6E0000F931F93CF93DF93CDB7DEB7E0970FB6F894DEBF0FBECDBF8091EE0B9091EF0BE6
:20F70000892B11F40C945C849BE3E92EF12CFCA6EBA61EA61DA6CE018B960E949D68082F76
:20F72000882311F40C945C84FAA6E9A6CE0189960E949D689E012F5F3F4F290192E1D901A3
:20F740001D929A95E9F78823C9F0F201E80FF11D80818F5F80836AE3CE0189960E946D68EB
:20F76000182FCE0189960E949D68882359F11111ECCF63E378E785E00E946165FE0137969D
:20F78000F8ABEFA7A4EB2A2E312CEFEFE00FE13108F03DC2F0E08827EF52F4488F4F0C949C
:20F7A00022929E7DFB7FE27D0D7ED37EB97F6F80FB7FD37EB7815E812382077EA082D37E1F
:20F7C0000D7E22831123A9F21A81B5E01B9F70011124C7010E94165B811166C187EC93E020
:20F7E0000E9428671C81E12EF12CEE0CFF1CC7010E94165B882309F465C1C7010E9454662D
:20F80000009719F0DC0111961C929093E10A8093E00A10936F041D81F988E12FEF0DFF27A4
:20F82000FF1F27E12E9F60012F9FD00C1124C6010E94165B882309F44AC1C6010E945466E5
:20F84000FC01892B49F08FEF8083818382838383148A8FE0858B168AF093E40AE093E30AA0
:20F860001F0D10937004E8888E812E2D280F3327331FEA84E20EF32EF11C8EE08E9D600102
:20F880008F9DD00C1124C6010E94165B882309F423C1C6010E945466009711F0DC011C927F
:20F8A0009093F70B8093F60BE09271041F81B7E11B9F70011124C7010E94165B882309F40D
:20F8C00015C1C7010E9454660097B9F02091E80B203308F006C131E0320F3093E80BFC0133
:20F8E000228730E0F901EE0FFF1FE20FF31FE85AF44F28EB3BE03283218390939C04809355
:20F900009B04109372041985FB80E12FEF0DFF27FF1F2FE12E9F60012F9FD00C1124C601E2
:20F920000E94165B882309F4E6C0C6010E945466009719F0DC0112961C92909390048093A6
:20F940008F041F0D109373041885B2E11B9F70011124C7010E94165B882309F4D1C0C70162
:20F960000E945466FC01892B41F01382128286E992E09183808311861686F0939804E09363
:20F980009704109374041C85EEE11E9F70011124C7010E94165B882309F4B7C0C7010E947A
:20F9A0005466FC01892B61F080E19F012A5F3F4FD9011D928A95E9F7178A168A108E158E69
:20F9C000F0937F04E0937E04109376041B85B7E01B9F70011124C7010E94165B882309F4F5
:20F9E00099C0C7010E945466009711F0FC01168290939A0480939904109377041D85F9E053
:20FA00001F9F70011124C7010E94165B882309F486C0C7010E945466009719F0DC0116966C
:20FA20001C929093930480939204109379041F85B6E01B9F70011124C7010E94165B882375
:20FA400009F472C0C7010E945466FC01892B59F010928C0410928B048DE194E091838083FD
:20FA6000138215821482F0938704E093860410937A041A89E4E01E9F70011124C7010E9464
:20FA8000165B882309F455C0C7010E945466009721F0DC011C9213961C929093F20A809358
:20FAA000F10A10937B046ACEC7010E945466009711F0FC01148290938204809381041093BE
:20FAC0006E0490CE8EEC93E00E942867A4CE85ED93E00E942867C7CE8EED93E00E942867FC
:20FAE000E5CE2FEFDC011A962C9307CF86EE93E00E94286708CF8CEE93E00E94286724CF13
:20FB000085EF93E00E9428673ECF89EF93E00E9428675CCF82E094E00E9428676FCF80E1D3
:20FB200094E00E94286783CF86E294E00E942867A0CF8FE294E00E94286720CECE018B965E
:20FB40000E949D681091830490916E04191789F12DA53EA5E0908104F0908204F5E01F9F56
:20FB6000E00CF11C1124D70114961C92149712968C9312972D5D334F2D933C9362E00E948D
:20FB80003743F70182810E94E04221E0892B09F420E0D70113962C93139781E014968C9366
:20FBA00087ED96E690938504809384041F5F10938304BE01635D7F4FCE018B960E94FD6723
:20FBC000182F4AC5CE018B960E949D681091E20A90916F041917D9F0E12EF12CEE0CFF1CDD
:20FBE0002091E00A3091E10AE20EF31EF7011182808361E00E943743D70111961C921197FD
:20FC000060E08C910E9409431F5F1093E20A6AE3CE018B960E946D68D3CFC12C003129F4FB
:20FC2000CE018B960E949D68C82ECE018B960E949D68A82ECE018B960E949D68882ECE01AE
:20FC40008B960E949D68B82ECE018B960E949D68982ECE018B960E949D68D82E0091E50A7C
:20FC600080917004081799F21C2DE090E30AF090E40AB7E10B9FE00CF11C1124F701148A3B
:20FC80008FE0858B168AC082A182B2828382C11046C08D2DF8E0FD1508F488E0D701549606
:20FCA0008C9361E08A2D0E94374361E0F70182810E94374361E0D70113968C910E943743BE
:20FCC00061E0F70183810E940943D70154968C91181708F04CC020E04FE0612FC7010E94BE
:20FCE000DA70F7018081811109C08489181730F427E04BE0612FC7010E94DA7020E049E067
:20FD0000612FC7010E94DA70612FC7010E94B67241E0612FC7010E94AF711F5FD6CFFDEF33
:20FD200084E0CF1286E0D70154968C9362E08B2D0E94374362E0F70181810E94374360E089
:20FD4000D70112968C910E94094360E0F70181810E94094360E0C7010E94B6728FE0D701D7
:20FD600055968C9341E060E0C7010E94AF71F701D68A10E0D70156968C91181780F4492D4C
:20FD8000612FC7010E94507240E0612FC7010E94AF71612FC7010E94B6721F5FEBCF0F5FA5
:20FDA0000093E50A34CFCE018B960E949D68F82ECE018B960E949D68D82ECE018B960E94D2
:20FDC0009D68E82ECE018B960E949D68A82E093021F010E00F3009F047C0CE018B960E9490
:20FDE0009D68182F0F3009F03FC0CE018B960E949D68082FCE018B960E949D68B82ECE0166
:20FE00008B960E949D68C82E8091F80B90917104891709F4FCCE6090F60B7090F70BBEE082
:20FE20008B9F600C711C1124F301108284E490E00E94165B81111CC062E578E785E00E94DE
:20FE400061650091F80B112359F08091F60B9091F70BBEE00B9F800D911D11240E94225BBF
:20FE60000F5F0093F80BD3CEC12CB12C00E0CCCF013009F463C0023009F46DC00111E1CF29
:20FE800084E490E0FE104AC0DA1048C00E9454664C01892B49F0E5E0EE2E04E02D2D4F2D4F
:20FEA00061E0C4010E949B73D30113969C928E92129740E050E068EC73E4D30112968D9183
:20FEC0009C910E946F5A40E050E068E474E4F301828193810E941873D30114961C93149786
:20FEE00081E015968C93112321F062E0812F0E943743F301B28681E0C11001C080E0D30131
:20FF00001B968C931B9781E08C9311961C9211971D968C931D971C968C9393CF0E945466CD
:20FF20004C01892B39F00F2D2D2D4A2D64E0C4010E949B73F30193828282BBCF84E490E062
:20FF40000E9454664C01892B09F4AECF0F2D2D2D4A2D68E0A6CF84E490E00E9454664C017F
:20FF6000892B41F375E0E72E04E02D2D4F2D61E0DECFCE018B960E949D6890919D0420917D
:20FF80007204921709F443CE2091E80B203388F531E0320F3093E80B422F50E0FA01EE0F1F
:20FFA000FF1FE40FF51FE85AF44F48EB5BE052834183E0919B04F0919C0437E1939FE00D28
:20FFC000F11D112422871186158616861786108A118A128A138A148A12821182348223823C
:20FFE000168215823086278280839F5F90939D040ECE2FEFDECFCE018B960E949D68E82E5A
:020000040001F9
:20000000CE018B960E949D68D82E80E0083021F4CE018B960E949D68F09091049091730452
:20002000F91609F4C6CD2DA53EA500918F04109190044FE1F49E000D111D1124D801129660
:200040001C92129716961C921E9215972D5D334F14963C932E931397EC921196DC92119768
:2000600095E0989FF0011124E758FD4F199601900D929A95E1F762E08E2D0E94374362E0E2
:20008000F80181810E943743D8011E961C921E9750961C921E921F9752961C921E92519731
:2000A00018961C921897F801178A108E118E128E24EF31E040E050E053962D933D934D93F1
:2000C0005C93569781E012968C93EBEAF6E6F0938E04E0938D04F394F09291046ACDCE01AE
:2000E0008B960E949D68082FCE018B960E949D68182FCE018B960E949D6890917504209141
:200100007404921709F483CDE0909704F0909804F2E19F9FE00CF11C1124D70113961C92DC
:200120001E92129715961C92159716961C92169717961C92179718961C92189719961C92E9
:2001400019971F960C931F9750961C93509751968C93519791E01E969C931E9714960C9329
:2001600014971A961C931A971B968C931B971C961C921C971D961C920E948A51F7011582C2
:200180008385823010F098E09583D7011C969C911C97992341F0813031F415968C91159774
:2001A000846015968C9362E370E080E090E00E946245F7016585C7010E949F5660E3C70197
:2001C0000E949F568BE496E40197F1F760E3C7010E949F568BE496E40197F1F760E3C70109
:2001E0000E949F5683E592E00197F1F760E2C7010E949F56D70115966C91606240E0C70143
:200200000E942D5684E0F701868340E06CE0C7010E942D56C7010E94815682E0D7011796D3
:200220008C9340E066E0C7010E942D5640E062E0C7010E942D568BE39FE10197F1F788E027
:20024000F701858784810E94E740D7011D968C9190E00E94CB5481E690E10E94DC548CE0DD
:200260008093B800F7018685882301F1C7010E948156D70151961C911330F0F01695115037
:20028000412F6CE374E0C7010E948E67F7018189823038F041E0410F67E474E0C7010E9496
:2002A0008E6740E060E0C7010E945256809175048F5F80937504ABCC10E0E2CFCE018B96CB
:2002C0000E949D68E82ECE018B960E949D68F090800490917604F91609F46BCC2DA53EA533
:2002E00090E1AFA5B8A91D929A95E9F7188E1F8A198E1E8E9EE100917E0410917F04F99E2B
:20030000000D111D1124F201D80101900D929A95E1F7F8018583E2822D5D334F31832083A2
:2003200062E08E2D0E94374338E0E32ED8015D968C91882319F0C8010E94395FEA94E1106C
:20034000F5CFF8018689978923E0969587952A95E1F79483838381E0858F2AEE36E6309347
:200360007D0420937C04F394F092800422CCCE018B960E949D68182FCE018B960E949D68D9
:20038000D82ECE018B960E949D68082FCE018B960E949D689091780420917704921709F483
:2003A00036CCE0909904F0909A0437E0939FE00CF11C112491E0D70116969C9316971C9319
:2003C0001196DC92119712960C93129713968C9361E0812F0E94374361E0F70181810E94BE
:2003E000374361E0D70112968C910E943743F701038110E0C8010E94165B8823F1F0C801EC
:200400000E945466D70115969C938E93149780E0F7019381891740F40480F581E02DE80FC4
:20042000F11D10828F5FF4CFC7010E942D61809178048F5F80937804EACB63E778E785E0A6
:200440000E946165E4CBCE018B960E949D68182FCE018B960E949D68D82ECE018B960E9478
:200460009D68082FCE018B960E949D689091940420917904921709F49CCB2DA53EA5E09090
:200480009204F0909304F9E09F9FE00CF11C1124D70116961C92169712961C9312971396E2
:2004A000DC92139714960C9314972D5D334F11963C932E9315968C9361E0812F0E94374316
:2004C00061E0F70183810E94374360E0D70114968C910E943743F701058110E0C8010E94EF
:2004E000165B882339F1C8010E945466D70118969C938E93179780E0F7019581891740F4CB
:200500000780F085E02DE80FF11D10828F5FF4CF81E0868360E0C7010E946B61E2E9F6E603
:20052000F0939604E0939504809194048F5F809394043FCB60EA78E785E00E94616539CBCC
:20054000CE018B960E949D68F82ECE018B960E949D68E82ECE018B960E949D68082FCE0194
:200560008B960E949D68182FCE018B960E949D68E0926D1000936E1010936F108093701020
:20058000109271100DE610E161E0D8018D918D010E943743E1E7F0E1E017F107A9F7809139
:2005A000711081608093711060E08DE690E10E94EC5CCE018B960E949D6890918804209142
:2005C0007A04921709F4F5CA2DA53EA54DE650E150938C0440938B04009186041091870403
:2005E00056E0959F000D111D11242D5D334FD80111963C932E9313961C92139715961C92AB
:200600001E9214971296FC921297813019F482E013968C9362E08F2D0E943743F8018381A1
:200620008160838360E0C8010E946A5E2EEB36E630938A0420938904809188048F5F8093FC
:200640008804B7CACBA4DCA46EE2CE018B960E946D68811113C010E0CE018B960E949D68FB
:20066000082F882309F425C111118FC810920A106EE479E785E00E9461651EC1EBA4FCA4F3
:200680006EE2CE018B960E946D68882321F36EE2CE018B960E946D688823E9F28090F30A9A
:2006A00080917B04881609F4B2CA34E0839EC00111248090F10A9090F20A880E991ED4011F
:2006C0001C9213961C921AA619A6B201C6010E94D3676EE474E0C2010E94BA95892B19F425
:2006E00081E0F4018383D40113968C9161EF78E7813009F0DAC084E090E00E94165B69E2DE
:2007000079E7882309F4D1C0B201C7010E94D367AE01475D5F4F61EB73E0C2010E9425902F
:200720000E94DC8F182F84E090E00E9454666C01009711F0FC011082D4011296DC92CE9256
:200740001197F60111830E948A518CE08093B80086E090E00E94165B81117FC06CEC78E741
:2007600085E00E946165D4011196CD90DC90F6018081882309F468C060E0C6010E94E35FB4
:20078000D60112968D919C910E94BF87F601828193810E943260C6010E94CD6F61E0C601B8
:2007A0000E94E35FD60112968D919C910E94BF87F601828193810E943260D60112968D91C4
:2007C0009C910E94F340C6010E94C06E66E0C6010E94E35FF601828193810E94BF87C601D2
:2007E0000E94DD6D65E0C6010E94E35FD60112968D919C910E94BF87C6010E946B6C64E0E7
:20080000C6010E94E35FF601828193810E94BF87C6010E94F26B63E0C6010E94E35FD601AC
:2008200012968D919C910E94BF87C6010E944B6A62E0C6010E94E35FF601828193810E9422
:20084000BF87C6010E94137781E0D4018C938091F30A8F5F8093F30ADAC9D60111968C91C0
:2008600080FF12C086E090E00E9454663C01009721F070E060E00E94FE86F601738262828A
:2008800081E0F60180836FCF86E090E00E9454663C01009721F061E070E00E94FE86D6011A
:2008A00013967C926E921297EBCF85E00E946165CECF112309F4DACEE0960FB6F894DEBF77
:2008C0000FBECDBFDF91CF911F910F91FF90EF90DF90CF90BF90AF909F908F907F906F90D9
:2008E0005F904F903F902F9008950E94627B0C946D661F920F920FB60F9211242F933F938C
:200900008F939F93AF93BF9380911A0C90911B0CA0911C0CB0911D0C3091190C23E0230F92
:200920002D3758F50196A11DB11D2093190C80931A0C90931B0CA0931C0CB0931D0C8091B0
:200940001E0C90911F0CA091200CB091210C0196A11DB11D80931E0C90931F0CA093200C49
:20096000B093210CBF91AF919F918F913F912F910F900FBE0F901F90189526E8230F029658
:20098000A11DB11DD2CF1F920F920FB60F9211240BB60F922F933F934F935F936F937F935F
:2009A0008F939F93AF93BF93EF93FF9386E790E10E945F46FF91EF91BF91AF919F918F9126
:2009C0007F916F915F914F913F912F910F900BBE0F900FBE0F901F9018951F920F920FB6C1
:2009E0000F9211240BB60F922F938F939F93EF93FF93E0918610F09187108081E0918C1068
:200A0000F0918D1082FD1CC0908180918F108F5F20919010821741F0E0918F10F0E0EA5871
:200A2000FF4E958F80938F10FF91EF919F918F912F910F900BBE0F900FBE0F901F901895A4
:200A40008081F2CF1F920F920FB60F9211240BB60F922F933F934F935F936F937F938F93E7
:200A60009F93AF93BF93EF93FF9348E251E064E271E090E080E00E947750FF91EF91BF9111
:200A8000AF919F918F917F916F915F914F913F912F910F900BBE0F900FBE0F901F90189587
:200AA0001F920F920FB60F9211240BB60F922F933F934F935F936F937F938F939F93AF93D5
:200AC000BF93EF93FF9348EA50E064EA70E083E090E00E947750FF91EF91BF91AF919F91A4
:200AE0008F917F916F915F914F913F912F910F900BBE0F900FBE0F901F9018951F920F9245
:200B00000FB60F9211240BB60F922F933F934F935F936F937F938F939F93AF93BF93EF93F2
:200B2000FF9348E950E064E970E082E090E00E947750FF91EF91BF91AF919F918F917F91EA
:200B40006F915F914F913F912F910F900BBE0F900FBE0F901F9018951F920F920FB60F92AE
:200B600011240BB60F922F933F934F935F936F937F938F939F93AF93BF93EF93FF9348E836
:200B800050E064E870E081E090E00E947750FF91EF91BF91AF919F918F917F916F915F915F
:200BA0004F913F912F910F900BBE0F900FBE0F901F9018951F920F920FB60F9211240BB648
:200BC0000F922F933F934F935F936F937F938F939F93AF93BF93EF93FF938091B900887F2B
:200BE000803609F44DC008F040C0883209F4A9C028F5803109F49DC0C8F4882309F4FBC0D6
:200C0000883009F496C0FF91EF91BF91AF919F918F917F916F915F914F913F912F910F90CA
:200C20000BBE0F900FBE0F901F901895883109F488C0803241F78093351014C0803409F4BF
:200C40009DC040F48033B9F38833E9F68093351085ECB0C0803509F485C0883509F496C0CA
:200C6000883489F60E94E072CECF883909F48CC038F5883729F050F4883611F0803719F6D0
:200C800083E0809337101092570B57C0883809F47BC0803919F0803809F0B5CF8091570B1A
:200CA000803208F071C0E091570B81E08E0F8093570B8091BB00F0E0E95CF44F80833DC0EF
:200CC000803B39F0E0F4803A09F479C0883A09F09ACF84E0809337101092360B1092350BC5
:200CE000E0910D10F0910E1019958091350B81110FC081E08093350B1092150B09C0803C6C
:200D000009F4A6CF883C09F4A3CF883B09F07BCFE091360B81E08E0F8093360BF0E0EB5E0B
:200D2000F44F80818093BB009091360B8091350B29C0809112108093BB0085EC8093BC00C4
:200D400062CF9091341080913310981758F5E091341081E08E0F80933410F0E0ED5EFF4E3B
:200D60008081E9CFE091341081E08E0F809334108091BB00F0E0ED5EFF4E80839091341014
:200D8000809133109817C8F285E8D8CFE091341081E08E0F809334108091BB00F0E0ED5E91
:200DA000FF4E80838091361081115CCF81E08093111084EA8093BC001092371024CF85ECB0
:200DC0008093BC00109237108091570B803230F4E091570BF0E0E95CF44F10826091570B02
:200DE00070E0E0910B10F0910C1087E39BE019951092570B08CF1092351034CFCF93DF934E
:200E0000EC0179836883672B09F05BC080E490E00E94165B6FEA77E7882309F45AC080E494
:200E200090E00E945466FC01892B09F445C01382128220E830E03583248380E490E09783A5
:200E400086833187208793878287168A158614861786168681E0858B848B2FEF3FEF338B6F
:200E6000228B318B208B878B108E128E118E81E592E091838083148E138E81E690E1968F40
:200E8000858F10A2178E8FEF84A385A386A387A380A780E89AE1A6E0B0E085AB96ABA7ABE4
:200EA000B0AF80EA96E8A1E0B0E081AF92AFA3AFB4AF80E586AF17AEFB83EA83DF91CF919A
:200EC00008958BE390E00E94165B811107C06AE877E785E0DF91CF910C9461658BE390E002
:200EE0000E945466FC01892B09F446C01382128220E830E03583248380E490E0978386834B
:200F00003187208793878287168A158614861786168621E0258B248B8FEF9FEF938B828BAA
:200F2000918B808B278B108E128E118E148E138E168E158E40E85AE166E070E0478F50A3AF
:200F400061A372A340EA56E861E070E043A354A365A376A310A617A292AB81AB94AB83AB3C
:200F600096AB85AB27AB81E690E191AF80AF12AE8AEE92E091838083FD83EC839FCFCF9268
:200F8000DF92EF92FF920F931F93CF93DF931F92CDB7DEB7FC0180819181892B09F0ABC1B3
:200FA00002811381D8015F968D919C919097892B09F457C0C8010E94EC6982E0F80182A3D2
:200FC000858D968D892B09F077C061E086A10E94374361E0F80187A10E943743D8019696F1
:200FE0008C919697082E000C990BFC01EA5DFF47E491F0E0EE0FFF1FE45FFF4725913491D3
:20100000F80136A725A7FC01EA53F048E491D396EC93D39797968C91082E000C990BFC01C8
:20102000EA5DFF47E491F0E0EE0FFF1FE45FFF47A591B491F801B0ABA7A7FC01EA53F048AB
:201040009491F80194AB8C91E92FE82BEC93D8015B968D919C91892B09F4D3C00E947343BB
:201060002FC016962D913C91C901079697FD0796B3E095958795BA95E1F7F801248135815E
:20108000AC01429FC001439F900D529F900D11240E949F93D80190969C938E935F97892BF2
:2010A00009F088CF0F90DF91CF911F910F91FF90EF90DF90CF9008958CE381A30E948A5198
:2010C000D80198968C9187FD1FC061E00E94374361E0F80180A50E94094361E070E080E0EE
:2010E00090E00E94624560E0D80198968C910E9409436AE070E080E090E00E94624561E0F1
:20110000F80180A50E940943D8015D968D919C915E97892B09F4BBC0D5966D917D918D91F6
:201120009C91D8970E94595144E062EC7FE7C8010E94FE54F80166816150C8010E9494554D
:2011400044E06EEB7FE7C8010E94FE54D80192968C9164E1813009F460E1C8010E94945549
:2011600044E06AEB7FE7C8010E94FE548FE8F80185AF848195818038910509F09FC0868167
:2011800097818034910509F0A7C082A1813009F493C08FECD801DD968C9342E1F42E6AEDE7
:2011A000C8010E9494556F2DC8010E94945561E8C8010E949455F80165ADC8010E949455EF
:2011C00069EDC8010E949455D80192968C9161EF813009F462E2C8010E94945546E064EB3C
:2011E0007FE7C8010E94FE54F801858D968D892B09F477C061AD72AD83AD94AD0E945951CC
:2012000051CF61E0F80184A10E94374361E0D80195968C910E943743F80184A1082E000C55
:20122000990BFC01EA5DFF47E491F0E0EE0FFF1FE45FFF4725913491D8019A963C932E9383
:201240009997FC01EA53F048E491D196EC93D19795968C91082E000C990BFC01EA5DFF4771
:20126000E491F0E0EE0FFF1FE45FFF47A591B491F801B4A7A3A7FC01EA53F0489491F801DC
:2012800092AB8C91E92FE095E823EC9319CFF801838D948D892B21F086AD97AD0E947D4927
:2012A000D8019F96ED91FC91D0979081D4968C9180958923808338CF8FE96CCF803691054C
:2012C00059F486819781409739F482A1813039F08FEAD801DD968C9332E0F32E60CF80E1FA
:2012E000F8CFD80107A4F0A9E02D8081D4969C91892B8083D7CEE480F580F70187A190A5DB
:20130000892B09F476C0D701D5968D919C9197FD25C061E00E94374361E0F70185A90E9479
:2013200009436AE070E080E090E00E94624560E0D701D5968C910E9409436AE070E080E026
:2013400090E00E94624561E0F70185A90E9409436AE070E080E090E00E946245D701D89686
:20136000CD90DC90D997C114D10409F489C086E090E00E949F938C018CE3F8018083D2824E
:20138000C182138280E290E095838483D7015E961C930E935D970115110509F44FC00E949A
:2013A0008A5181E0F8018383C8010E94DF54882309F444C0C7010E940A6AD7019A961C9214
:2013C0001E9299979C961C921E929B9714968D919C91159701979E969C938E939D971696CE
:2013E0008D919C9117970197D0969C938E939F9725C027A984819581289FA001299F500D13
:20140000112426813781C901079697FD079623E0959587952A95E1F79C01429FC001439F9F
:20142000900D529F900D11240E949F93D70198969C938E939797892B09F065CF82E0F701B9
:2014400082AF858D968D009709F462C0198201E010E09E012F5F3F4F49E150E062E373E057
:201460000E94B252882309F41DCE64E670E080E090E00E9462456FEAC7010E940C5412CE7D
:201480005B960D911C9101151105C1F2F80183858F3F49F061E00E94374361E0D8011B9601
:2014A0008C910E940943F80180819181892B61F00E94734381E0D8015B968C9361E0F70135
:2014C00081A90E94374376CF61E084850E943743F80182858B7FC9F460E084850E9409431D
:2014E000F80185858F3F49F061E00E94374361E0D8011D968C910E940943F80186858F3FDB
:20150000C9F260E00E943743D5CF61E08485E6CF60E081A90E94094349E150E062E373E0C7
:20152000F701838D948D0E9480499CCF109279101092781088EE93E0A0E0B0E080937A10C1
:2015400090937B10A0937C10B0937D102FE433E0309377102093761025EC30E0309383102E
:201560002093821024EC30E0309385102093841020EC30E0309387102093861021EC30E08B
:20158000309389102093881022EC30E030938B1020938A1026EC30E030938D1020938C100A
:2015A00010928F1010929010109291101092921010926410109263108093651090936610D5
:2015C000A0936710B093681081E693E09093621080936110109271108FEF80936D1080936F
:2015E0006E1080936F108093701010927510109274101092AA121092A91286E790E190933F
:20160000A5128093A4121092DB118CE28093A7128BE38093A6128FE28093A81280E6809392
:20162000D6118FE58093D7111092D5111092A01210929F121092A2121092A11281E0809306
:201640009D12EBEAF2E181EF92E1119211928E179F07D9F71092DA116EE574E081E293E1E4
:201660000E949A6963E674E08BE193E10E949A696EE574E085E193E10E949A6963E674E0E0
:201680008FE093E10E949A6964E773E089E093E10E949A6964E773E083E093E10E949A6988
:2016A00062E773E08DEF92E10E949A6962E773E087EF92E10E949A6968E674E081EF92E14B
:2016C0000C949A69789484B5826084BD84B5816084BD85B5826085BD85B5816085BD8091D8
:2016E0006E00816080936E00109281008091810082608093810080918100816080938100E8
:20170000809180008160809380008091B10084608093B1008091B00081608093B0008091E4
:20172000910082608093910080919100816080939100809190008160809390008091A10094
:2017400082608093A1008091A10081608093A1008091A00081608093A00080912101826052
:2017600080932101809121018160809321018091200181608093200180917A008460809322
:201780007A0080917A00826080937A0080917A00816080937A0080917A00806880937A00DC
:2017A0001092C100E0918610F091871082E08083E0918210F09183101082E0918410F09113
:2017C000851080E1808310928E10E0918A10F0918B1086E08083E0918810F091891080811C
:2017E00080618083E0918810F0918910808188608083E0918810F0918910808180688083E7
:20180000E0918810F091891080818F7D808380E090E1909375108093741089E795E6909377
:20182000AA128093A91285E992E79093AC128093AB128BE291E79093AE128093AD1284EB7D
:2018400092E79093E0128093DF128EEE92E69093B0128093AF1280E594E79093B21280936F
:20186000B11284E093E69093D6128093D51288E193E69093D8128093D7128AEF93E79093C2
:20188000EA128093E91281E793E69093B4128093B31280EC96E79093BE128093BD128CE270
:2018A00098E69093C4128093C3128BE695E79093C2128093C11288E895E69093C612809306
:2018C000C5128FE496E69093C8128093C71285E794E89093CC128093CB128CE096E7909374
:2018E000D2128093D11280EB96E79093D4128093D31280EF91E69093DA128093D9128FE9BA
:2019000094E69093D0128093CF1289E694E69093DE128093DD128EEF94E79093E212809334
:20192000E11288E59AE79093EC128093EB1281E08093DB1190E080E00E94C867833271F47A
:201940000BE012E0D0E0C0E02196CE010E948D91D8018D938D01CF32D105B1F71092EF0B72
:201960001092EE0B8BE390E0EC0121960E94C867882309F405C18091EE0B9091EF0B01964F
:201980009093EF0B8093EE0BCE01C130D04161F764E27FE785E00E9461650E94944560930E
:2019A000F90B7093FA0B8093FB0B9093FC0B0E9494456093FD0B7093FE0B8093FF0B909316
:2019C000000C0E9494456E5F7F4F8F4F9F4F6093010C7093020C8093030C9093040C0E9411
:2019E00094456C5F7F4F8F4F9F4F6093050C7093060C8093070C9093080C0E9494456C5FED
:201A00007F4F8F4F9F4F6093090C70930A0C80930B0C90930C0C0E9494456A5F7F4F8F4FB6
:201A20009F4F60930D0C70930E0C80930F0C9093100C0E949445685F7F4F8F4F9F4F609353
:201A4000110C7093120C8093130C9093140CCC24C394DD24D3943EE0732E8091DA118111D7
:201A6000C9C08091A4129091A512DC01ED91FC910084F185E02D1995892B09F4BBC0809164
:201A8000A4129091A512DC01ED91FC910084F185E02D199520E6E22EF12C8036910564F444
:201AA0008091A4129091A512DC01ED91FC910084F185E02D19957C01C091A412D091A5124E
:201AC0009CE3892E92E1992E540110E000E0E016F10609F05AC0D0E0C0E0EC16FD0609F41F
:201AE000BCCFF40191914F0110929C123091A8122091D9119093D911931304C0921302C0B0
:201B00001092D9118091D511E82FF0E04091A612ED52FE4E94135CC0321709F459C011868E
:201B2000882321F0D0929C121092D9111092D5111092A01210929F121092A2121092A11273
:201B4000D0929D1280919C12813009F051C00E94DA628093D411833208F044C020919E1212
:201B6000222309F43FC0FC01FF27EE0FFF1FE555FD4E0190F081E02D3097A1F1199538C053
:201B80000E94627B0E946D6608CF0E949445688779878A879B87E881F9810284F385E02DEF
:201BA000CE01199597FF2CC10E949445288539854A855B85621B730B840B950B2C813D81FB
:201BC0004E815F81621773078407950720F383CF91878F5F8093D5119091D711891708F037
:201BE000A5CFB0CFE091A912F091AA12309731F6219673CF8090F00B9090F10BA090F20B4E
:201C0000B090F30B8091F40B811100C10E949445681979098A099B09613A7B4B8D409105AA
:201C200018F081E00E94DE718091F50B882309F4E4C04AE069EF7BE084E09FE50E94E15A4B
:201C400041E06DEF7BE088E19DE50E94E15AF12C8091F80BF81608F0ADC0C091F60BD0918D
:201C6000F70BF79CC00DD11D11248881882309F49BC00A811B81F80184A195A1A6A1B7A1B9
:201C8000892B8A2B8B2B09F440C00E943D454B015C01F80180A591A5A2A5B3A5B501A4010D
:201CA000481B590B6A0B7B0B84A195A1A6A1B7A1481759076A077B0728F184859585A6854F
:201CC000B7852281222309F471C00196A11DB11D84879587A687B787D8011C964D915D91A6
:201CE0006D917C911F97ED91FC910680F781E02DC8011995F80180A691A6A2A6B3A6C801D6
:201D00000E941D598881882331F18C810E94E0429D81891701F18D8381111DC08881882321
:201D2000D1F089818823B9F0EA81FB811486158616861786108A118A128A138A14AA15AA44
:201D400016AA17AA14A215A216A217A2148A158A168A178A19828A819B814A852C85429F83
:201D6000A0011124052E000C660B770B0E811F8128853985400F511F621F731FDC011C9660
:201D80000D911D912D913C911F97401751076207730751F42B85222339F0ED91FC91019025
:201DA000F081E02D1995CD86F39452CF0197A109B1098ECF45E061E07CE086E49BE50E9455
:201DC000E15A42E369E07CE08FE99FE50E94E15A4AE065E07CE085E89FE50E94E15A4AE062
:201DE0006DE07CE088ED91E60E94E15A4AE061E17CE08AEC9EE50E94E15A0E94EE462DCE02
:201E0000F50181935F010F5F1F4F61CE0E949445681979098A099B09603A7B4B8D409105D5
:201E200008F002CF80E0FECE81EF92E10E94AB6987EF92E10E94AB698DEF92E10E94AB69D0
:201E400083E093E10E94AB6989E093E10E94AB698FE093E10E94AB6985E193E10E94AB6939
:201E60008BE193E10E94AB6981E293E10C94AB698F929F92AF92BF92CF92DF92EF92FF9279
:201E8000CF93DF93EC01688179818A819B81611571058105910521F464E279ED8BE597E0C7
:201EA0002DE133EF41E050E00E94A39149015A019B01AC01A7EAB1E40E94C2916B017C01D9
:201EC000ACEEB4EFA50194010E94D091C60ED71EE81EF91EF7FE06C081E0C81AD108E108E1
:201EE00080E8F80AC882D982EA82FB82C701B6019F77DF91CF91FF90EF90DF90CF90BF905A
:201F0000AF909F908F9008958F929F92AF92BF92CF92DF92EF92FF9260913B0270913C0262
:201F200080913D0290913E02611571058105910521F464E279ED8BE597E02DE133EF41E0EF
:201F400050E00E94A39149015A019B01AC01A7EAB1E40E94C2916B017C01ACEEB4EFA501A6
:201F600094010E94D091C60ED71EE81EF91EF7FE06C081E0C81AD108E10880E8F80AC09267
:201F80003B02D0923C02E0923D02F0923E02C701B6019F77FF90EF90DF90CF90BF90AF90F2
:201FA0009F908F90089560933B0270933C0280933D0290933E020895FC0188279927E8948B
:201FC00021912032E9F3293010F02E30C8F32B3241F02D3239F4689404C00E946190820FB1
:201FE000911D219120532A30C0F31EF4909581959F4F08951F93FC0199278827BC01E894D2
:2020000011911032E9F3193010F01E30C8F31B3251F01D3249F4689406C00E944C90610FE4
:20202000711D811D911D119110531A30B0F33EF490958095709561957F4F8F4F9F4F1F9123
:20204000089547E253E10C942590FA01A191B081009719F41097E1F0CD01DC01CD010D90A1
:20206000002011F4C00113C0FB012191222319F02015D9F7F3CFFB012191201519F41E9244
:20208000119606C02223C1F70D900020A1F7D001FA01A193B0830895592F482F372F262FF7
:2020A000660F771F881F991F660F771F881F991F620F731F841F951F660F771F881F991F88
:2020C00008957AE0979F902D879F802D910D112408950E94AB9008F481E00895E89409C0B7
:2020E00097FB3EF490958095709561957F4F8F4F9F4F9923A9F0F92F96E9BB279395F695BC
:20210000879577956795B795F111F8CFFAF4BB0F11F460FF1BC06F5F7F4F8F4F9F4F16C051
:20212000882311F096E911C0772321F09EE8872F762F05C0662371F096E8862F70E060E0A5
:202140002AF09A95660F771F881FDAF7880F9695879597F90895990F0008550FAA0BE0E817
:20216000FEEF16161706E807F907C0F012161306E407F50798F0621B730B840B950B39F483
:202180000A2661F0232B242B252B21F408950A2609F4A140A6958FEF811D811D08950E94DD
:2021A000E2900C9453910E94459138F00E944C9120F0952311F00C943C910C94429111242C
:2021C0000C9487910E94649170F3959FC1F3950F50E0551F629FF001729FBB27F00DB11D6D
:2021E000639FAA27F00DB11DAA1F649F6627B00DA11D661F829F2227B00DA11D621F739F70
:20220000B00DA11D621F839FA00D611D221F749F3327A00D611D231F849F600D211D822FDB
:20222000762F6A2F11249F5750409AF0F1F088234AF0EE0FFF1FBB1F661F771F881F9150BD
:202240005040A9F79E3F510580F00C943C910C9487915F3FE4F3983ED4F386957795679551
:20226000B795F795E7959F5FC1F7FE2B880F911D9695879597F9089597F99F6780E870E024
:2022800060E008959FEF80EC089500240A941616170618060906089500240A9412161306F2
:2022A000140605060895092E0394000C11F4882352F0BB0F40F4BF2B11F460FF04C06F5FB2
:2022C0007F4F8F4F9F4F089557FD9058440F551F59F05F3F71F04795880F97FB991F61F06E
:2022E0009F3F79F087950895121613061406551FF2CF4695F1DF08C0161617061806991FBC
:20230000F1CF86957105610508940895E894BB2766277727CB0197F90895F999FECF92BD9D
:2023200081BDF89A992780B50895262FF999FECF1FBA92BD81BD20BD0FB6F894FA9AF99ACC
:202340000FBE01960895052E97FB1EF400940E94BA9157FD07D00E94D59107FC03D04EF4D9
:202360000C94BA9150954095309521953F4F4F4F5F4F089590958095709561957F4F8F4FE5
:202380009F4F08950E94F791A59F900DB49F900DA49F800D911D11240895B7FF0C94C291BE
:2023A0000E94C291821B930B0895A1E21A2EAA1BBB1BFD010DC0AA1FBB1FEE1FFF1FA21798
:2023C000B307E407F50720F0A21BB30BE40BF50B661F771F881F991F1A9469F76095709560
:2023E000809590959B01AC01BD01CF010895A29FB001B39FC001A39F700D811D1124911DEA
:20240000B29F700D811D1124911D0895DB018F939F930E94C291BF91AF91A29F800D911D9F
:20242000A39F900DB29F900D11240895991B79E004C0991F961708F0961B881F7A95C9F7A8
:2024400080950895EE0FFF1F881F8BBF0790F691E02D19945058BB27AA270E9442920C9475
:2024600053910E94459138F00E944C9120F039F49F3F19F426F40C9442910EF4E095E7FB4B
:202480000C943C91E92F0E94649158F3BA17620773078407950720F079F4A6F50C9486912B
:2024A0000EF4E0950B2EBA2FA02D0B01B90190010C01CA01A0011124FF27591B99F0593FF6
:2024C00050F4503E68F11A16F040A22F232F342F4427585FF3CF469537952795A795F04038
:2024E0005395C9F77EF41F16BA0B620B730B840BBAF09150A1F0FF0FBB1F661F771F881F88
:20250000C2F70EC0BA0F621F731F841F48F4879577956795B795F7959E3F08F0B0CF939501
:20252000880F08F09927EE0F9795879508950E94AB920C9453910E944C9158F00E944591C8
:2025400040F029F45F3F29F00C943C9151110C9487910C9442910E94649168F39923B1F32B
:20256000552391F3951B550BBB27AA2762177307840738F09F5F5F4F220F331F441FAA1F9B
:20258000A9F335D00E2E3AF0E0E832D091505040E695001CCAF72BD0FE2F29D0660F771F75
:2025A000881FBB1F261737074807AB07B0E809F0BB0B802DBF01FF2793585F4F3AF09E3F94
:2025C000510578F00C943C910C9487915F3FE4F3983ED4F3869577956795B795F7959F5F0D
:2025E000C9F7880F911D9695879597F90895E1E0660F771F881FBB1F621773078407BA07D6
:2026000020F0621B730B840BBA0BEE1F88F7E09508950E9410936894B1110C948791089565
:202620000E946C9188F09F5798F0B92F9927B751B0F0E1F0660F771F881F991F1AF0BA9521
:20264000C9F714C0B13091F00E948691B1E008950C948691672F782F8827B85F39F0B93FC2
:20266000CCF3869577956795B395D9F73EF490958095709561957F4F8F4F9F4F08950E9420
:20268000AB9008F48FEF089519F416F40C9442910C948A930E946C91B8F39923C9F3B6F336
:2026A0009F57550B87FF0E9498930024A0E640EA900180585695979528F4805C660F771F1A
:2026C000881F20F026173707480730F4621B730B840B202931294A2BA695179407942025ED
:2026E00031254A2758F7660F771F881F20F026173707480730F4620B730B840B200D311D1F
:20270000411DA09581F7B901842F9158880F9695879508959F3F31F0915020F487957795C1
:202720006795B795880F911D9695879597F9089591505040660F771F881FD2F708950F936D
:202740001F93CF93DF938230910510F482E090E0E0912B13F0912C1330E020E0B0E0A0E046
:20276000309799F42115310509F44AC0281B390B24303105D8F58A819B816115710589F127
:20278000FB0193838283FE0111C0408151810281138148175907E0F04817590799F4109726
:2027A00061F012960C93129713961C933296CF01DF91CF911F910F91089500932B131093B7
:2027C0002C13F4CF2115310551F04217530738F0A901DB019A01BD01DF01F801C1CFEF0137
:2027E000F9CF90932C1380932B13CDCFFE01E20FF31F819391932250310939832883D7CFCF
:202800002091291330912A13232B41F4209141023091420230932A132093291320913F0270
:20282000309140022115310541F42DB73EB74091430250914402241B350BE0912913F09131
:202840002A13E217F307A0F42E1B3F0B2817390778F0AC014E5F5F4F2417350748F04E0F26
:202860005F1F50932A1340932913819391939FCFF0E0E0E09CCFCF93DF930097E9F0FC01C9
:20288000329713821282A0912B13B0912C13ED0130E020E01097A1F420813181820F931F87
:2028A0002091291330912A132817390709F061C0F0932A13E0932913DF91CF910895EA01CD
:2028C000CE17DF07E8F54A815B819E0141155105B1F7E901FB83EA8349915991C40FD51F56
:2028E000EC17FD0761F4808191810296840F951FE90199838883828193819B838A83F0E067
:20290000E0E012968D919C9113970097B9F52D913C911197CD010296820F931F209129134C
:2029200030912A132817390739F6309751F510922C1310922B13B0932A13A0932913BCCFA3
:20294000D383C28340815181840F951FC817D90761F44E5F5F4F88819981480F591F5183CD
:2029600040838A819B81938382832115310509F0B0CFF0932C13E0932B139ECFFD01DC01B3
:20298000C0CF13821282D7CF4F925F926F927F928F929F92AF92BF92CF92DF92EF92FF922D
:2029A0000F931F93CF93DF938C01009799F4CB01DF91CF911F910F91FF90EF90DF90CF9076
:2029C000BF90AF909F908F907F906F905F904F900C949F93FC01E60FF71F9C01225031091C
:2029E000E217F30708F4AEC0D901CD91DC911197C617D70720F1C530D10578F0CE010497C4
:202A00008617970750F0C61BD70B2297C193D1936D937C93CF010E943B94C801DF91CF911E
:202A20001F910F91FF90EF90DF90CF90BF90AF909F908F907F906F905F904F9008955B01B9
:202A4000AC1ABD0A4C018C0E9D1EA0912B13B0912C13512C412CF12CE12C109731F5809166
:202A6000291390912A138815990509F05CC04616570608F058C080913F0290914002009757
:202A800041F48DB79EB74091430250914402841B950BE817F90708F055C0F0932A13E093AD
:202AA0002913F90171836083B8CF8D919C91119712966C90129713967C901397A815B90568
:202AC00059F56C0142E0C40ED11CCA14DB0420F1AC014A195B09DA011296159780F0628295
:202AE000738251834083D9016D937C93E114F10471F0D7011396FC93EE9312978ECF2296C7
:202B00008C0F9D1FF90191838083F301EFCFF0932C13E0932B1381CF4816590608F42C01F2
:202B20007D01D3019ACFCB010E949F937C01009749F0AE01B8010E94AA95C8010E943B946A
:202B400087016BCF10E000E068CF81E090E0F8940C94CA95FB01DC0102C001900D924150F4
:202B60005040D8F70895DC0101C06D9341505040E0F70895FB01DC018D91019080190110F4
:202B8000D9F3990B0895FB01DC0101900D920020E1F7089510E4C7E3D0E400E006C0802FE3
:202BA000FE010E9422922196011DC833D10780E00807A9F7F894FFCF31323334353637380B
:202BC000393000476167616775204643552D454649530000000000000000000000000000EE
:202BE000000000000000000000000000000000000000000100000000002D138000000040D4
:202C00000014005400000000001E4DF14501573151C6489B4FC44F9C4FB84FAC4FCB4F9B24
:202C20004FE44AF15536487F48E44EC74E4F4EF04D00000001020100000002010000010162
:202C400000010100010101010100000000009956F145015731517F67B55600FF010001007C
:202C600000FFFF0000010001FF00020100050403000000001E4DF14501573151D4499B4FC4
:202C8000C44F9C4FB84FAC4FCB4F9B4FE44A3F54624F294FE44EC74E4F4EF04DE2680000DB
:202CA00000001E4DF14501573151D4499B4FC44F9C4FB84FAC4FCB4F9B4FE44A3F54624F1C
:202CC000294FE44EC74E4F4EF04D0153B369E26900000000385704579558D3587F5855581A
:202CE00034580058DF5789575657AED580A83FD30040AD8BA1C8DA1281FFD91FDB4033A637
:202D00002010A4000000008146F1451E46CE464E462D464046000000009C546F5401579B37
:202D20004F6854555446540D0A00303030303000414C54004C564C002F0038383838380028
:202D400048444700562F530054524B00465041004C415400535044004D4143480051464543
:202D600000514E4800357464007C00302E392E3200322E352E31002B002D2D2D2D2D0042AA
:202D80007574746F6E004F757470757400375365676D656E740053746570706572005365C3
:202DA00072766F00456E636F64657273004C434400416E616C6F67496E004F75747075741C
:202DC0005368696674657200496E70757453686966746572004D5558446967496E004469C7
:202DE00067496E4D757800437573746F6D446576696365004D6F6269466C69676874005279
:202E00006F636B7321004741474147555F4643552D45464953003130313300323939320009
:202E20002D302E300000FFFFFFFFFFFFFFFFFFFFFFFFFFFFFFFFFFFFFFFFFFFFFFFFFFFFF1
:202E4000FFFFFFFFFFFFFFFFFFFFFFFFFFFFFFFFFFFFFFFFFFFFFFFFFFFFFFFFFFFFFFFF92
:202E6000FFFFFFFFFFFFFFFFFFFFFFFFFFFFFFFFFFFFFFFFFFFFFFFFFFFFFFFFFFFFFFFF72
:202E8000FFFFFFFFFFFFFFFFFFFFFFFFFFFFFFFFFFFFFFFFFFFFFFFFFFFFFFFFFFFFFFFF52
:202EA000FFFFFFFFFFFFFFFFFFFFFFFFFFFFFFFFFFFFFFFFFFFFFFFFFFFFFFFFFFFFFFFF32
:202EC000FFFFFFFFFFFFFFFFFFFFFFFFFFFFFFFFFFFFFFFFFFFFFFFFFFFFFFFFFFFFFFFF12
:202EE000FFFFFFFFFFFFFFFFFFFFFFFFFFFFFFFFFFFFFFFFFFFFFFFFFFFFFFFFFFFFFFFFF2
:202F00000E9436EB80913705882309F445C126E0521242C1E12C10E8F12E0EE813E420E075
:202F200030E0A90166E872E084E09BE11BC097E039123BC08091A00281111CC08091370551
:202F4000882309F429C127E0521226C1E12C10E8F12E0EE813E420E030E0A90162E872E026
:202F600086EF9AE10E942BDF8091D313882309F413C1BBC160918202709183028091840234
:202F8000909185020E9428F67A836983CE0101960E940D579C0181E097E0591280E04DEFF8
:202FA0005AE1642D0E9436EBC9CF28E032122BC08091A002882371F08EE792E00E943A55DC
:202FC0009C0181E098E0591280E04EEE5AE1642D0E9436EB809137058823A9F028E05212E8
:202FE00012C0E12CF12C00E81FE320E030E0A9016EE772E086EE9AE10E94B3DE7092A202C2
:203000006092A102F2CE2CE933E549E45EE360917A0270917B0280917C0290917D020E9404
:20302000C0F56093D70C7093D80C8093D90C9093DA0C2CE933E549E45EE360917602709118
:20304000770280917802909179020E94FDF06093D30C7093D40C8093D50C9093D60C89E02A
:2030600038122EC08091A002882371F082E792E00E94C3519C0181E099E0591280E040EE58
:203080005AE1642D0E9436EB80913705882309F424C129E0521221C1E12C18E1F12E0CE166
:2030A00016E420E030E040E85FE362E772E08AED9AE10E94B3DE9092A2028092A102BDC0E4
:2030C0008AE0381232C08091A002882371F087ED9CE00E94C3519C0181E09AE0591280E0A2
:2030E00044ED5AE1642D0E9436EB80913705882309F4F3C02AE05212F0C0E12C18E1F12E25
:203100000CE116E42AE037ED43E25CE367ED7CE08EEC9AE10E94B3DED092A202C092A10263
:20312000B092FE0FA092FD0F88C08BE0381260C08091A002882371F083ED9CE00E94C35184
:203140009C0181E09BE0591280E048EC5AE1642D0E9436EB80913705882309F4BEC02BE0EA
:203160005212BBC0E12C18E1F12E0CE116E420E030E040E85FE363ED7CE082EC9AE10E94B3
:20318000B3DED092A202C092A10288EE91E99093FE0F8093FD0F51C02CE933E549E45EE3B8
:2031A00060917A0270917B0280917C0290917D020E94C0F56093D70C7093D80C8093D90CE9
:2031C0009093DA0C2CE933E549E45EE3609176027091770280917802909179020E94FDF0B2
:2031E0006093D30C7093D40C8093D50C9093D60C9CE0391237C08091A002811124C0809129
:203200003705882309F469C02CE0521266C0209236051092320510923305109234051092EE
:2032200035050AEF12E92DE131E046E950E060E772E088EA9AE10E9497DF8091D3138823A2
:2032400009F44BC052C080E792E00E940D579C0181E09CE0591280E045EB5AE1642D0E9492
:2032600036EBCDCF2DE0321219C08091A002882359F081E09DE0591280E00EE32EE347E9E5
:203280005AE1642D0E94598980913705882329F12DE0521222C089E49FEB10C08EE03812FA
:2032A0001CC08091A00281110CC0809137058823A1F02EE0521211C086E49FEB0E94B95AAC
:2032C000BCCF81E09EE0591280E00EE32EE346E85AE1642D0E945989E8CF4394339494E070
:2032E0004912E1CC8FE08093DB0C0F900F90DF91CF911F910F91FF90EF90DF90CF90BF90D4
:20330000AF909F908F907F906F905F904F903F902F9008950F931F93CF93DF93EB010E9463
:2033200045DE8B010E94B9C48F3F49F00E9445DE601B710B6C177D07A8F380E001C081E0D8
:20334000DF91CF911F910F9108958F929F92AF92BF92CF92DF92EF92FF920F931F93CF9332
:20336000DF93EC018B81811102C080E078C009891A892B893C890417150726073707A8F30B
:203380006A017B01823029F4C886D986EA86FB860DC0C114D104E104F10451F41C821D8206
:2033A0001E821F82188619861A861B8681E057C088849984AA84BB84E98DFA8D258530E089
:2033C000275F3F4FB501A4014150510961097109022E04C076956795579547950A94D2F785
:2033E000D701C6010197A109B10904C0B695A795979587952A95D2F784179507A607B70775
:2034000020F089288A288B2871F44D895E896F89788D4C835D836E837F834C015D018E018B
:203420000C5F1F4F16C0841B950BA60BB70BF5CF4C815D816E817F819801898D9A8D0E9455
:2034400046D391E0891A9108A108B108882309F48CCF81149104A104B10451F795CFDF91A1
:20346000CF911F910F91FF90EF90DF90CF90BF90AF909F908F9008950F931F93CF93DF931F
:20348000FC012381222311F080E044C08B01EC01FB018789803139F18032B1F783E08B83B6
:2034A000F801428D538D648D758D4D8B5E8B6F8B788F9E012F5E3F4FC8010E94C7D3882345
:2034C00019F31A8F098F81E089831C821D821E821F82188619861A861B861C861D861E864D
:2034E0001F86188A17C082E08B831D8A1E8A1F8A188EFB01808D918DA0E0B0E025E0880FCD
:20350000991FAA1FBB1F2A95D1F7898B9A8BAB8BBC8BD7CFDF91CF911F910F910895CF934E
:20352000DF93EC010E948FD41B82DF91CF910895CF93DF93EC0141E0611101C040E06C85F7
:203540007D858E859F850E947DD2882341F0888920E2829FC00111248352934F02C080E062
:2035600090E0DF91CF910895CF93DF93EB01FC012381211102C080E027C02250223020F4FA
:203580008FE2888319821FC060E0D2DF009799F3FC0190E080E02EE23081303269F0883020
:2035A00029F4DE01A90FB11D2C939F5FDE01A90FB11D30813C939F5F8F5F31968B3061F721
:2035C000C90FD11D188281E0DF91CF9108953F924F925F926F927F928F929F92AF92BF9224
:2035E000CF92DF92EF92FF920F931F93CF93DF93CDB7DEB72C970FB6F894DEBF0FBECDBF9C
:203600005C01DC0159968D909C905A97F40181859285A385B4859C01AD012F5F3F4F4F4FCF
:203620005F4F29873A874B875C87D5011496CD90DD90ED90FC901797C114D104E104F10431
:2036400039F0BFEFCB1ADB0AEB0AFB0A312C07C0F401C080D180E280F3803324339426010B
:2036600037011D821E821F821886F40181859285A385B4852D813E814F8158852817390788
:203680004A075B0708F064C089859A85AB85BC858C159D05AE05BF0550F482E0C82ED12C6A
:2036A000E12CF12C92E0492E512C612C712C9E012F5F3F4FB701A601C4010E9446D388230B
:2036C00009F446C089819A81AB81BC81892B8A2B8B2B41F0260137019FEF491A590A690AE3
:2036E000790A05C0C414D504E604F70491F02D813E814F8158852F5F3F4F4F4F5F4F2D8339
:203700003E834F8358873FEFC31AD30AE30AF30AACCF0FEF1FEF2FEF3FE0B301A201C40185
:203720000E94B5D2F82E882399F0D50114964D915D916D917C911797411551056105710579
:2037400049F093018201C4010E94B5D2811102C0F12C29C0D50114964D925D926D927C9276
:203760001797332051F0D301C2010196A11DB11DF40180839183A283B383F50185899689C3
:20378000A789B08D892B8A2B8B2B69F4D50155964D925D926D927C92589711968C91119749
:2037A000806811968C938F2D2C960FB6F894DEBF0FBECDBFDF91CF911F910F91FF90EF9068
:2037C000DF90CF90BF90AF909F908F907F906F905F904F903F90089540E050E0BA01B5CD6A
:2037E00061E0FC0180810C94DCDC8EBD0DB407FEFDCF08958F929F92AF92BF92EF92FF92C2
:203800001F93CF93DF93EC01162F49015A019A81892F806A86958CBD90FD03C081E09630B3
:2038200009F480E08DBD60E088810E94DCDC6CE271E0CE016FDD812F8064D7DF88E1E82EBB
:20384000F12CD501C4010E2C04C0B695A795979587950A94D2F7C9DF88E0E81AF10888EFFA
:20386000E8168FEFF80669F71123A1F0183011F487E801C08FEFB9DF1C3011F40E94B9C4A6
:2038800010E00E94B9C48B8387FF07C01F3F29F01F5FF7CF85E9A9DFF3CFDF91CF911F91CB
:2038A000FF90EF90BF90AF909F908F9008950F931F93CF93DF93EC0189018C81833039F0F9
:2038C00089E0440F551F661F771F8A95D1F79A01AB0168E1CE018EDF882311F086E02DC0EB
:2038E0008EEF8EBDF801C8019E5F0DB407FEFDCF20812EBD0DB407FEFDCF21812EBD32963C
:203900008E179F0791F70DB407FEFDCF8FEF6DDF8FEF6BDF0E94B9C48B838F71853029F0B5
:2039200083E18983CE015CDF09C068E572E0CE01F1DC182F811106C087E18983CE0150DFF8
:2039400010E010C020E030E0A9016DE0CE0152DF811104C00E94B9C4882311F086E1EDCF5C
:20396000CE013EDF812FDF91CF911F910F910895EF92FF920F931F93CF93DF93EC0179014D
:203980008C81833039F089E0440F551F661F771F8A95D1F79A01AB0161E1CE012BDF8823FF
:2039A00029F084E08983CE011BDF38C00E9445DE8B010E94B9C48B838F3F49F40E9445DE6F
:2039C000601B710B6D327140A0F381E103C08E3F39F08FE08983CE0103DF8FEF06DF1EC085
:2039E0008FEF8EBDF701D701A150BE4F0DB407FEFDCF9EB591938EBDEA17FB07B9F70DB468
:203A000007FEFDCF8EB58C930E94B9C40E94B9C4CE01E6DE8FEFE9DE81E001C080E0DF916B
:203A2000CF911F910F91FF90EF9008952F923F924F925F926F927F928F929F92AF92BF92D1
:203A4000CF92DF92EF92FF920F931F93CF93DF9300D01F92CDB7DEB79C838B834B015A01EC
:203A6000DC0113968C91811103C08FEF9FEFEAC0EB81FC81818180FFF8CFAB81BC81519617
:203A80000D911D912D913C91549718964D915D916D917C911B97C501A0E0B0E06801790174
:203AA000C41AD50AE60AF70AC816D906EA06FB0618F45801A41AB50A75018B819C8104968F
:203AC0009A838983612C42E0742EE114F10409F48BC0AB81BC8118964D915D916D917C914C
:203AE0001B976A01B1E0DB22EB81FC812381818D928D1A012B0139E05694479437942794B6
:203B00003A95D1F7223061F4FC01828D938DA48DB58DBC01CD01620D731D841D951D4AC0E1
:203B2000DC0114961C9111501221C114D10401F511111EC0452B462B472B59F4EB81FC8194
:203B400085899689A789B08D84839583A683B7830FC0AB81BC8114964D915D916D917C9190
:203B6000179729813A810E9446D3882309F47DCFEB81FC81218D328D84819581A681B781B3
:203B80000297A109B109F901058404C0880F991FAA1FBB1F0A94D2F74685578560897189FE
:203BA000840F951FA61FB71FBC01CD01610F711D811D911D93012C193D0987012E153F0520
:203BC00008F489010115F2E01F0771F52091DD0E3091DE0E4091DF0E5091E00E6217730722
:203BE0008407950719F420C0C5012CC09401AB01BC018091E60E9091E70EBADE882309F4A6
:203C000034CF800E911EEB81FC8180859185A285B385800F911FA11DB11D80879187A287EE
:203C2000B387E01AF10A51CF40E00E947DD2882309F41BCFB6016352734FA801C4010E9454
:203C400002F8DFCF0F900F900F900F90DF91CF911F910F91FF90EF90DF90CF90BF90AF90B6
:203C60009F908F907F906F905F904F903F902F9008954F925F926F927F929F92AF92BF9248
:203C8000CF92DF92EF92FF920F931F93CF93DF931F92CDB7DEB78C017B015A01C22EDB011E
:203CA00059968D919C915A97F801928F818FCB0193DD912CF70180859185A285B38541897A
:203CC00052896389748984179507A607B70708F05FC025E0B695A795979587952A95D1F70C
:203CE000F82FFF70DF2ED70113968C91823008F45EC041E050E0BE016F5F7F4FC70196DECF
:203D0000019719F4898190E002C08FEF9FEF019609F44DC0F70180859185A285B3854F96BE
:203D2000A11DB11D80879187A287B387F0E2DF9EB00111246352734F61157105C1F1DB014F
:203D40008C91882319F0853EC1F468C191100EC08091DD0E9091DE0EA091DF0EB091E00E2C
:203D6000F80184879587A687B787D08ADB018C91882361F0992493949DCF4BE050E0C501F8
:203D80000E94F5F7892B09F095CF13C0992493948C2D8274823459F4992009F48AC0F80122
:203DA000D08861E0C801C4DB009709F00BC180E038C1C7FCFCCFF0E2DF9EA00111249A01FF
:203DC0002352334FD9011B968C91817121F08C2D827109F06AC08091DD0E9091DE0EA09138
:203DE000DF0EB091E00EF80184879587A687B787D08ACA018352934F7C01DC0154964D911E
:203E00005C91559760E070E0DA0199278827858B968BA78BB08FF701428D538D60E070E016
:203E2000482B592B6A2B7B2BD80155964D935D936D937C935897F9018385887161F4F70176
:203E4000848D958DA68DB78DF801818B928BA38BB48B81E010C0803141F598012F5E3F4F5D
:203E6000D80159968D919C915A970E94C7D38823E1F084E0F80183838C2D8F70D8011196EB
:203E80008C931197F801148215821682178218961D921D921D921C921B97C4FEB3C0C801EB
:203EA0000E9409AF8111AEC082CFD80113961C927ECFD70113968C911397823009F477CF9D
:203EC00051968D919D910D90BC91A02D803E9F4FAF41B10508F06BCFC70179DB882309F4B0
:203EE00066CF0E943DD2882309F461CFD70159962D913C915A9714968D919D910D90BC91E1
:203F0000A02D0297A109B109F901058404C0880F991FAA1FBB1F0A94D2F7468457846088AA
:203F20007188480E591E6A1E7B1E81E08093E50E4092DD0E5092DE0E6092DF0E7092E00ED9
:203F400080E092E0EDEDFCE0DF019C011D9221503040E1F7DD24D394D7015996ED91FC91BA
:203F60005A978481D81690F42DED3CE0B301A2014D0D511D611D711D8091E60E9091E70E5D
:203F800096DC882309F413CFD394E6CF80E092E0A0E0B0E0058404C0880F991FAA1FBB1FE8
:203FA0000A94D2F7F7014189528963897489840F951FA61FB71F818B928BA38BB48B8DED22
:203FC0009CE0D12C20E2DC011D922A95E9F72BE0F501DC0101900D922A95E1F721E238E279
:203FE000FC01318B208B40E058E057874687338B228B318F208F578B468B0E943DD281118A
:20400000DACED5CEC5FE08C0F8014189528963897489C8019AD905C081E003C09110AACE05
:2040200097CE0F90DF91CF911F910F91FF90EF90DF90CF90BF90AF909F907F906F905F90C6
:204040004F9008952F923F924F925F926F927F928F929F92AF92BF92CF92DF92EF92FF92A6
:204060000F931F93CF93DF93CDB7DEB7C254D1090FB6F894DEBF0FBECDBF4C015B016A01B4
:20408000322E19821C821C8E1F8E672B11F410E094C0FC0183818111FACFFA0180818F323C
:2040A00011F0850116C0CA016C010196F60120812F32D1F3F50183818250823090F3618D28
:2040C000728DCE014C96D8D9882309F38E01045E1F4FCE0101967C013C012E019CE1490E56
:2040E000511C2396EFAE23972F2C2FC020E221938E179F07D9F7B60190E027E0DB018D9100
:20410000811129C08FA9803211F26B01FB0180816F5F7F4F8F32C9F3882309F449C021E003
:20412000B801C701A6DD882309F4B1CF0A151B0511F0C801F4D96E147F04B9F123969FADC9
:204140002397822D8701E92EF82EFE01F796CF010B96AF01CBCF8F32A9F28E3239F42A3047
:2041600009F495CF98E02AE0BD01C8CFE4EBFBE13491332321F031968313FACF88CF291773
:2041800008F485CF813208F482CF8F3709F47FCF31E0390FFA01E90FF11D9FE9980F9A316A
:2041A00008F480528083932FDFCF942D852DCACF232DB801C4015DDD182FCE014C960E9410
:2041C0009448CE0101960E949448812FCE5BDF4F0FB6F894DEBF0FBECDBFDF91CF911F9151
:2041E0000F91FF90EF90DF90CF90BF90AF909F908F907F906F905F904F903F902F90089560
:2042000088E893E19093FD098093FC0980916F008D7F80936F009091A6108091A71098171D
:2042200019F00E94C75BF7CF1092590C1092580C80916F00826080936F000E94DE910E9447
:204240000CC987ED9FE00E9458720E9431C60C9497474F925F926F927F928F929F92AF929C
:20426000BF92CF92DF92EF92FF92CF93DF93EAE4FCE18491EF012196882321F00E94DD484B
:20428000FE01F7CF60914B0A70914C0A80914D0A90914E0A42E00E946A4DE6E4FCE18491A4
:2042A000EF012196882321F00E94DD48FE01F7CF60914F0A7091500A8091510A9091520A81
:2042C00042E00E946A4DE2E4FCE18491EF012196882321F00E94DD48FE01F7CF6091530A6E
:2042E0007091540A8091550A9091560A42E00E946A4DEEE3FCE18491EF012196882321F0CD
:204300000E94DD48FE01F7CF6091570A7091580A8091590A90915A0A42E00E946A4D8FB7A2
:20432000F89440905A0C50905B0C60905C0C70905D0C80905E0C90905F0CA090600CB090D2
:20434000610CC090620CD090630CE090640CF090650C8FBFE3E3FCE18491EF01219688233A
:2043600021F00E94DD48FE01F7CFC301B2010E94254AEFE2FCE18491EF012196882321F0F2
:204380000E94DD48FE01F7CFC501B4010E94254AEBE2FCE18491EF012196882321F00E9441
:2043A000DD48FE01F7CFC701B6010E94254A8AE0DF91CF91FF90EF90DF90CF90BF90AF90DF
:2043C0009F908F907F906F905F904F900C94DD48CF93DF93E7EDFBE18491EF012196882303
:2043E00021F00E94DD48FE01F7CF60913F1070914010809141109091421041E00E946A4D40
:20440000E4EDFBE18491EF012196882321F00E94DD48FE01F7CF60913D1070913E10072E29
:20442000000C880B990B0E949EF041E00E946A4DE0EDFBE18491EF012196882321F00E94CC
:20444000DD48FE01F7CF6091FF0B7091000C8091010C9091020C41E00E946A4DEDECFBE1EE
:204460008491EF012196882321F00E94DD48FE01F7CF6091141070911510072E000C880B29
:20448000990B0E949EF041E00E946A4DE9ECFBE18491EF012196882321F00E94DD48FE01DF
:2044A000F7CFE091AC04F0E0E459F34F608170E080E090E00E94254AE4ECFBE18491EF0103
:2044C0002196882321F00E94DD48FE01F7CF60916B0C70E080E090E0DF91CF910C94254A76
:2044E0002F923F924F925F926F927F928F929F92AF92BF92CF92DF92EF92FF920F931F932A
:20450000CF93DF93CDB7DEB7C154D1090FB6F894DEBF0FBECDBF85E40E940646882321F065
:204520000E9472468C0102C000E010E083E40E940646882329F00E9472469AA789A704C05A
:2045400025E030E03AA729A785E50E940646882321F00E9448468BA701C01BA683E50E9493
:204560000646882339F00E948A4669877A878B879C8708C019861A8617FD0AC036E13B87C5
:2045800043E44C870115110539F41092AC0404C05CE85B8782E48C871092CE0F1092CD0F16
:2045A0000E9445DE2B013C01C8010196029790F0A8E5B4E0BA83A983E981FA818191FA8356
:2045C000E983882319F00E94DD48F6CF8AE00E94DD489AC221E834E03A832983A981BA81B7
:2045E0008D91BA83A983882319F00E94DD48F6CF8AE00E94DD480E94578A0F3FBFEF1B0722
:2046000061F48FE780936B0C2FE730E040E050E029833A834B835C830BC084E680936C0CF9
:2046200084E690E0A0E0B0E089839A83AB83BC8381E080931B020F3F9FEF190729F48FEFD2
:2046400090E0A0E0B0E004C088EC90E0A0E0B0E09C01AD01235131094109510928AB39ABCE
:204660004AAB5BAB9C01AD0124513109410951092CAB3DAB4EAB5FAB9C01AD0155954795CE
:204680003795279528AF39AF4AAF5BAF9C01AD0121503109410951092CAF3DAF4EAF5FAF64
:2046A00089809A80AB80BC8049A25AA26BA27CA24CA65DA66EA67FA6198E30E43A8F4CE17F
:2046C0004B8F56E45C8F1D8E1E8E1F8E18A21D8A1E8A1F8A188E198A1A8A1B8A1C8AC12C00
:2046E000D12C76011DA21EA21FA218A681E08D87188A1F86212C312C22961FAE22972196ED
:204700001FAE219780911B02882309F4F7C10E9445DE6D837E838F83988780916A0C88236D
:2047200009F4C3C00E94408E0115110579F420903F10309040109091411022969FAF2297B0
:20474000A09142102196AFAF21970EC02090FF0B3090000CB091010C2296BFAF2297E09117
:20476000020C2196EFAF2197910122964FAD229721965FAD21976D8D7E8D8F8D98A10E94A8
:2047800098F087FF0AC02D8E3E8E2296FFAD2297FF8F21962FAD219728A3298D3A8D4B8DA4
:2047A0005C8DB10122968FAD229721969FAD21970E9498F087FF0AC0298E3A8E22963FAD59
:2047C00022973B8F21964FAD21974C8F5D8529853A854B85552309F448C05C85B101229629
:2047E0008FAD229721969FAD21970E940AF718160CF05BC04D815E816F81788544195509CC
:2048000066097709DB01CA0188589341A109B109B7FD4BC089819A81AB81BC81881999095A
:20482000AA09BB09B595A795979587950F3FEFEF1E0719F480936B0C02C080936C0C4DA30E
:204840005EA36FA378A7F985FD8F2A852E8F3B853F8F4C8548A38D819E81AF81B88589A3A0
:204860009AA3ABA3BCA31D8620C05C85B10122968FAD229721969FAD21970E9498F087FF20
:2048800014C08D819E81AF81B88529A13AA14BA15CA1821B930BA40BB50BAC01BD01485867
:2048A00053416109710977FF4FC120E030E040EA51E469857A858B859C850E94E4F4910161
:2048C00022964FAD229721965FAD21970E9498F087FF10C0EAE0FDE184919F012F5F3F4FF7
:2048E0003A832983882309F40FC10E94DD48E981FA81F2CF80E398EFAFEFBFEF2CA53DA581
:204900004EA55FA5821B930BA40BB50B2D813E814F815885820F931FA41FB51FB7FD0CC082
:2049200057DD8AE00E94DD488D819E81AF81B8858CA79DA7AEA7BFA78D819E81AF81B885AC
:20494000880F991FAA1FBB1F29A13AA14BA15CA1821B930BA40BB50B84199509A609B70983
:2049600081389F44A241B10580F0ECEEFCE18491AF014F5F5F4F5A834983882309F4C4C0E5
:204980000E94DD48E981FA81F2CF89A59AA5AF85B8898A179B070CF0AEC0EFE8FCE1849152
:2049A0009F012F5F3F4F3A832983882329F00E94DD48E981FA81F3CF0F3F3FEF130729F0F1
:2049C00046E354E05A83498304C084E594E09A83898369817A818DE79CE10E948649B70108
:2049E000A60189E79CE10E94784F8AE00E94DD4869817A8187E69CE10E94864949895A8994
:204A00006B897C8983E69CE10E94784F8AE00E94DD4869817A8181E59CE10E9486494D890E
:204A20005E896F89788D8DE49CE10E94784F8AE00E94DD489BA5992309F466C00F3F1F4F2F
:204A400069F5C0922902D0922A02E0922B02F0922C022CE933E549E45EE369897A898B89FA
:204A60009C890E94FDF0609325027093260280932702909328022CE933E549E45EE36D8923
:204A80007E898F89988D0E94C0F56093210270932202809323029093240236C0C092720201
:204AA000D0927302E0927402F09275022CE933E549E45EE369897A898B899C890E94FDF0E6
:204AC00060937A0270937B0280937C0290937D022CE933E549E45EE36D897E898F89988DDF
:204AE0000E94C0F56093760270937702809378029093790209C00E945D5804CE80911B022D
:204B0000811102C00E94578A81E090E09093CE0F8093CD0FCF5BDF4F0FB6F894DEBF0FBEEB
:204B2000CDBFDF91CF911F910F91FF90EF90DF90CF90BF90AF909F908F907F906F905F9014
:204B40004F903F902F9008954F855889141615060CF028C14DA05EA06FA078A4480E591E89
:204B60006A1E7B1E2DA13EA14FA158A5281B390B4A0B5B0BC501B4010E9477F4A301920179
:204B80000E94A8F489809A80AB80BC80820E931EA41EB51E54E185169104A104B10434F193
:204BA00088A999A9AAA9BBA988169906AA06BB0654F428AD39AD4AAD5BAD281539054A0551
:204BC0005B052CF021C08CA89DA8AEA8BFA889829A82AB82BC828CAD9DADAEADBFAD8819C5
:204BE0009909AA09BB094C015D0112C024E130E040E050E029833A834B835C8344E1842ECD
:204C0000912CA12CB12C04C089829A82AB82BC82E6E7FDE18491AF014F5F5F4F5E874D8752
:204C2000882329F00E94DD48ED85FE85F3CF69817A818B819C810E94254AE1E7FDE1849158
:204C4000DF011196BE87AD87882329F00E94DD48ED85FE85F4CFC501B4010E94254A498DAF
:204C60005A8D6B8D7C8D8AE69DE10E94784F4D8D5E8D6F8D78A183E69DE10E94784FEF8557
:204C8000F88933970CF48EC0C501B4010E949EF020E030E040E850E40E94FDF06B017C01EC
:204CA000298D3A8D4B8D5C8D6D8D7E8D8F8D98A10E94E3F42BED3FE049E450E40E94FDF0BC
:204CC00020E030E040E05FE30E94FDF09B01AC01C701B6010E94C0F56B017C01C301B20154
:204CE0000E949EF02FE632E143E85AE30E94FDF02B013C01B701A6018DE59DE10E94784F44
:204D0000B301A20187E59DE10E94784F2AE939E949E15FE3C701B6010E94FDF06B017C0151
:204D20009B01AC010E94E4F4A30192010E94C0F5698B7A8B8B8B9C8BA7019601C301B20136
:204D40000E94FDF020E030E040E05EE30E94FDF06D8B7E8B8F8B988FE7E4FDE184913F0184
:204D60002FEF621A720A882321F00E94DD48F301F5CFB701A60181E49DE10E94784F498965
:204D80005A896B897C898BE39DE10E94784F4D895E896F89788D85E39DE10E94784F8AE06F
:204DA0000E94DD4889819A81AB81BC81880D991DAA1DBB1DB595A795979587950F3F3FEF6A
:204DC000130719F480936B0C02C080936C0C4F8558894F5F5F4F588B4F875985598F8A8536
:204DE0008A8F9B859B8FAC85AC8F4D805E806F807884B1E0BD8759CD2F923F924F925F92EF
:204E00006F927F928F929F92AF92BF92CF92DF92EF92FF920F931F93CF93DF93CDB7DEB777
:204E20002F970FB6F894DEBF0FBECDBF8091270A83FD66C160E08EE19CE10E94375883E5B7
:204E40000E9406468887811105C082E50E9406468823B1F00E948A460E9428F67093151003
:204E6000609314100E94078A0E948A4620E030E040EA50E40E940AF7181614F40E9447CC7A
:204E800081E080931B021092CE0F1092CD0F809113108093AC04412C512C32011C821D8233
:204EA0001E821F821B8219862CE32A873CE13B8746E44C8710E000E050E859838FEB8A836E
:204EC000812C912C54016091141070911510072E000C880B990B0E949EF07B018F879D877A
:204EE0009B01AC01612F702F89819A810E9498F0882391F12091FF0B3091000C4091010C58
:204F00005091020C9885B7018F8591110EC09D850E9498F0881F8827881F8B831E2D0F2D6B
:204F2000AF85A983BD85BA8317C09D850E9498F087FF0BC080911B02882309F4DBC060E06D
:204F40008DE09CE10E943758D5C01E2D0F2D2F8529833D853A831B820E9445DE6B017C01F0
:204F6000DC01CB012C813D814E815F81821B930BA40BB50BB7FD47C0D701C60188519C4FA6
:204F8000AF4FBF4F8C839D83AE83BF8321DAEAE1FCE18491DF011196BE87AD87882329F0E7
:204FA0000E94DD48ED85FE85F4CF81149104A104B104D1F0D501C40188579C4EAF4FBF4FBD
:204FC000BC01CD016C197D098E099F0928EE33E040E050E00E9486F4CA01B9010E94254AD1
:204FE0008AE00E94DD480FC0E7E1FCE184919F012F5F3F4F3E872D87882329F00E94DD4837
:20500000ED85FE85F3CF0E94B6C60E949A482090FF0B3090000C3091010C3F874091020C3E
:205020004D8791014F855D85612F702F89819A810E94E3F49F7781149104A104B10449F4B0
:2050400020E030E040E85FE30E9498F087FF0BC008C020E030E040E450E40E940AF718165A
:2050600014F4460157015B81552361F1411451046104710441F0D701C60184199509A609A5
:20508000B709B7FD1FC091014F855D8569857A858B859C850E94E3F420E030E040EC5FE360
:2050A0000E9498F087FD46CF2601370180E6480E8AEE581E611C711C29863A869F859B8765
:2050C000AD85AC8780911B02882309F433CF81149104A104B10409F4F6CEB8E8CB1AB3E135
:2050E000DB0AE108F108C818D908EA08FB08F7FE21CFE9CE81E090E09093CE0F8093CD0FD7
:205100002F960FB6F894DEBF0FBECDBFDF91CF911F910F91FF90EF90DF90CF90BF90AF90F9
:205120009F908F907F906F905F904F903F902F9008952F923F924F925F926F927F928F9283
:205140009F92AF92BF92CF92DF92EF92FF920F931F93CF93DF93CDB7DEB72F970FB6F89450
:20516000DEBF0FBECDBF8DE690E00E94324D811188C18091270A83FD84C183E50E940646FD
:205180008887811105C082E50E9406468823B9F10E948A460E9428F670933E1060933D103C
:2051A0000E942DD70E948A4620E030E04AEA52E40E9498F018160CF461C10E9416D860E013
:2051C0008BEF9BE10E94375860913D1070913E10072E000C880B990B0E949EF020913F1073
:2051E0003091401040914110509142100E940AF718162CF460E080EF9BE10E9437580E945A
:20520000686481E080931B021092CE0F1092CD0F412C512C32011C821D821E821F821B82FC
:2052200019862CE32A873CE13B8746E44C8710E000E050E859838FEB8A83812C912C540109
:2052400060913D1070913E10072E000C880B990B0E949EF07B018F879D879B01AC01612F8A
:20526000702F89819A810E9498F0882391F120913F10309140104091411050914210988590
:20528000B7018F8591110EC09D850E9498F0881F8827881F8B831E2D0F2DAF85A983BD8552
:2052A000BA8317C09D850E9498F087FF0BC080911B02882309F4DBC060E08BED9BE10E94F6
:2052C0003758D5C01E2D0F2D2F8529833D853A831B820E9445DE6B017C01DC01CB012C81A3
:2052E0003D814E815F81821B930BA40BB50BB7FD47C0D701C60188519C4FAF4FBF4F8C835E
:205300009D83AE83BF8364D8ECEEFBE18491DF011196BE87AD87882329F00E94DD48ED85F6
:20532000FE85F4CF81149104A104B104D1F0D501C40188579C4EAF4FBF4FBC01CD016C1962
:205340007D098E099F0928EE33E040E050E00E9486F4CA01B9010E94254A8AE00E94DD482C
:205360000FC0E9EEFBE184919F012F5F3F4F3E872D87882329F00E94DD48ED85FE85F3CF1F
:205380000E94B6C60E949A4820903F1030904010309141103F87409142104D8791014F8527
:2053A0005D85612F702F89819A810E94E3F49F7781149104A104B10449F420E030E040E82F
:2053C0005FE30E9498F087FF0BC008C020E030E040E450E40E940AF7181614F44601570168
:2053E0005B81552361F1411451046104710441F0D701C60184199509A609B709B7FD1FC076
:2054000091014F855D8569857A858B859C850E94E3F420E030E040EC5FE30E9498F087FD81
:2054200046CF2601370180E6480E8AEE581E611C711C29863A869F859B87AD85AC87809119
:205440001B02882309F433CF81149104A104B10409F4F6CEB8E8CB1AB3E1DB0AE108F10860
:20546000C818D908EA08FB08F7FE21CFE9CE81E090E09093CE0F8093CD0F03C00E9447CCA2
:20548000A3CE2F960FB6F894DEBF0FBECDBFDF91CF911F910F91FF90EF90DF90CF90BF9044
:2054A000AF909F908F907F906F905F904F903F902F9008958F929F92AF92BF92CF92DF92A2
:2054C000EF92FF921F93CF93DF93C82F8AEE92E19093E70E8093E60E1092061382E090E0A6
:2054E000A0E0B0E08093EF129093F012A093F112B093F2121092E50E1092E10E1092E20E2E
:205500001092E30E1092E40E8FEF9FEFDC018093DD0E9093DE0EA093DF0EB093E00ECC232E
:2055200079F1C53008F0F8C040E060E070E0CB010E947DD2882309F4EFC020E1C29FC00175
:2055400011248353934FFC01E254FE4F20812F7709F0E2C03C964081518162817381443646
:2055600051056105710508F4D7C03497C080D180E280F380C114D104E104F10421F4CCC010
:20558000C12CD12C760140E0C701B6010E947DD2182F882309F4C0C08091E80C9091E90C90
:2055A0008115924009F0B8C0A091ED0CAA2309F4B3C06091EB0C7091EC0C6115710509F4E1
:2055C000ABC02091EA0C222309F4A6C0A09301132093F31280E030E041E050E0C82FFA015F
:2055E000082E02C0EE0FFF1F0A94E2F72E173F0739F08F5FC83091F789E08093FC128CC029
:205600008093FC122091F30C3091F40C2115310519F040E050E008C02091010D3091020DDC
:205620004091030D5091040D2093F4123093F5124093F6125093F71246015701860E971E65
:20564000A11CB11C8092021390920313A0920413B0920513E091EE0CF091EF0CF093081339
:20566000E0930713B0E00E94C4F4860E971EA81EB91E8092091390920A13A0920B13B092CE
:205680000C1385E0EE0FFF1F8A95E1F7E150FE4FEF2FFF27E6958E0E9F1EA11CB11C809242
:2056A000FD129092FE12A092FF12B09200132091F00C3091F10C2115310521F0A90160E03F
:2056C00070E008C04091FD0C5091FE0C6091FF0C7091000DD701C60188199909AA09BB098A
:2056E000840F951FA61FB71F04C0B695A79597958795CA95D2F78093F8129093F912A0938F
:20570000FA12B093FB12853F2FE09207A105B10528F48CE08093061310E01AC0853F9F4F35
:20572000A105B10510F480E111C08091090D90910A0DA0910B0DB0910C0D80930913909383
:205740000A13A0930B13B0930C1380E280930613812FDF91CF911F91FF90EF90DF90CF90DF
:20576000BF90AF909F908F900895CF93DF93623028F09091551098609093551060935910D0
:2057800010925A1090E490935B1080935C1090E0805C9F4F80935D1061E080914A100E9474
:2057A0000ADD80914B108F3F19F061E00E940ADD61E080914C100E940ADDC6E4D0E19E01C4
:2057C000265430418091551084FD03C084E090E002C088E090E02196281739072CF461E01F
:2057E0008E810E940ADDEBCF8BE39DE00197F1F760E080914A100E94DCDC60E080914C103A
:205800000E94DCDC80914B108F3F19F060E00E94DCDC8091551084FD20C063E086E490E15C
:205820000E94C575CBE4D6E4CE010197F1F763E086E490E10E94C5752197F1F763E086E48D
:2058400090E10E94C57583E592E00197F1F762E086E490E10E94C57515C080620E942ED849
:205860008BE496E40197F1F78091551080620E942ED883E592E00197F1F78091551080620D
:205880000E942ED88091551080620E942ED884E0809356108CE00E942ED80E9445D882E04E
:2058A0008093571086E0DF91CF910C942ED8EF92FF921F93CF93DF937C0160E00E94204734
:2058C000182F8823B1F0E2E5F5E28491EF012196882321F00E94DD48FE01F7CFB7018CEE61
:2058E0009DE10E94864982E20E94DD488AE00E94DD48812FDF91CF911F91FF90EF90089582
:20590000CF92DF92EF92FF920F931F93CF93DF93CDB7DEB7EDB6FEB6DC010D900020E9F791
:205920009D01281B390B2C5F3F4F4DB75EB7421B530B0FB6F8945EBF0FBE4DBF0DB71EB775
:205940000F5F1F4F9F938F9385EE9DE19F938F931F930F930E946AF0680154E0C50ED11C25
:205960000F900F900F900F900F900F90F6018081882349F0082E000C990B0E94EDF7F6012E
:2059800081936F01F3CFC80192DF81EE9DE19093E90E8093E80E0E943C470FB6F894FEBE45
:2059A0000FBEEDBEDF91CF911F910F91FF90EF90DF90CF900895AF92BF92CF92DF92EF92F1
:2059C000FF920F931F93CF93DF93CDB7DEB7AA970FB6F894DEBF0FBECDBF809172118F93B7
:2059E000809171118F9388ED9DE19F938F938E010F5D1F4F1F930F930E946AF00F900F90B4
:205A00000F900F900F900F90F12CF80101900020E9F73197E01BF10BFE1684F46801CF0CD4
:205A2000D11CF7FCDA94F6018081082E000C990B0E94EDF7F6018083F394E7CF87E791E19D
:205A40000E94EC9BC12CCE0101967C0180917A11823080F080917F1190918011A091811179
:205A6000B09182118F719927AA27BB27892B8A2B8B2BF9F0C11003C08FEF9FEF05C0809161
:205A800071119091721101969093721180937111AA960FB6F894DEBF0FBECDBFDF91CF91B7
:205AA0001F910F91FF90EF90DF90CF90BF90AF90089540E050E0B70187E791E10E942DD404
:205AC0001816C4F6D12CF70101900020E9F73197EE19FF09DE1674F45701AD0CB11CD7FC74
:205AE000BA94F501808190E00E94EDF7F5018083D394E9CF8A858E3709F4A8CF45E050E0B6
:205B0000B801C7010E9444F8892B09F09FCFC801F7DECC24C3949ACFCF92DF92EF92FF92D9
:205B20001F93CF93DF931092471180917A11882321F087E791E10E948F9A1092EE1210929E
:205B4000EB1285E38093EA120E9445DEEB0161E08091EA120E940ADD8AEE92E10E94F09B31
:205B60002398229A219A209A289A85E08093EC1282E58CBD1DBC1AE08FEF0E94F59B11506D
:205B8000D9F720E030E0A90160E08AEE92E10E94FA9B182F8093ED12813049F00E9445DE11
:205BA0006C1B7D0B613D774060F381E054C02AEA31E040E050E068E08AEE92E10E94FA9BDA
:205BC00082FF03C01093EE120EC014E00E94B9C48093ED121150D1F78A3A11F082E03BC0A0
:205BE00082E08093EE128091EE12823021F0C12CD12C760105C0C12CD12CE12C80E4F82EB5
:205C000020E030E0A90167E38AEE92E10E94FA9BA701960169E28AEE92E10E94FA9B80939F
:205C2000ED12882349F00E9445DE6C1B7D0B613D774030F38AE00FC08091EE12823011F533
:205C400020E030E0A9016AE38AEE92E10E94FA9B882351F088E08093EB128AEE92E10E942A
:205C6000F09BE2E5F5E219C00E94B9C4807C803C19F483E08093EE120E94B9C40E94B9C48A
:205C80000E94B9C48AEE92E10E94F09B1092EC1281E010DC811131C015C08491EF012196CC
:205CA000882321F00E94DD48FE01F7CFEAECFDE18491EF012196882309F456C00E94DD48A7
:205CC000FE01F6CF80E0F6DB811117C0E3ECFDE18491EF012196882321F00E94DD48FE017B
:205CE000F7CFEFEAFDE18491EF012196882309F43BC00E94DD48FE01F6CF6FEE72E187E71F
:205D000091E10E943C9A811116C0E3ECFDE18491EF012196882321F00E94DD48FE01F7CF80
:205D2000EEE9FDE18491EF0121968823E9F00E94DD48FE01F7CF81E080934711E2E5F5E278
:205D40008491EF012196882321F00E94DD48FE01F7CFE2E9FDE18491EF012196882321F01E
:205D60000E94DD48FE01F7CF8BE1E7E7F1E1A8E9B1E101900D928A95E1F780917511909189
:205D80007611909397118093961183E791E19093931180939211DF91CF911F91FF90EF9010
:205DA000DF90CF9008950F931F938091361190913711019719F40E9445DE08C060914011EF
:205DC00070914111809142119091431100913C1110913D1120913E1130913F11601B710BC2
:205DE000820B930B28EE33E040E050E00E9486F48091381190913911A0913A11B0913B1115
:205E0000BC01CD01620F731F841F951F1F910F9108958F929F92AF92BF92CF92DF92EF9279
:205E2000FF920F931F93CF93DF9300D01F92CDB7DEB7FC018381813011F080E06BC08181CF
:205E400081FFFBCF81899289A389B489892B8A2B8B2B09F45EC07F0140E050E0BA01CF01D5
:205E60000E94A599882349F3F70185889688A788B08CC18CD28C82E090E0A0E0B0E0F60149
:205E800080839183A283B3839E012F5F3F4FB501A401C6010E9446D3882379F200E010E012
:205EA0009801B501A401C6010E94B5D2882329F289809A80AB80BC80F6018789803141F4C1
:205EC000F8EF8F16FFEF9F06A104B10448F4DCCF88EF88168FEF9806A8068FE0B806A0F2C4
:205EE000F701158A168A178A108E118A128A138A148A818180688183C7010E948FD4882354
:205F000009F49BCF40E050E0BA01C7010E94A59901C081E00F900F900F900F90DF91CF91F9
:205F20001F910F91FF90EF90DF90CF90BF90AF909F908F9008952F923F924F925F926F9257
:205F40007F928F929F92AF92BF92CF92DF92EF92FF920F931F93CF93DF93CDB7DEB7C2570E
:205F6000D1090FB6F894DEBF0FBECDBF7C013B014A012DB73EB7E1963FAF2EAFE197AD9626
:205F80001FAEAD971B0134E0230E311C8E01015A1F4F9CEC492E93E0592E80E490E08C0F82
:205FA0009D1F0496E3969FAF8EAFE397F3018781823008F45EC184859585A685B7858F71BA
:205FC0009927AA27BB27892B8A2B8B2B09F051C186E591E1892B11F01092561146E551E12C
:205FE000BE016F5F7F4FC1010E942DD418160CF040C18C85982F9871903109F0BDC02091ED
:20600000CB133091CC13215031092230310508F4B3C0EDB7FEB7AF96FFAFEEAFAF97BE0172
:206020006F5F7F4FC8010E9427D2F7018081882341F0F70101900020E9F73197EE19FF092B
:2060400002C0E1E0F0E0D8010D900020E9F7E01BF10BEA0FFB1F31962DB73EB72E1B3F0B3A
:206060000FB6F8943EBF0FBE2DBFEDB7FEB731965F01882311F0B70102C064E974E0C5010C
:206080000E943DF8B801C5010E941EF864E974E0C5010E941EF825961FAE259728961FAE04
:2060A000289724961FAE1EAE249722965FAE4EAE229721E0A801B101E3968EAD9FADE397C3
:2060C0000E9422A081112CC08091CB139091CC13892B31F5E2E5F5E284916F012FEFC21AF8
:2060E000D20A882321F00E94DD48F601F5CFEEE7FDE184916F013FEFC31AD30A882321F0AA
:206100000E94DD48F601F5CF6801F60181916F01882319F00E94DD48F8CF8AE00E94DD48A8
:206120008BE1FE01EC5BFF4FDE01959601900D928A95E1F724968EAD9FAD24979CA38BA3C5
:206140005AA249A240E050E0BE016F5D7F4FC501F2DECE0181960E945AC6CE01805C9F4FD8
:206160000E945AC6AF962EAD3FADAF970FB6F8943EBF0FBE2DBF1ACF2981222309F479C0F6
:20618000253E09F413CF2E3209F410CF209156112E3209F40BCF8A7009F008CF81E0903146
:2061A00009F080E080934811903141F08985873409F0FCCE8A858E3709F4F8CE8091CB1316
:2061C0009091CC138130910521F068F0029759F1EDCE8091CD139091CE1301969093CE13E3
:2061E0008093CD13E3CEBE016F5F7F4F89E491E10E9427D26701F60181916F01882319F091
:206200000E94DD48F8CF89E4C82E81E1D82EF60181916F01882319F00E94DD48F8CF8AE000
:206220000E94DD48C3CEBE016F5F7F4F89E491E10E9427D28114910441F069E471E1C40172
:206240000E940BF8892B69F414C0AD96FFADAD978F2F90E02091CD133091CE1382179307ED
:2062600041F0AD962FADAD972F5FAD962FAFAD979DCEE1962EAD3FADE1970FB6F8943EBF28
:206280000FBE2DBFCE58DF4F0FB6F894DEBF0FBECDBFDF91CF911F910F91FF90EF90DF900D
:2062A000CF90BF90AF909F908F907F906F905F904F903F902F900895CF92DF92EF92FF92B8
:2062C000CF93C82F0E9445DE6B017C0124EA30E74DE75FE36091C00C7091C10C8091C20CB2
:2062E0009091C30C0E9498F087FD05C08AEF90E0A0E0B0E003C080E090E0DC01C80ED91E05
:20630000EA1EFB1EC0922D05D0922E05E0922F05F0923005C0930502CF91FF90EF90DF90AF
:20632000CF9008958091370581110C94857A6091FF0F709100108091011090910210611508
:2063400071058105910561F10E949EF02091C00C3091C10C4091C20C5091C30C0E94FDF040
:206360002091570A3091580A4091590A50915A0A0E94E4F46093570A7093580A8093590AC6
:2063800090935A0A1092FF0F10920010109201101092021083E090E08FDF81E08093A00256
:2063A0008091A002882349F087E59AE00E94F054BC0186E39FE10C94B08908952F923F92CC
:2063C0004F925F926F927F928F929F92AF92BF92CF92DF92EF92FF920F931F93CF93DF93E9
:2063E00000D000D0CDB7DEB7209137052223D1F026960FB6F894DEBF0FBECDBFDF91CF911E
:206400001F910F91FF90EF90DF90CF90BF90AF909F908F907F906F905F904F903F902F900A
:206420000C94857A8B011C018091FF0F90910010A0910110B0910210892B8A2B8B2B09F413
:206440008DC00E949A48C801880F991F880F991F9E838D83FC01E55BF54F408051806280DF
:20646000738080919602882349F0ED81FE81E657FD4FC080D180E280F3800AC020E030E0E6
:206480004AE754E4C301B2010E94E4F46B017C018091FF0F90910010A0910110B0910210D4
:2064A00089839A83AB83BC83BC01CD010E949EF02091C00C3091C10C4091C20C5091C30C31
:2064C0000E94FDF0A30192010E94E4F44B015C01AD81BE81A55BB54FBE83AD83FD01608310
:2064E00071838283938389819A81AB81BC81B7FF11C020E030E04AE754E4C301B2010E94E6
:20650000E3F46B017C01A50194010E940AF71816C4F410C089819A81AB81BC81892B8A2B30
:206520008B2B79F0A5019401C701B6010E9498F087FF07C0AD81BE81CD92DD92ED92FC92C3
:206540001397C801B9DE1092FF0F10920010109201101092021081E08093A0028091A0029F
:20656000882329F1C801880F991F880F991F855B954F0E94F054BC01C10126960FB6F894B9
:20658000DEBF0FBECDBFDF91CF911F910F91FF90EF90DF90CF90BF90AF909F908F907F901E
:2065A0006F905F904F903F902F900C94B08926960FB6F894DEBF0FBECDBFDF91CF911F9124
:2065C0000F91FF90EF90DF90CF90BF90AF909F908F907F906F905F904F903F902F9008955C
:2065E00060E070E081E29FE1E9CE61E070E088E29FE1E4CE62E070E08FE29FE1DFCE2F9253
:206600003F924F925F926F927F928F929F92AF92BF92CF92DF92EF92FF920F931F93CF9347
:20662000DF93109236058091FF0F90910010A0910110B091021081309048A105B10540F011
:206640001092FF0F1092001010920110109202106091FF0F7091001080910110909102100C
:2066600025E030E040E050E00E9486F4122F8091EC0E1816F4F4022E000C330B482F082E10
:20668000000C550B415051092417350794F01FEF180F25E0129FC0011124092E000CAA0BCF
:2066A000BB0B8093FF0F90930010A0930110B09302101092D3138091D213181714F41093CF
:2066C000D2138091D213082E000C990B0396212F012E000C330B8217930724F48DEF810F40
:2066E0008093D213C091D213D0E081E6282E8EE1382E91EA492E9EE1592E21E4622E2EE18E
:20670000722E34EFE32E3EE1F32E41E0C42E4FE1D42E5EE0A52E5FE1B52E66E4862E6EE19F
:20672000962EC11118C08091A002882351F081E0111180E003E023E04CE15FE16D2F0E94D8
:20674000598980913705882309F48BC1111189C10E94857A50C0C130E1F48091A0028823D5
:2067600059F081E0113009F080E000E22EE342E15FE16D2F0E94598980913705882309F46A
:2067800070C1113009F06DC1B092E90EA092E80E30C0C230E1F48091A002882359F081E040
:2067A000123009F080E000E22EE347E05FE16D2F0E94598980913705882309F452C112307A
:2067C00009F04FC1D092E90EC092E80E12C0C33021F58091A002811114C080913705882323
:2067E00009F43FC1133009F03CC1F092E90EE092E80E0E943C478091D313882309F431C1CC
:2068000062C181E0133009F080E000E22EE34AEF5EE16D2F0E945989E0CFC430D1F4809154
:20682000A002882359F081E0143009F080E000E22EE34DEE5EE16D2F0E94598980913705EA
:20684000882309F40EC1143009F00BC187EE9EE11CC0C530F9F0C630D9F58091A002811101
:206860005EC080913705882309F4FBC0163009F0F8C080914310882309F45DC080914410C5
:20688000882309F458C088EC9EE19093E90E8093E80EAFCF8091A002882359F081E0153057
:2068A00009F080E000E22EE346ED5EE16D2F0E94598980913705882309F4D3C0153009F034
:2068C000D0C07092E90E6092E80E0E943C4724C0C730A1F1C83009F45CC0C93009F448C0A6
:2068E000CA3009F47EC0CB3009F09FC08091A00281118FC080913705882309F4B2C01B30CA
:2069000009F0AFC01092101010920F1010921210109211100E94578A0E947E7A6CCF81E04C
:20692000163009F080E000E22EE34CEC5EE16D2F0E94598996CF80EC9EE1A7CF8091A002B5
:20694000882359F081E0173009F080E00EE32EE346EB5EE16D2F0E945989809137058823B8
:2069600009F47FC0173009F07CC086E192E90EC08091A002811129C080913705882309F48C
:2069800070C0193009F06DC087E796EB0E94B95A32CF8091A002882359F081E0183009F06A
:2069A00080E000E22EE345EA5EE16D2F0E94598980913705882309F454C0183009F051C09B
:2069C0005092E90E4092E80E14CF81E0193009F080E00EE32EE345E95EE16D2F0E945989A1
:2069E000CBCF8091A002882359F081E01A3009F080E00EE32EE349E85EE16D2F0E945989C0
:206A000080913705882369F11A3059F586E795EBBDCF81E01B3009F080E000E22EE340E8F3
:206A20005EE16D2F0E94598965CFCC30D1F48091A002882359F081E01C3009F080E000E273
:206A40002EE34EE65EE16D2F0E94598980913705882339F01C3029F43092E90E2092E80EA7
:206A6000C8CE80914A0A811102C04B9909C08DE0DF5FCF5FD43009F054CE8093EC0E23C032
:206A8000CD3099F48091A002882359F081E01D3009F080E000E22EE343E55EE16D2F0E9426
:206AA000598980913705811102C08EE0E1CF1D30E1F79092E90E8092E80E0E943C478091B9
:206AC000D313882391F3DF91CF911F910F91FF90EF90DF90CF90BF90AF909F908F907F90BA
:206AE0006F905F904F903F902F9008958F929F92AF92BF92FF920F931F93CF93DF9310925F
:206B000036058091FF0F90910010A0910110B091021081309048A105B10540F01092FF0F90
:206B20001092001010920110109202106091FF0F70910010809101109091021025E030E0C2
:206B400040E050E00E9486F4C22F8091EB0E1816F4F4022E000C330B482F082E000C550B25
:206B6000415051092417350794F0CFEFC80F25E0C29FC0011124092E000CAA0BBB0B80936D
:206B8000FF0F90930010A0930110B09302101092D3138091D213C81714F4C093D21380916D
:206BA000D213082E000C990B03962C2F0C2E000C330B8217930724F48DEF8C0F8093D21338
:206BC000F090D213D0E0F11018C08091A002882351F081E0C11180E003E023E049E35EE144
:206BE0006D2F0E94598980913705882309F46DC0C1116BC00E94857A64C081E0F81234C032
:206C00008091A002882359F081E0C13009F080E000E22EE34DE25EE16D2F0E945989809190
:206C20003705882309F451C0C13009F04EC00091CF0C1091D00C6091C70C7091C80C072EB0
:206C4000000C880B990B0E949EF04B015C016091CB0C7091CC0C072E000C880B990B0E945D
:206C60009EF0A50194012BC022E0F2122EC08091A002882359F081E0C23009F080E000E237
:206C80002EE34DE15EE16D2F0E945989809137058823D9F0C230C9F40091CF0C1091D00CFD
:206CA0006091C70C7091C80C072E000C880B990B0E949EF09B01AC0160E070E0CB010E944C
:206CC00019CD8091D313811108C0DF5FF394D43009F079CF83E08093EB0EDF91CF911F9184
:206CE0000F91FF90BF90AF909F908F9008958F929F92AF92BF92FF920F931F93CF93DF934F
:206D0000109236058091FF0F90910010A0910110B091021081309048A105B10540F01092FA
:206D2000FF0F1092001010920110109202106091FF0F70910010809101109091021025E0C2
:206D400030E040E050E00E9486F4C22F8091EA0E1816F4F4022E000C330B482F082E000C74
:206D6000550B415051092417350794F0CFEFC80F25E0C29FC0011124092E000CAA0BBB0B1E
:206D80008093FF0F90930010A0930110B09302101092D3138091D213C81714F4C093D21369
:206DA0008091D213082E000C990B03962C2F0C2E000C330B8217930724F48DEF8C0F80930A
:206DC000D213F090D213D0E0F11018C08091A002882351F081E0C11180E003E023E045E1A2
:206DE0005EE16D2F0E94598980913705882309F46DC0C1116BC00E94857A64C081E0F812E5
:206E000034C08091A002882359F081E0C13009F080E000E22EE349E05EE16D2F0E945989B1
:206E200080913705882309F451C0C13009F04EC00091CD0C1091CE0C6091C50C7091C60CDA
:206E4000072E000C880B990B0E949EF04B015C016091C90C7091CA0C072E000C880B990BCC
:206E60000E949EF0A50194012BC022E0F2122EC08091A002882359F081E0C23009F080E075
:206E800000E22EE349EF5DE16D2F0E945989809137058823D9F0C230C9F40091CD0C1091EE
:206EA000CE0C6091C50C7091C60C072E000C880B990B0E949EF09B01AC0160E070E0CB0116
:206EC0000E9419CD8091D313811108C0DF5FF394D43009F079CF83E08093EA0EDF91CF9191
:206EE0001F910F91FF90BF90AF909F908F9008950F931F93CF93DF93109236058091FF0F16
:206F000090910010A0910110B091021081309048A105B10540F01092FF0F10920010109292
:206F20000110109202106091FF0F70910010809101109091021025E030E040E050E00E9420
:206F400086F4C22F8091ED0E1816F4F4022E000C330B482F082E000C550B415051092417EB
:206F6000350794F0CFEFC80F25E0C29FC0011124092E000CAA0BBB0B8093FF0F909300104E
:206F8000A0930110B09302101092D3138091D213C81714F4C093D2138091D213082E000C83
:206FA000990B03962C2F0C2E000C330B8217930724F48DEF8C0F8093D2131091D213D0E025
:206FC000111118C08091A002882351F081E0C11180E003E023E04DE55FE16D2F0E9459890D
:206FE00080913705882309F43FC0C1113DC00E94857A1BC01130F1F48091A002882359F085
:2070000081E0C13009F080E00EE32EE346E55FE16D2F0E94598980913705882329F1C13035
:2070200019F580EF92EB0E94B95A8091D3138823D9F06FC01230C1F48091A002882359F069
:2070400081E0C23009F080E00EE32EE34FE45FE16D2F0E94598980913705882329F0C230EC
:2070600019F485EF92EBDFCF20E030E040E251E46091C00C7091C10C8091C20C9091C30CA3
:207080000E9498F087FF3AC01330C1F48091A002882359F081E0C33009F080E00EE32EE3F8
:2070A00048E45FE16D2F0E94598980913705882371F1C33061F58AEF92EB19C0143039F560
:2070C0008091A002882359F081E0C43009F080E00EE32EE34FE35FE16D2F0E9459898091B6
:2070E00037058823A1F0C43091F482E991EB0E94B95A8091D313882351F00BC083E0DF5FB4
:207100001F5FD43009F05CCF8093ED0E02C085E0F6CFDF91CF911F910F9108952F923F9280
:207120004F925F926F927F928F929F92AF92BF92CF92DF92EF92FF920F931F93CF93DF937B
:20714000CDB7DEB7ED970FB6F894DEBF0FBECDBF2DB73EB73BA72AA70E9475D6811137C544
:2071600086E50E940646882341F00E9419468D8B853088F0E7EFF0E203C031E03D8B0EC082
:2071800084918F010F5F1F4F882309F420C50E94DD48F801F5CF8D89882361F0E7EDF0E2A5
:2071A00084918F010F5F1F4F882321F00E94DD48F801F6CF80E50E940646882321F00E945C
:2071C0001946182F01C01AE08CEF810F8F3268F0E3EBF0E284918F010F5F1F4F882309F461
:2071E000F6C40E94DD48F801F5CF80914B0A90914C0AA0914D0AB0914E0A8D839E83AF83F0
:20720000B88780914F0A9091500AA091510AB091520A89879A87AB87BC8785E40E94064624
:2072200088AB88E50E940646882319F00E948A460AC020E030E040E85FE36D817E818F8159
:2072400098850E94E4F46B017C016D877E878F87988B40902B1050902C1060902D10709028
:207260002E1080901F1090902010A0902110B090221020E030E040E85FE3C301B2010E94DB
:20728000E4F4A50194010E94E4F49B01AC01C701B6010E9498F087FD14C020E030E04CE5D6
:2072A00053E4C301B2010E94E4F4A50194010E94E4F49B01AC01C701B6010E940AF7181658
:2072C0001CF481EB90E251C089E50E940646882319F00E948A460AC020E030E040E352E4FA
:2072E00069857A858B859C850E94E3F46B017C01698B7A8B8B8B9C8B40902F1050903010A9
:2073000060903110709032108090231090902410A0902510B090261020E030E0A901C3010A
:20732000B2010E94E4F4A50194010E94E4F49B01AC01C701B6010E9498F087FD14C020E021
:2073400030E040E353E4C301B2010E94E4F4A50194010E94E4F49B01AC01C701B6010E94B3
:207360000AF718162CF48FEA90E20E94E4482FC48CE40E940646082F8823C1F00E94194620
:207380008B8F803168F0ECE7F0E284918F010F5F1F4F882309F41BC40E94DD48F801F5CF99
:2073A0009B8D913021F4A2E0AB8F01C01B8E83E50E94064689AB882321F0011102C0B7E0F8
:2073C000BB8F2D8923306CF0E2E6F0E284917F013FEFE31AF30A882321F00E94DD48F7012C
:2073E000F5CF0E947B430E94BE488D89282F880F330B48A9BE016F5E7F4FCE010D960E9420
:20740000DB4D0E9445DE611571058105910511F00E9485ECA12F012E000CBB0BBFABAEABCF
:207420002DB73EB784E018022019310911240FB6F8943EBF0FBE2DBFADB7BEB71196B9A766
:20744000A8A71FA2B3EFBF8F2FE428A333EC39A387EC8AA393EF9A8FAFE4AC8FB3ECBD8F4F
:2074600027E42E8F812C912C5401240135013B8D832F90E0DC011197B9AFA8AF812F110F2C
:20748000990BAA0BBB0B8AAF9BAFACAFBDAFBFA1AB2FB0E0BCA3ABA32EA93FA9A217B307DA
:2074A0000CF005C33B8D332309F4BDC10E9437EC2AE030E040E050E00E94A8F40E949EF0D2
:2074C00020E030E040EA50E40E940AF718161CF001E010E002C00FEF1FEF0E9437EC28E6EF
:2074E00031E040E050E00E94A8F40E949EF02B013C010E9437EC26E130E040E050E00E9486
:20750000A8F46B5F7F4F8F4F9F4F0E949EF06E8B7F8B888F998F8D89843051F0312CC801C8
:20752000110FAA0BBB0B8AAB9BABACABBDAB6AC04E895F89688D798D80E590E20E94784F52
:20754000B301A20185E490E20E94784FE8E3F0E284917F019FEFE91AF90A882321F00E946C
:20756000DD48F701F5CF0130110519F0E4E2F0E20DC0EFE2F0E284917F01AFEFEA1AFA0A97
:207580008823A1F30E94DD48F701F5CF84917F01BFEFEB1AFB0A882309F4C0CF0E94DD48DE
:2075A000F701F4CF4D815E816F81788587E190E20E94784F49855A856B857C8584E190E2BE
:2075C0000E94784F4091530A5091540A6091550A7091560A81E190E20E94784F8AE00E94DB
:2075E000DD4819821A821B821C829E012F5F3F4F43E55AE0BE01675F7F4FCE0105960E9478
:20760000BD433394832D90E028AD39AD821793070CF009C139A9332379F06AA97BA98CA9C2
:207620009DA90E949EF09B01AC010E94E4F420E030E040E952E41AC00E9437EC24E130E0EE
:2076400040E050E00E94A8F4675E7F4F8F4F9F4F0E949EF06B017C016AA97BA98CA99DA972
:207660000E949EF09B01AC01C701B6010E94FDF09B01AC01C301B2010E94E4F42B013C01E0
:2076800020E030E044EB53E40E940AF718164CF420E030E044EB53E4C301B2010E94E3F4FD
:2076A000EDCF20E030E0A901C301B2010E9498F087FF0BC020E030E044EB53E4C301B20175
:2076C0000E94E4F42B013C01ECCF2BED3FE049E450E4C301B2010E94FDF020E030E044E337
:2076E00053E40E94C0F54B015C010E94BDF56CA77DA78EA79FA720E030E040E85FE36D85E1
:207700007E858F8598890E94E3F46B017C012CA53DA54EA55FA56E897F89888D998D0E9449
:20772000FDF09B01AC01C701B6010E94E4F46B017C01C501B4010E9445F76CA77DA78EA76C
:207740009FA720E030E040E352E469897A898B899C890E94E4F44B015C012CA53DA54EA583
:207760005FA56E897F89888D998D0E94FDF09B01AC01C501B4010E94E4F44B015C0120E055
:2077800030E0A901C701B6010E9498F087FD11C020E030E04CE553E4C701B6010E940AF797
:2077A000181654F4C12CD12C2CE5E22E23E4F22E03C0C12CD12C7601CD82DE82EF82F8865F
:2077C00020E030E0A901C501B4010E9498F087FD11C020E030E04CE553E4C501B4010E9460
:2077E0000AF7181654F4812C912C9CE5A92E93E4B92E03C0812C912C540189869A86AB8610
:20780000BC868D89843009F0ECCEEAE1F0E284917F019FEFE91AF90A882309F4C3CE0E9408
:20782000DD48F701F4CF20E030E048A9BE016F5E7F4FCE010D960E94DB4D062F372E282EE1
:207840009E8BEBA1FCA1EE0FFF1FEE0FFF1FA8A5B9A5EA0FFB1F802F932DA22DBE8980835A
:207860009183A283B38310E0812C912C5401E8A5F9A5B4E01B9FE00DF11D112420813181EE
:2078800042815381C501B4010E94E4F44B015C011F5F2FA1211758F7CBA0DCA03FEFC31AEC
:2078A000D30A0D2C000CEE08FF08C701B6010E949EF06BA37CA38DA39EA39B01AC01C5014D
:2078C000B4010E94C0F52B013C01202F332D422D5E896A8D7C8D8D8D9E8D0E940AF7181618
:2078E0002CF40A8F3C8E2D8E8E898E8F202F332D422D5E896F8D78A189A19AA10E9498F06D
:2079000087FF05C00F8F38A229A29E899AA310E0812C912C5401E8A5F9A5A4E01A9FE00D71
:20792000F11D1124A301920160817181828193810E94E3F49B01AC010E94FDF09B01AC0149
:20794000C501B4010E94E4F44B015C011F5FBFA1B11708F72BA13CA14DA15EA10E94C0F5F7
:207960000E944FF74B015C012D89222309F49BC0213009F495C0C701B6010E94254AECE024
:20798000F0E284917F013FEFE31AF30A882321F00E94DD48F701F5CF6AAD7BAD8CAD9DAD57
:2079A0000E94254AE6E0F0E284917F019FEFE91AF90A882321F00E94DD48F701F5CF43E093
:2079C000602F732D822D9E890E946A4DAD89A23009F466C0EEEFFFE184917F01BFEFEB1A19
:2079E000FB0A882321F00E94DD48F701F5CF44E0C301B2010E946A4DE5EFFFE184917F0106
:207A00002FEFE21AF20A882321F00E94DD48F701F5CF46E0C501B4010E946A4DEEEEFFE15B
:207A200084917F013FEFE31AF30A882321F00E94DD48F701F5CF43E06A8D7C8D8D8D9E8DE2
:207A40000E946A4DE7EEFFE184917F019FEFE91AF90A882321F00E94DD48F701F5CF43E08D
:207A60006F8D78A189A19AA10E946A4DEEEDFFE184917F01AFEFEA1AFA0A882321F00E94DF
:207A8000DD48F701F5CF2A8D3C8D4D8D5E8D6F8D78A189A19AA10E94E3F443E00E946A4D51
:207AA0008AE00E94DD48BFA1BF5FBFA3F0CC80E00E940B4981118BC0E4EDFFE184917F0180
:207AC0002FEFE21AF20A882321F00E94DD48F701F5CF8AE00E94DD483D89332309F454C0F3
:207AE000EDECFFE184917F019FEFE91AF90A882321F00E94DD48F701F5CF46E0C301B201C8
:207B00000E946A4DE6ECFFE184918F010F5F1F4F882321F00E94DD48F801F6CF43E06A8D7E
:207B20007C8D8D8D9E8D0E946A4DEFEBFFE184918F010F5F1F4F882321F00E94DD48F801E7
:207B4000F6CF43E06F8D78A189A19AA10E946A4DE6EBFFE184918F010F5F1F4F882321F07C
:207B60000E94DD48F801F6CF2A8D3C8D4D8D5E8D6F8D78A189A19AA10E94E3F443E00E9483
:207B80006A4D8AE00E94DD48E1EAFFE184918F010F5F1F4F882321F00E94DD48F801F6CF90
:207BA00046E0C501B4010E946A4D8AE00E94DD488AE00E94DD480E94A5480E9429A1AAA51F
:207BC000BBA50FB6F894BEBF0FBEADBF07C02AA53BA50FB6F8943EBF0FBE2DBF8AA59BA552
:207BE0000FB6F8949EBF0FBE8DBFED960FB6F894DEBF0FBECDBFDF91CF911F910F91FF9045
:207C0000EF90DF90CF90BF90AF909F908F907F906F905F904F903F902F9008958F929F92E2
:207C2000AF92BF92CF92DF92EF92FF920F931F93CF93DF93CDB7DEB7EA970FB6F894DEBF1E
:207C40000FBECDBF80914711882309F408C181E193E10E948FD481E193E10E948F9A1092D3
:207C600045111092441180914711882309F4F7C0E090BE04F090BF04109246118091141349
:207C8000882321F081E193E10E948F9A1D8218861C821B828CEC93E09A83898383E791E11F
:207CA0009093931180939211F70180818F3209F064C06FE270E0C7010E9429F88C010F5F49
:207CC0001F4FCE0101965C010115110509F45BC06FE270E0C8010E9429F86C01009709F401
:207CE00053C00817190708F04FC04C01801A910AA401B801CE0180960E9452F8E0E2F0E0E8
:207D0000EC0FFD1FE80DF91D10828E01005E1F4FF80181918F01882319F00E94DD48F8CF77
:207D20008AE00E94DD4860919211709193116115710511F06C5F7F4F21E0AE01405E5F4F57
:207D4000CE0105960E9422A081110FC0BE01605E7F4F8DE89FE10E9486498EE20E94DD480C
:207D60008AE00E94DD48C50179C0B0929311A092921186010F5F1F4FA7CF84E991E190933D
:207D8000931180939211870160919211709193116115710511F06C5F7F4F18A21BA222E0C9
:207DA000A801CE0180960E9422A0811102C0F12C14C0CE0180960E9409AF8823C1F361E0AD
:207DC000CE0180960E94989A009789F325EEFC0120831BA20E943DD2F82ECE0180960E9409
:207DE0009448FF2009F1E7E6FFE184917F019FEFE91AF90A882321F00E94DD48F701F5CF79
:207E0000F80181918F01882319F00E94DD48F8CF8AE00E94DD481092C2131092C3131092C3
:207E2000C4131092C51318C0E5E7FFE184917F019FEFE91AF90A882321F00E94DD48F701C9
:207E4000F5CFF80181918F01882319F00E94DD48F8CF8EE20E94DD48CE0101962BD7EA9662
:207E60000FB6F894DEBF0FBECDBFDF91CF911F910F91FF90EF90DF90CF90BF90AF909F9002
:207E80008F9008950C9498640C94117581E00C94919480E00C9491943F924F925F926F9275
:207EA0007F928F929F92AF92BF92CF92DF92EF92FF920F931F93CF93DF9300D01F92CDB7BC
:207EC000DEB7109236058091FF0F90910010A0910110B091021081309048A105B10540F036
:207EE0001092FF0F1092001010920110109202106091FF0F70910010809101109091021054
:207F000025E030E040E050E00E9486F4522E8091460F1816FCF4022E000C330B482F082EB5
:207F2000000C550B41505109241735079CF055245A94580E25E0529EC0011124092E000CEC
:207F4000AA0BBB0B8093FF0F90930010A0930110B09302101092D3138091D213581614F4C5
:207F60005092D2138091D213082E000C990B0396252D052C000C330B8217930724F48DEF31
:207F8000850D8093D2133090D213412C39E1C32E31E5D32E44E4A42E4FEBB42E56EF852E15
:207FA00052E5952E6AEB662E65E5762E311018C08091A002882351F081E0511080E003E033
:207FC00023E04EE752E2642D0E94598980913705882309F465C4511063C40E94857AC2C057
:207FE00081E038122CC08091A002882369F082E49FE00E943A559C0181E0581280E045E729
:2080000052E2642D0E9436EB80913705882309F447C491E0591244C4E12CF12C00EA11E4EB
:2080200020E030E040EA51EC62E47FE08CE692E20E94B3DE7092A2026092A10293C022E07B
:20804000321223C08091A002882371F08EE39FE00E94F7529C0181E092E0591280E046E6F8
:2080600052E2642D0E9436EB80913705882309F417C422E0521214C420E030E040E251E403
:208080006EE37FE080E692E24FC083E0381609F44EC094E0391609F486C025E0321609F43B
:2080A000B6C086E0381609F4E0C097E0391609F410C128E0321609F440C189E0381609F463
:2080C00070C19AE0391609F4A0C12BE0321609F4D0C18CE0381609F4FFC19DE0391609F427
:2080E0002EC22EE0321609F45BC28FE0381609F48BC290E1391609F4B8C221E13212F5C2E5
:208100008091A0028111E2C280913705882309F4C7C321E15212C4C320E030E048EC52E490
:2081200062E07FE08EE791E20E9406E91BC08091A00281111DC080913705882309F4B0C3C0
:2081400023E05212ADC3E12C10E8F12E07E714E420E030E040E85FE36EE27FE080E592E23C
:208160000E942BDF8091D313882309F499C3A0C360912E0F70912F0F8091300F9091310FD7
:208180000E9428F67A836983CE0101960E940D579C0181E093E0591280E048E552E2642D9C
:2081A0000E9436EBC8CF8091A0028823D1F06091320F7091330F8091340F9091350F0E9476
:2081C00028F67A836983CE0101960E940D579C0181E094E0591280E048E452E2642D0E945C
:2081E00036EB80913705882309F45AC324E0521257C3E12C10E8F12E07E714E420E030E0B0
:2082000040E85FE362E37FE080E492E2A9CF8091A002882371F086E39FE00E94C3519C0106
:2082200081E095E0591280E048E352E2642D0E9436EB80913705882309F432C325E0521297
:208240002FC3E12C10E8F12E07E714E42DEC3CEC4CEC5DE366E37FE080E392E20E94B3DEB7
:208260009092A2028092A1027DCF8091A0028823D1F060913A0F70913B0F80913C0F909116
:208280003D0F0E9428F67A836983CE0101960E940D579C0181E096E0591280E048E252E2E0
:2082A000642D0E9436EB80913705882309F4F8C226E05212F5C2E12C10E8F12E07E714E490
:2082C00020E030E040E85FE36AE37FE080E292E247CF8091A0028823D1F060911E0F70914E
:2082E0001F0F8091200F9091210F0E9428F67A836983CE0101960E940D579C0181E097E035
:20830000591280E049E152E2642D0E9436EB80913705882309F4C4C227E05212C1C2E12C6A
:2083200010ECF12E09E714E420E030E040E85FE36EE17FE082E192E213CF8091A0028823FB
:20834000D1F06091220F7091230F8091240F9091250F0E9428F67A836983CE0101960E94BD
:208360000D579C0181E098E0591280E04BE052E2642D0E9436EB80913705882309F490C25E
:2083800028E052128DC2E12C10ECF12E09E714E420E030E040E85FE362E27FE084E092E21D
:2083A000DFCE8091A0028823D1F06091260F7091270F8091280F9091290F0E9428F67A8336
:2083C0006983CE0101960E940D579C0181E099E0591280E04DEF51E2642D0E9436EB80912F
:2083E0003705882309F45CC229E0521259C2E12C10ECF12E09E714E420E030E040E85FE369
:2084000066E27FE086EF91E2ABCE8091A0028823D1F060912A0F70912B0F80912C0F909163
:208420002D0F0E9428F67A836983CE0101960E940D579C0181E09AE0591280E04FEE51E238
:20844000642D0E9436EB80913705882309F428C22AE0521225C2E12C10ECF12E09E714E484
:2084600020E030E040E85FE36AE27FE088EE91E277CE8091A0028823D1F060911A0F70916F
:208480001B0F80911C0F90911D0F0E9428F67A836983CE0101960E940D579C0181E09BE09B
:2084A000591280E043EE51E2642D0E9436EB80913705882309F4F4C12BE05212F1C1E12C61
:2084C00010ECF12E09E714E420E030E0A9016AE17FE08EED91E244CE8091A0028823D1F016
:2084E0006091160F7091170F8091180F9091190F0E9428F67A836983CE0101960E940D57A9
:208500009C0181E09CE0591280E044ED51E2642D0E9436EB80913705882309F4C1C12CE0DB
:208520005212BEC1E12C10ECF12E09E714E420E030E0A90166E17FE08AEC91E211CE80910F
:20854000A0028823E1F06091060F7091070F8091080F9091090F0E949CF069837A838B835A
:208560009C83CE0101960E94F7529C0181E09DE0591280E043EC51E2642D0E9436EB80917E
:208580003705882309F48CC12DE0521289C124E630E040E050E066E07FE08CEB91E214C022
:2085A0008091A002811113C080913705882309F477C12EE0521274C124E630E040E050E065
:2085C0006AE07FE08EEA91E20E946BE9CBCD60910A0F70910B0F80910C0F90910D0F0E9449
:2085E0009CF069837A838B839C83CE0101960E94F7529C0181E09EE0591280E045EB51E2DE
:20860000642D0E9436EBD0CF8091A0028823E1F060910E0F70910F0F8091100F9091110F9A
:208620000E949CF069837A838B839C83CE0101960E94F7529C0181E09FE0591280E047EA2C
:2086400051E2642D0E9436EB80913705882309F427C12FE0521224C12AE030E040E050E0F4
:208660006EE07FE080EA91E2AFCF8091A0028823E1F06091120F7091130F8091140F909139
:20868000150F0E949CF069837A838B839C83CE0101960E94F7529C0181E090E1591280E0E7
:2086A00049E951E2642D0E9436EB80913705882309F4F6C020E15212F3C024E630E040E004
:2086C00050E062E17FE082E991E27ECF82E09FE00E94F7529C0181E091E1591280E048E866
:2086E00051E2642D0E9436EB0FCD82E1381223C08091A002882371F08EEF9EE00E94F752E2
:208700009C0181E092E1591280E045E751E2642D0E9436EB80913705882309F4C1C022E1F1
:208720005212BEC020E030E048EC52E46EEF7EE08CE691E2F9CC93E1391228C08091A0021E
:20874000882371F08EEE9EE00E9476509C0181E093E1591280E042E651E2642D0E9436EBBF
:2087600080913705882309F49BC023E1521298C0E12C1CE3F12E0CE116E420E030E040EA9D
:2087800050E46EEE7EE088E591E21CC024E1321233C08091A002811120C0809137058823D6
:2087A00009F47EC024E152127BC0E12C1CE3F12E0CE116E420E030E040EA50E462EF7EE0AB
:2087C00084E491E20E94B3DED092A202C092A102B092FE0FA092FD0FC5CC82EF9EE00E94E1
:2087E00076509C0181E094E1591280E04EE451E2642D0E9436EBD1CF85E1381227C0809174
:20880000A002882371F086EF9EE00E9476509C0181E095E1591280E04AE351E2642D0E947D
:2088200036EB809137058823D9F125E1521238C0E12C1CE3F12E0CE116E420E030E040EAA7
:2088400050E466EF7EE080E391E2BCCF96E1391227C08091A002882371F08AEF9EE00E94CF
:2088600076509C0181E096E1591280E046E251E2642D0E9436EB80913705882389F026E1CB
:2088800052120EC0E12C1CE3F12E0CE116E420E030E040EA50E46AEF7EE08CE191E292CF2E
:2088A0004394339424E0421281CB87E18093460F0F900F900F900F90DF91CF911F910F910A
:2088C000FF90EF90DF90CF90BF90AF909F908F907F906F905F904F903F900895CF92DF92C6
:2088E000EF92FF92C090E002D090E102E090E202F090E3028091D113882351F120E030E046
:20890000A901C701B6010E9498F0882309F12BED3FE049E450E4C701B6010E94FDF020E0B9
:2089200030E040E05FE30E94FDF0A70196010E94FDF020E030E040E05FE30E94FDF09B01CB
:20894000AC0160E070E080E89FE30E94C0F504C060E070E080E89FE3609310027093110240
:208960008093120290931302FF90EF90DF90CF9008958FEF8EBD0DB407FEFDCF8EB50895E4
:208980004F925F926F927F928F929F92AF92BF92CF92DF92EF92FF920F931F93CF93DF9303
:2089A00000D000D0CDB7DEB77C01FC01EF55FC4D1491029729F481E00E940B4981113AC1B8
:2089C0006701CC0CDD1CCC0CDD1CF601EB56FC4D4590559065907490612F110F770B880B94
:2089E000990B0E949EF04B015C0120E030E040EC5FE3C301B2010E94FDF0A50194010E9499
:208A0000FDF0AB01BC0100E010E09801C7010E94DE4732E0E316F10489F401E913E2F801B3
:208A2000659175918591949120E030E040EA50E40E9498F087FD0EC0F80103C0F601E75724
:208A4000FC4D85919591A591B491E82F792F6A2F8B2F04C0E0E070E060EA80E42E2F372FBF
:208A6000462F582FC501B4010E94FDF04B015C0120E030E0A9010E9498F0882309F45AC0A1
:208A800000E010E09801B501A4017058C7010E94DE4786E0E0EAF3E0DE01119601900D9202
:208AA0008A95E1F7F701EE0FFF1F81E090E08C0F9D1FE80FF91F6081718116161706D4F095
:208AC000E2E5F5E284918F010F5F1F4F882321F00E94DD48F801F6CFE7E6F3E284918F01EF
:208AE0000F5F1F4F882321F00E94DD48F801F6CF6AE070E0072E000C880B990B0E949EF017
:208B00009B01AC01F601EA55FC4F60817181828193810E94C0F52B013C01A5019401C501E0
:208B2000B4010E94E4F4AB01BC0193018201C7010E94DE4781E0F701ED5BFF4E8083F7010E
:208B4000E95BF54F80838601015E1F4EF8011082118212821382C7010E947B45F601E55A90
:208B6000FC4D65917591859194919601255B354F5901F601E55DFF4E208131814281538110
:208B80000E94E4F4F80120813181428153810E94E4F4F5016083718382839383F2E0EF163F
:208BA000F104D1F42091420F3091430F4091440F5091450F6091530A7091540A8091550A70
:208BC0009091560A0E94E3F46093530A7093540A8093550A9093560A0E949747F601ED5140
:208BE000F04FD601A55BB54F8D919D910D90BC91A02D80839183A283B38322E0E216F104F7
:208C0000C9F480E026960FB6F894DEBF0FBECDBFDF91CF911F910F91FF90EF90DF90CF9038
:208C2000BF90AF909F908F907F906F905F904F900C940B4926960FB6F894DEBF0FBECDBF85
:208C4000DF91CF911F910F91FF90EF90DF90CF90BF90AF909F908F907F906F905F904F9060
:208C600008958CE0E7EDFFE0ABE4BAE001900D928A95E1F708951092C40C60913D1070919A
:208C80003E10072E000C880B990B0E949EF0209186023091870240918802509189020E94F2
:208CA0000AF7181634F410923E1010923D100C942DD708952CEC33E0FC0131832083049624
:208CC0000C9494485F9AE7E4FAE010828A9A11829FB7F894A8E0B1E08C9181608C939FBFBB
:208CE0001282129A08958C01E3ECFDE18491EF012196882321F00E94DD48FE01F7CFEBE38B
:208D0000F3E28491EF012196882321F00E94DD48FE01F7CF0E949D5A61E0C8010E943758A6
:208D20000E947E7A60E080E00E9434D883EA92E00E948B8962E080E00E9434D88CE293E283
:208D40000E94A08963E080E00E9434D88FE193E20E94A08964EF71E080E090E00E940DDE46
:208D6000F8940E94578AAEDFA895FECF4F925F926F927F928F929F92AF92BF92CF92DF92B3
:208D8000EF92FF920F931F93CF93DF930E945D580E9445DE6B017C0110919B02112309F425
:208DA00065C08091CD0F9091CE0F009709F45EC04091F30F5091F40F6091F50F7091F60F3F
:208DC00046015701841A950AA60AB70AB7FC60C08330910509F130F4019708F447C0E2E5AA
:208DE000F5E206C0049709F041C0E2E5F5E22AC08491EF012196882321F00E94DD48FE017B
:208E0000F7CFEBEFF2E28491EF012196882371F10E94DD48FE01F7CFE2E5F5E28491EF01E6
:208E20002196882321F00E94DD48FE01F7CFE4EEF2E28491EF0121968823C1F00E94DD48AE
:208E4000FE01F7CF8491EF012196882321F00E94DD48FE01F7CFECECF2E28491EF012196E1
:208E6000882321F00E94DD48FE01F7CF212F30E0A8EEB3E00E94D4F4C60ED71EE81EF91ED1
:208E8000C092F30FD092F40FE092F50FF092F60F8091FD0B843010F40E94734A0E9445DE27
:208EA000C090D30FD090D40FE090D50FF090D60FC114D104E104F104B9F00091CF0F109147
:208EC000D00F2091D10F3091D20F0C0D1D1D2E1D3F1D5B016C01A01AB10AC20AD30AD7FCCC
:208EE00003C086E193E25FC0C0909C02D0909D02E0909E02F0909F02C114D104E104F10412
:208F0000D9F00091CF0F1091D00F2091D10F3091D20F0C0D1D1D2E1D3F1DDC01CB01801B28
:208F2000910BA20BB30BB7FD07C09091A6108091A710981709F45EC18091FB0F9091FC0FFE
:208F4000909902C0019604C0181619062CF401979093FC0F8093FB0F8091FB0F9091FC0F34
:208F60008E3E9240F4F480910F10609111102091A6109091A7102917F1F0E091A7109BE422
:208F80009E9FF0011124ED56FA4F8081E091A7109E9FF0011124EB56FA4FC0819091A710B3
:208FA00003C08DE093E29FDE2091A610291721F09F5F9F70F9CFC62F682F70E087E00E941D
:208FC00046DD6C2F70E089E00E9446DD8091C40C882309F4F9C00091860210918702D0916F
:208FE0008802C091890260913D1070913E10072E000C880B990B0E949EF020E030E040E0A6
:2090000050E40E94E4F498014D2F5C2F0E9498F087FDDAC0F090A710912CA12CB12CE12C0F
:209020008BE4882E8091A6108F1509F45AC08F2D90E0889EF001899EF00D1124E45BFA4F65
:209040004281538164817581452B462B472B81F44681578160857185452B462B472B41F4D4
:209060004285538564857585452B462B472BA1F1889E9001899E300D1124C901845B9A4FA7
:209080006C01FC0166857785808991890E949EF02B013C01F60162897389848995890E9418
:2090A0009CF09B01AC01C301B2010E94C0F5F60123A134A145A156A10E94FDF03B016C0168
:2090C000292D3A2D4B2D5E2D0E940AF7181624F4962CA72CBC2CED2C81E08F0D8F70F82E2F
:2090E000A1CF20917E0230917F024091800250918102692D7A2D8B2D9E2D0E94FDF09801EE
:209100004D2F5C2F0E94E4F46B017C019B01AC01B8018D2F9C2F0E940AF71816A4F0009166
:20912000820210918302D0918402C091850298014D2F5C2FB601C7010E940AF718161CF0CA
:209140008601DE2DCF2DC090F70FD090F80FE090F90FF090FA0F98014D2F5C2FC701B601A4
:209160000E940AF71816D4F420E037ED43EA5CE3B8018D2F9C2F0E94FDF04B015C0128E442
:2091800031EE4AE75FE3C701B6010E94FDF0A50194010E94E4F48B01D82FC92FC801AD2F4A
:2091A000BC2F8093F70F9093F80FA093F90FB093FA0FB8018D2F9C2F0E9428F670933E10A9
:2091C00060933D100E942DD70E94628E88E191E1DF91CF911F910F91FF90EF90DF90CF9040
:2091E000BF90AF909F908F907F906F905F904F900C942E435F9A1092470A8A9A1092480AA2
:209200009FB7F894809108018160809308019FBF1092490A129A90CECF93DF9380E090E054
:209220000E94BF91C7EDDFE0688379838A839B8381E090E00E94BF916C837D838E839F83D2
:2092400082E090E00E94BF91688779878A879B87DF91CF910895CF92DF92EF92FF92CF9375
:20926000DF93EC01C0908A02D0908B02E0908C02F0908D02A7019601688179818A819B8170
:209280000E940AF7181624F4C882D982EA82FB82C0908E02D0908F02E0909002F090910271
:2092A000A70196016C817D818E819F810E940AF7181624F4CC82DD82EE82FF82C0909202EA
:2092C000D0909302E0909402F0909502A7019601688579858A859B850E940AF7181624F43A
:2092E000C886D986EA86FB86DF91CF91FF90EF90DF90CF900895CF92DF92EF92FF92CF9341
:20930000DF9383EE9FE0A7DF0E949A488091270A83FD7BC0C090EF0FD090F00FE090F10FC7
:20932000F090F20F2091570A3091580A4091590A50915A0AC701B6010E9498F0882309F4AD
:2093400064C00E944C648823F1F0C092570AD092580AE092590AF0925A0AE2E5F5E2849126
:20936000EF012196882321F00E94DD48FE01F7CFE1EBF2E28491EF012196882321F00E9444
:20938000DD48FE01F7CFC090EF0FD090F00FE090F10FF090F20F2091570A3091580A40913F
:2093A000590A50915A0AC701B6010E94E3F40E9428F697FF07C090958095709561957F4FED
:2093C0008F4F9F4F693C710581059105F4F0C092570AD092580AE092590AF0925A0AE2E5AD
:2093E000F5E28491EF012196882321F00E94DD48FE01F7CFE2E9F2E28491EF01219688238C
:2094000021F00E94DD48FE01F7CF2091E30F3091E40F4091E50F5091E60F60914B0A709176
:209420004C0A80914D0A90914E0A0E9498F081111DC02091E70F3091E80F4091E90F509153
:20944000EA0F60914F0A7091500A8091510A9091520A0E9498F0811109C060919702709175
:2094600098028091990290919A021AC060911E0270911F02072E000C880B990B0E949EF034
:2094800020919702309198024091990250919A020E94FDF02AE037ED43E25CE30E94FDF08E
:2094A0000E942045DF91CF91FF90EF90DF90CF900C941645CF93DF930E949A48E091FC0B2E
:2094C000F0E0E55AF54F8081882381F0EFE8F2E28491EF012196882321F00E94DD48FE0133
:2094E000F7CF8AE0DF91CF910C94DD48DF91CF910895CF93DF938FB7F8949091C80F909379
:20950000C70F8FBFE6E8F2E28491EF012196882321F00E94DD48FE01F7CF8091C90F909177
:20952000CA0FA091CB0FB091CC0FBC01CD016F5F7F4F8F4F9F4F0E94254A8AE00E94DD48F6
:20954000DF91CF91B7CF0F931F93CF93DF938C01EB019091241120912511921307C088E102
:2095600091E10E942E430E94628EF3CFF80160817181488159818091231134E0839FF00137
:209580001124E45EFE4E73876287558744879F5F909324118F5F281719F08093231102C0E9
:2095A00010922311DF91CF911F910F910895CF93DF93EC012881243208F058C030E016160C
:2095C000170664F4F901EE0FFF1FE20FF31FE855FF4E6F739081907C692B6083F901EE0F07
:2095E000FF1F2E0F3F1FF901E855FF4E808161E08F730E940ADD19821A8288816CE00E9433
:20960000A8F79CE0899FB001112440E050E09B01240F351FF901EE0FFF1F2E0F3F1FF90104
:20962000E855FF4E908196FD13C04F5F5F4F4C30510569F781111CC01092900082E0809386
:209640009100109295001092940088BB809371008881E82FF0E09F01220F331FE20FF31F2F
:20966000E855FF4E9081906490831FC08FEF1DC0813069F41092A00082E08093A100109206
:20968000A5001092A40089BB80937200E1CF8230F9F6109220018093210110922501109263
:2096A00024018ABB80937300D3CFDF91CF9108954F925F926F927F928F929F92AF92BF92E3
:2096C000CF92DF92EF92FF92CF93DF93CDB7DEB760970FB6F894DEBF0FBECDBF9E838D834A
:2096E00020912B1030912C1040912D1050912E10DC016D917D918D919C910E94E3F42091F6
:209700001F103091201040912110509122100E94E3F4ED81FE8184809580A680B780409068
:209720002F10509030106090311070903210209123103091241040912510509126102983B5
:209740003A834B835C8320E030E040E85FE30E94E3F46B017C01AD81BE8118968D919D915C
:209760000D90BC91A02D8D839E83AF83B887209133103091341040913510509136102987AA
:209780003A874B875C878091271090912810A0912910B0912A108D879E87AF87B88B27E113
:2097A00037EB41ED58EBC701B6010E940AF787FD57C027E030E04CE553E4C701B6010E94B9
:2097C00098F018160CF44CC0A3019201C501B4010E94E3F429813A814B815C810E94E3F415
:2097E00020E030E040E352E40E94E4F46B017C0127E137EB41ED58EB0E940AF787FD30C0EB
:2098000027E030E04CE553E4C701B6010E9498F0181634F129853A854B855C856D817E81C2
:209820008F8198850E94E3F42D853E854F8558890E94E3F46B017C0127E137EB41ED58EB5B
:209840000E940AF787FD0CC091E0998323E030E04CE853E4C701B6010E9498F018160CF433
:209860001982898160960FB6F894DEBF0FBECDBFDF91CF91FF90EF90DF90CF90BF90AF90CC
:209880009F908F907F906F905F904F900895809136119091371181309105B9F1029759F469
:2098A0000E94D3AE609338117093391180933A1190933B1118C010923C1110923D111092D6
:2098C0003E1110923F111092401110924111109242111092431110923811109239111092FC
:2098E0003A1110923B1181E090E090933711809336110E9445DE60933C1170933D11809330
:209900003E1190933F1181E0089580E0089541E0682F86E490E10E94F17581E090E0089581
:20992000009769F0FC0101900020E9F73197AF01481B590BBC0186E490E10C94837580E0DA
:2099400090E008958F929F92AF92BF92CF92DF92EF92FF92CF9320E030E04AE754E4FC015A
:2099600060817181828193810E94FDF00E9428F66B017C01611571058105910561F097FFD6
:209980000AC0F094E094D094C094C11CD11CE11CF11C8DE201C080E280931610C701B6012F
:2099A00028EE33E040E050E00E94A8F48AE0882E912CA12CB12CCA01B901A50194010E9407
:2099C000A8F4605D609317108EE280931810C701B60124E630E040E050E00E94A8F4CA0177
:2099E000B901A50194010E94A8F4605D60931910C701B601A50194010E94A8F4C62FCA01A3
:209A0000B901A50194010E94A8F4605D60931A10C05DC0931B1010921C1086E190E1CF9198
:209A2000FF90EF90DF90CF90BF90AF909F908F9008958F929F92AF92BF92EF92FF920F9339
:209A40001F93CF93DF937B01D82FC92F49015A0120E030E0A9010E940AF71816D4F420E00D
:209A600030E046E953E4B7018D2F9C2F0E940AF7181624F4E12CF12CD6E9C3E4B7018D2F44
:209A80009C2F0E9428F670933E1060933D100E942DD7C501B4010E9428F6709315106093AE
:209AA00014100E94078A80911310823010F490E002C080E090E0880F991FFC01E15FFF4E8A
:209AC00011830083DF91CF911F910F91FF90EF90BF90AF909F908F900C947E7AEF92FF92BB
:209AE0000F931F93CF93DF93CDB7DEB76F970FB6F894DEBF0FBECDBF7B0102E911E124E972
:209B000031E1F8013183208322E030E03093CC132093CB139093CE138093CD1388E991E1C4
:209B20000E94EC9BF801808191812BE1FC013496DE01159601900D922A95E1F7FC018281CC
:209B400093819C838B838CEC93E09A838983A701BE016F5F7F4F86E394E00E949BAFCE0115
:209B60000196A8D86F960FB6F894DEBF0FBECDBFDF91CF911F910F91FF90EF9008956F92B6
:209B80007F928F929F92BF92CF92DF92EF92FF920F931F93CF93DF93CDB7DEB7AC970FB6E4
:209BA000F894DEBF0FBECDBF20914711222309F4F6C1B62E7C0180911413882309F49DC083
:209BC000442309F4C1C180912C13882321F1E3ECFDE184918F010F5F1F4F882321F00E9406
:209BE000DD48F801F6CFE7E5F4E284918F010F5F1F4F882321F00E94DD48F801F6CF61E0DD
:209C000070E080E090E00E94254A8AE00E94DD488EE494E268D88FE280933113C12CDD2404
:209C2000D39402E313E19FE1992E8091E912C816B0F49C9CC0011124B80189549E4E0E94BD
:209C4000B49AC8018C010196F8012081222329F0FDE8DF1611F0D394F5CFC394E6CFD7FCEC
:209C600006C0B80181E193E10E94B49A02C0F8011082E2E5F5E284918F010F5F1F4F882388
:209C800021F00E94DD48F801F6CFB70185E394E20E94864960912C13FDE86F9FB00111241E
:209CA0006F5C7C4E8AE294E20E9486494091C2135091C3136091C4137091C51384E294E2E2
:209CC0000E940A4A8AE00E94DD4880912C1324E0829FF0011124E35DFC4E4091C2135091B1
:209CE000C3136091C4137091C51340835183628373838F5F80932C130DC010922C1382E02B
:209D0000D82E24C1B70187E194E20E9486498AE00E94DD481092461180911413882321F033
:209D200081E193E10E948F9A1D8218861C821B828CEC93E09A83898383E791E19093931153
:209D400080939211F70180818F3209F067C087010F5F1F4FCE0101964C010115110509F433
:209D600063C06FE270E0C8010E9429F86C01009709F45BC00817190708F057C03C01601A72
:209D8000710AA301B801CE0180960E9452F8E0E2F0E0EC0FFD1FE60DF71D1082FE01B09693
:209DA0003F018F01F80181918F01882319F00E94DD48F8CF8AE00E94DD4860919211709130
:209DC00093116115710511F06C5F7F4F21E0AE01405E5F4FCE0105960E9422A0811116C027
:209DE000E3E0F4E284918F010F5F1F4F882321F00E94DD48F801F6CFF30181913F01882317
:209E000019F00E94DD48F8CF8EE287C0909293118092921186010F5F1F4F9FCF84E991E1C9
:209E2000909393118093921187019091921180919311692F782FBB2009F459C06115710588
:209E400011F06C5F7F4F21E0A80181E193E10E9422A0882309F447C0809122139091231338
:209E6000A0912413B09125138093BE139093BF13A093C013B093C113B80185EF93E20E94C7
:209E800086494091BE135091BF136091C0137091C1138DEE93E20E940A4A8AE00E94DD48EE
:209EA0001092C2131092C3131092C4131092C513EEEDF3E284917F012FEFE21AF20A8823BA
:209EC00021F00E94DD48F701F5CFB80180E090E005DE80915611882319F086E591E101C0B8
:209EE000C80160E02AC0B8018AEC93E210C06115710511F06C5F7F4F26E5A80181E193E1EB
:209F00000E9422A081110CC0B80186EB93E20E9486498EE20E94DD488AE00E94DD480FC038
:209F200081E080934411B70184EA93E20E9486498AE00E94DD4860E0C8010E944C58CE01FD
:209F400001960E945AC62BC0DD24D394E2E5F5E284918F010F5F1F4F882321F00E94DD48B3
:209F6000F801F6CFEFE1F4E284918F010F5F1F4F882321F00E94DD48F801F6CF81E0D8166C
:209F800019F006E914E002C00CE914E0F80181918F01882309F4B6CE0E94DD48F7CFAC9694
:209FA0000FB6F894DEBF0FBECDBFDF91CF911F910F91FF90EF90DF90CF90BF909F908F90C1
:209FC0007F906F900895CF92DF92EF92FF920F931F93CF93DF936C018B01C42FCC2309F4F2
:209FE0003FC07801F80161918F01F601808191810E9469F4F601808191810E9461F4D82F5D
:20A00000F7018081D817D1F0E2E5F5E284917F019FEFE91AF90A882321F00E94DD48F70155
:20A02000F5CFEAE9F4E284917F019FEFE91AF90A882321F00E94DD48F701F5CF8091510CDD
:20A040009091520C8D0F911D9093520C8093510CF60180819181019691838083C150BECFF0
:20A06000DF91CF911F910F91FF90EF90DF90CF9008958F929F92AF92BF92CF92DF92EF9210
:20A08000FF920F931F93CF93DF93CDB7DEB763970FB6F894DEBF0FBECDBF19821A821B82D9
:20A0A0001C828091A2049091A304A091A404B091A5048D839E83AF83B88784E690E09A8723
:20A0C000898744E0BE016B5F7F4FCE0109967BDF89859A8502969A8789871092520C109295
:20A0E000510C40E16EEE7EE0CE0109966CDF40E16EE17FE0CE01099666DF40E166E07FE027
:20A10000CE01099660DF44E06EE37FE0CE0109965ADF44E062E07FE0CE01099654DF44E08D
:20A120006EEF7EE0CE0109964EDF44E06AE17FE0CE01099648DF44E066E17FE0CE0109962E
:20A1400042DF44E063E27AE0CE0109963CDF40E16EE27FE0CE01099636DF4CE06BE270E175
:20A16000CE01099630DF83E0898B8A8B1B8A19821A821B821C8241E0BE016D5E7F4FCE0177
:20A18000099621DF44E0BE016F5F7F4FCE0109961ADF41E0BE016F5E7F4FCE01099613DF5F
:20A1A00041E0BE016E5E7F4FCE0109960CDF10E089899A89212F30E0899FC001112444E005
:20A1C0002817390744F4BE016F5F7F4FCE010996FADE1F5FEDCF62E47FE0CE010996F3DE09
:20A1E00019821A821B821C821AE0115044E039F0BE016F5F7F4FCE010996E5DEF6CF69EC9F
:20A200007CE0CE010996DFDE44E065EC7CE0CE010996D9DE44E06DEC7CE0CE010996D3DEC9
:20A2200010E0C12C80E8D82E8BE3E82E85E4F82E812C912C90E8A92E9FE3B92E11111EC09E
:20A2400044E062E772E0CE010996BDDE44E06AE772E0CE010996B7DE44E066E772E0CE01DA
:20A260000996B1DE89829A82AB82BC8244E0BE016F5F7F4FCE010996A6DE1AC0C982DA822C
:20A28000EB82FC8244E0BE016F5F7F4FCE0109969ADE19821A821B821C8204E0015041F096
:20A2A00044E0BE016F5F7F4FCE0109968CDEF6CF1F5F143009F0C2CF84E190E09C878B872C
:20A2C00042E0BE01655F7F4FCE0109967CDE44E069E272E0CE01099676DE44E065E272E003
:20A2E000CE01099670DE44E061E272E0CE0109966ADE80E290E09E878D8742E0BE01635F85
:20A300007F4FCE0109965FDE41E061ED73E1CE01099659DE10E011110CC08091E00290916A
:20A32000E102A091E202B091E30289839A83AB83BC8344E0BE016F5F7F4FCE01099643DE5B
:20A340001F5F143041F78091510C9091520C988B8F87E984FA8484E690E09A87898744E0C3
:20A360006CE973E0CE0109962EDE42E0BE01615F7F4FCE01099627DEE2E5F5E284918F0196
:20A380000F5F1F4F882321F00E94DD48F801F6CFB7018DEB94E20E941B4DE4EBF4E2849136
:20A3A0008F010F5F1F4F882321F00E94DD48F801F6CF63960FB6F894DEBF0FBECDBFDF9140
:20A3C000CF911F910F91FF90EF90DF90CF90BF90AF909F908F9008950E9498640E941175B2
:20A3E0000E946EC480E090E00E947B4581E090E00E947B4582E090E00C947B45EF92FF92E0
:20A400000F931F93CF938C017B01C42FF801808191810E9461F4F70181937F012091510CED
:20A420003091520CA901480F511D5093520C4093510CF80180819181019691838083C15052
:20A4400029F7CF911F910F91FF90EF900895FC0120E03EE2DB014C91403241F0283011F4AB
:20A4600030833196DB014C91408331962F5F6F5F7F4F2B3079F710820895CF938091E50E95
:20A480008823B9F14091DD0E5091DE0E6091DF0E7091E00E2DED3CE08091E60E9091E70EC0
:20A4A0000E94579CC82F811102C0C0E023C04091E10E5091E20E6091E30E7091E40E41157D
:20A4C00051056105710591F02DED3CE08091E60E9091E70E0E94579C882339F31092E10E7B
:20A4E0001092E20E1092E30E1092E40E1092E50E01C0C1E08C2FCF910895CF92DF92EF92A1
:20A50000FF92CF936B017C01C42F8091DD0E9091DE0EA091DF0EB091E00E8C159D05AE0520
:20A52000BF05C9F0AADF811102C080E018C02DED3CE0B701A6018091E60E9091E70E0E9437
:20A54000B89C882391F3C092DD0ED092DE0EE092DF0EF092E00E81E0C1118093E50ECF9185
:20A56000FF90EF90DF90CF9008954F925F926F927F928F929F92AF92BF92CF92DF92EF9247
:20A58000FF920F931F93CF93DF93EC01423051056105710510F480E068C089859A85AB8588
:20A5A000BC850196A11DB11D84179507A607B70790F38F89803149F4852E962EA72EBB24E1
:20A5C0008B899C89AD89BE890FC0803221F78B889C88AD88BE88DB01CA01E7E0B695A79585
:20A5E00097958795EA95D1F7880E991EAA1EBB1E280139016A017B0141E0C501B4017DDF9C
:20A60000882349F29F89903161F4DD24EE24FF249601220F331FF901E352F34F51824082C0
:20A6200011C0E894C7F8DD24EE24FF249601220F331F220F331FF901E352F34F4082518235
:20A64000628273829A89923080F04D815E816F817885840E951EA61EB71E8092E10E909231
:20A66000E20EA092E30EB092E40EDF91CF911F910F91FF90EF90DF90CF90BF90AF909F90DA
:20A680008F907F906F905F904F900895CF92DF92EF92FF920F931F93CF93DF93FC01818513
:20A6A0009285A385B4850196A11DB11D84179507A607B70710F480E061C08789803149F4DA
:20A6C000BB27A72F962F852FC388D488E588F6880FC0803281F783899489A589B6896A01BD
:20A6E0007B01C7E0F694E794D794C794CA95D1F78C0D9D1DAE1DBF1DE9016A017B018F01EA
:20A700004091DD0E5091DE0E6091DF0E7091E00E84179507A607B70799F4F80187898031FA
:20A72000B1F4B701A601552766277727440F551FFA01E352F34F80819181A0E0B0E019C039
:20A7400040E0BC01CD01D9DE8111E7CFB4CFB701A6014F77552766277727440F551F440FE6
:20A76000551FFA01E352F34F80819181A281B381BF7088839983AA83BB8381E0DF91CF9197
:20A780001F910F91FF90EF90DF90CF9008954F925F926F927F92AF92BF92CF92DF92EF9227
:20A7A000FF920F931F93CF93DF9300D01F92CDB7DEB78C0149835A836B837C835901C12CDC
:20A7C000D12C7601412C82E0582E612C712C49815A816B817C819E012F5F3F4FC80156DF3F
:20A7E000882341F1D301C201F801058404C0880F991FAA1FBB1F0A94D2F7C80ED91EEA1E71
:20A80000FB1E49815A816B817C818789803139F481E0483F5F4F6105710538F4D8CF81E0FD
:20A82000483F5F4F6F4F7F4090F2F501C082D182E282F3820F900F900F900F90DF91CF9134
:20A840001F910F91FF90EF90DF90CF90BF90AF907F906F905F904F900895DF92EF92FF9242
:20A860000F931F93CF93DF938C01EB017A018DE0D82E40E250E0BE01C8010E94169D803268
:20A88000910539F021E0892B09F420E0822F81953EC02881222399F1253E59F32E3249F3BF
:20A8A000E114F10441F13B853F733F3021F54A8D5B8D452B01F52F713FEF320F3230D8F423
:20A8C00030E021503109D29EC001D39E900D1124D701A80FB91FFE0120E0AD01253088F464
:20A8E00031813D932F5F32962D30C1F7288126FF02C0FA0115862B8523FDBBCF08C080E0C3
:20A9000006C02B3010F43481ECCF3681EACFDF91CF911F910F91FF90EF90DF900895CF9396
:20A92000DF93EC018B81882331F1898187FF20C061E0CE010E94989AFC01892BE1F0808108
:20A94000853EC9F08B81823040F489899A89AB89BC89848F958FA68FB78F8D899E89AF89B4
:20A96000B88D938F828FB58BA48B89818F778983DF91CF9182CD81E0888380E0DF91CF9119
:20A9800008952F923F924F925F926F927F928F929F92AF92BF92CF92DF92EF92FF920F933A
:20A9A0001F93CF93DF9300D01F92CDB7DEB78C014B011A01DC0113968C9113978130C9F4C8
:20A9C00011968C9181FF15C082FF19C0F801418952896389748980859185A285B385841768
:20A9E0009507A607B70759F0C8010E94A599811106C081E0D8018C938FEF9FEF29C1610155
:20AA000085C059968D919C915A97FC0174802FEF270D2A013B0139E0769467945794479438
:20AA20003A95D1F7722E74207A01F1E0FF22772009F478C080E092E08E199F0956018C15F9
:20AA40009D0508F45C01D80159962D913C915A9714968D919D910D90BC91A02D0297A109C7
:20AA6000B109F901058404C0880F991FAA1FBB1F0A94D2F74685578560897189840F951FAB
:20AA8000A61FB71F9C01AD01270D311D411D511D29013A01A11432E0B30609F089C080914A
:20AAA000DD0E9091DE0EA091DF0EB091E00E481659066A067B0669F41092E50E8FEF9FEFA5
:20AAC000DC018093DD0E9093DE0EA093DF0EB093E00E9401B301A2018091E60E9091E70E34
:20AAE0000E94579C882309F484CFF80180859185A285B3858A0D9B1DA11DB11D8087918759
:20AB0000A287B3878A0C9B1CCA18DB08D80118964D915D916D917C911B97C114D10409F00D
:20AB200070CF7AC0E114F10409F084CF14964D915D916D917C9117974115510561057105AF
:20AB400059F455968D919D910D90BC91A02D0097A105B10539F520C09E012F5F3F4F96DD8B
:20AB6000882309F446CF89819A81AB81BC81F801218D328DF9012789203139F4883FFFEF47
:20AB80009F07A105B10540F40DC0883F2FEF9207A2072FE0B20730F0C8010E94E79A811125
:20ABA00049CF27CFF80184839583A683B78342CFE114F10411F5D80118964D915D916D91BA
:20ABC0007C911B9751968D919D910D90BC91A02D481759076A077B0780F04FDC882309F4D7
:20ABE00008CF81E08093E50E4092DD0E5092DE0E6092DF0E7092E00E07C041E0C301B2015E
:20AC00007CDC882309F4F5CEA501B401C7018352934F0E9402F869CFF80181899289A38979
:20AC2000B48984179507A607B70738F4418B528B638B748B818180688183F801818183FD0A
:20AC400002C0C10105C0C8016ADE8111FACFD1CE0F900F900F900F90DF91CF911F910F9104
:20AC6000FF90EF90DF90CF90BF90AF909F908F907F906F905F904F903F902F900895CF93B3
:20AC8000DF931F92CDB7DEB7698341E050E0BE016F5F7F4F049675DE0F90DF91CF910895E7
:20ACA000BC0180E090E04AE00E949F498DE00E94DD488AE00C94DD48A3EAB2E0E0E08D91F3
:20ACC000811102C090E204C0E43161F0EF5FF7CF81E08E0F853131F0F0E0ED55FD4F90832A
:20ACE000E82FF6CF1092B7020895CF92DF92FF920F931F93CF93DF93CDB7DEB7ED970FB693
:20AD0000F894DEBF0FBECDBFF090431081E0F826009144100827109145101827F11004C051
:20AD2000011102C009F48AC0E2E5F5E284916F019FEFC91AD90A811103C0ECE4F5E204C0C1
:20AD40000E94DD48F601F2CF84916F01AFEFCA1ADA0A882321F00E94DD48F601F5CFFF202C
:20AD600069F0EAE4F5E284916F01BFEFCB1ADB0A882321F00E94DD48F601F5CF002369F01E
:20AD8000E8E4F5E284916F019FEFC91AD90A882321F00E94DD48F601F5CF112319F0E6E4F2
:20ADA000F5E203C0EEE3F5E20BC084916F01AFEFCA1ADA0A8823B1F30E94DD48F601F5CFCA
:20ADC00084916F01BFEFCB1ADB0A882321F00E94DD48F601F5CF1A821982FE0133968BE3CB
:20ADE000DF011D928A95E9F768E375E2CE0101960E941EF0FF2031F066E375E2CE010196C7
:20AE00000E941EF0002331F064E375E2CE0101960E941EF0112331F062E375E2CE01019633
:20AE20000E941EF06BE275E2CE0101960E941EF060E0CE0101960E944C5811E0812FED9698
:20AE40000FB6F894DEBF0FBECDBFDF91CF911F910F91FF90DF90CF900895CF92DF92EF923E
:20AE6000FF92C0903F10D0904010E0904110F090421060913D1070913E10072E000C880BFE
:20AE8000990B0E949EF020E030E040EC50E40E94E3F49B01AC01C701B6010E9498F087FF7D
:20AEA0001EC020E030E040E050E4C701B6010E94E4F40E9428F670933C1060933B10E5D64F
:20AEC000DC01CB01805E914BAF4FBF4F8093371090933810A0933910B0933A1008C01092CB
:20AEE0003710109238101092391010923A10FF90EF90DF90CF9008954F925F926F927F92ED
:20AF00008F929F92AF92BF92CF92DF92EF92FF920F931F93CF93DF93A3EDB4E221E030E00A
:20AF2000FD0145915491841795070CF05DC0B90161507109660F771F660F771FEB01CF5200
:20AF4000DB4DFE01E590F49061537B4DFB0145915491F901EE0FFF1FEE0FFF1FEF52FB4DE5
:20AF600005911491FE01A590B490FD01C591D491FB01C590D490BC01641B750B072E000CB3
:20AF8000880B990B0E949EF02B013C01B8016A197B09072E000C880B990B0E949EF09B01DD
:20AFA000AC01C301B2010E94FDF04B015C01CC19DD09BE01DD0F880B990B0E949EF09B01BC
:20AFC000AC01C501B4010E94C0F54B015C01B701FF0C880B990B0E949EF09B01AC01C50110
:20AFE000B4010E94E4F411C02F5F3F4F14962731310509F095CFE9E2F5E265917491072ECE
:20B00000000C880B990B0E949EF0DF91CF911F910F91FF90EF90DF90CF90BF90AF909F9004
:20B020008F907F906F905F904F90089580913611909137110197029710F080E008951092E7
:20B0400037111092361121D66093401170934111809342119093431181E0089540E0682F9D
:20B0600086E490E10C94F175643008F063E090915910691710F06FEF690FE62FF0E0EA5B16
:20B08000FF4E9489890F8068E9CF81E0E7DF8BE39FE10197F1F708950F931F93CF93DF93B4
:20B0A0008B01877028E0829FC00111248064D6DFE801085F1F4F699186E490E10E94417669
:20B0C000C017D107C1F7DF91CF911F910F9108952F923F924F925F926F927F928F929F9284
:20B0E000AF92BF92CF92DF92EF92FF920F931F93CF93DF93109236058091FF0F9091001085
:20B10000A0910110B091021081309048A105B10540F01092FF0F10920010109201101092CE
:20B1200002106091FF0F70910010809101109091021025E030E040E050E00E9486F4C22F26
:20B140008091D4131816F4F4022E000C330B482F082E000C550B415051092417350794F068
:20B16000CFEFC80F25E0C29FC0011124092E000CAA0BBB0B8093FF0F90930010A093011088
:20B18000B09302101092D3138091D213C81714F4C093D2138091D213082E000C990B039648
:20B1A0002C2F0C2E000C330B8217930724F48DEF8C0F8093D2131091D213D0E080EE282E5C
:20B1C00082E0382E9CED892E95E0992EA12CB12C26ED422E26E0522E612C712C36ECE32E1B
:20B1E0003FE4F32E4EE6C42E44ECD42E111117C08091A002882351F081E0C11180E003E0A5
:20B2000023E04DE755E26D2F0E94598980913705882371F1C1112CC00E94857A25C01130C1
:20B2200039F58091A002882391F08091D113811103C02CE635E202C020E735E281E0C1305C
:20B2400009F080E044E755E26D2F0E94ACEB80913705882369F0C13059F48091D1138C2727
:20B260008093D1130E946EC48091D31381117FC08091D113882309F472C0123011F083E0C6
:20B280006FC08091A002882371F080EE92E00E94A2CC9C0181E0C23009F080E042E655E228
:20B2A0006D2F0E9436EB80913705882341F3C23031F781E080933605109232051092330587
:20B2C00010923405109235050E945E7A83E08093A00288E595E290930E1080930D1030920E
:20B2E0000C1020920B108092071090920810A0920910B0920A10409203105092041060928E
:20B3000005107092061020E030E04AE754E46091E0027091E1028091E2029091E3020E9433
:20B32000FDF020E030E84BEB54E40E94E3F40E942DF66093FF0F7093001080930110909301
:20B340000210F092A202E092A102D092FE0FC092FD0F8091D313882309F491CF08C082E0AA
:20B36000DF5F1F5FD43009F041CF8093D413DF91CF911F910F91FF90EF90DF90CF90BF90BF
:20B38000AF909F908F907F906F905F904F903F902F900895CF93DF931F921F92CDB7DEB7CA
:20B3A0008091FF0F90910010A0910110B0910210B7FF08C01092FF0F109200101092011015
:20B3C000109202108091031090910410A0910510B09106104091FF0F5091001060910110F1
:20B3E0007091021084179507A607B70744F48093FF0F90930010A0930110B0930210809162
:20B40000A0028823B9F02091FF0F309100108091071090910810820F931F9A838983CE010A
:20B4200001960E940D57BC0180910D1090910E100E94B08980913705882391F0E0910B1065
:20B44000F0910C102091FF0F309100108091071090910810820F931F918380830E94857A63
:20B46000809137050F900F90DF91CF91089592CFAF92BF92CF92DF92EF92FF920F931F93A9
:20B48000CF93DF93CDB7DEB76F970FB6F894DEBF0FBECDBF8091A002811105C0809137051B
:20B4A000882309F4D5C184E991E1909393118093921181E090E09093CC138093CB1310928C
:20B4C000CE131092CD1388E991E10E94EC9B80919211909193112BE1FC013496DE01159627
:20B4E00001900D922A95E1F7FC01828193819C838B838CEC93E09A83898340E050E0BE0121
:20B500006F5F7F4F86E394E00E949BAFCE0101960E945AC6C090CD13D090CE131092360550
:20B520008091FF0F90910010A0910110B091021081309048A105B10540F01092FF0F1092BF
:20B54000001010920110109202106091FF0F70910010809101109091021025E030E040E0DA
:20B5600050E00E9486F4122F8091D5131816F4F4022E000C330B482F082E000C550B41500B
:20B5800051092417350794F01FEF180F25E0129FC0011124092E000CAA0BBB0B8093FF0F96
:20B5A00090930010A0930110B09302101092D3138091D213181714F41093D2138091D2138C
:20B5C000082E000C990B0396212F012E000C330B8217930724F48DEF810F8093D213E09064
:20B5E000D213F12CEE2059F069E471E188E991E10E94B49A809149118F32E1F420C080918E
:20B60000A002882351F081E0111180E003E023E04FE955E26F2D0E9459898091370588234C
:20B6200019F31111E1CF0E94857A8091D3138823D9F20EC181E0E81641F002E001C001E03B
:20B640005601E1E0AE1AB1083CC08091A002882359F081E0113009F080E000E22EE34BE98C
:20B6600055E26F2D0E94598980913705882329F3113019F78091E9128823D1F081508093B2
:20B68000E912FFE18F9FC0011124FC01E954FE4E2BE1A8E9B1E101900D922A95E1F7FC0132
:20B6A000ED54FE4E8281938190939711809396111092D213A3C00E1549F00F5FF1E0AF1A13
:20B6C000B1082FEFA216B206B1F7BBC060E070E0C5010E946ECD909148118091A0029923E4
:20B6E00009F493C0882339F081E0101380E045E06F2D0E9474EB809137058823F1F21E1176
:20B70000DCCF1D8218861C821B828CEC93E09A83898380919B11882319F004E911E102C0E0
:20B7200003E711E1780184E0E80EF11C21E049E451E1B701CE0105960E9422A0811126C0EF
:20B74000E2E5F5E284918F010F5F1F4F882321F00E94DD48F801F6CFE5E8F5E284918F0140
:20B760000F5F1F4F882321F00E94DD48F801F6CF09E411E1F80181918F01882319F00E94DC
:20B78000DD48F8CF8AE00E94DD482CC08091E9128A30C8F491E0980F9093E912FFE18F9FDA
:20B7A000C0011124DC01A954BE4E2BE1F70101900D922A95E1F7F80122813381FC01ED5454
:20B7C000FE4E338322838BE1FE013596A8E9B1E101900D928A95E1F78B819C81909397114E
:20B7E00080939611CE0101960E945AC61092FF0F10920010109201101092021081E080932A
:20B80000D31383E08093A00223C0882339F081E0101380E040E26F2D0E9474EB8091370583
:20B82000882309F44ACF1E1148CF89E491E10E9480AC0E947E7A8091D313882309F43DCF0F
:20B8400007C0F394E39424E0F212CCCE0093D5136F960FB6F894DEBF0FBECDBFDF91CF91EA
:20B860001F910F91FF90EF90DF90CF90BF90AF90089590E0FC013197E231F10508F04EC02D
:20B880008827E158FF4F8F4F0C94DBF7809180008F7703C0809180008F7D809380000895FB
:20B8A00080918000877FF9CF84B58F7702C084B58F7D84BD08958091B0008F7703C080916A
:20B8C000B0008F7D8093B0000895809190008F7707C0809190008F7D03C080919000877FC7
:20B8E0008093900008958091A0008F7707C08091A0008F7D03C08091A000877F8093A000A0
:20B900000895809120018F7707C0809120018F7D03C080912001877F8093200108953FB78B
:20B92000F8948091DB139091DC13A091DD13B091DE1326B5A89B05C02F3F19F00196A11D6A
:20B94000B11D3FBFBA2FA92F982F8827820F911DA11DB11DBC01CD0142E0660F771F881FBA
:20B96000991F4A95D1F70895CF93DF93282F30E0F901E258F94D8491F901E85CF94DD49118
:20B98000F901EE50FA4DC491CC2389F0811171DFEC2FF0E0EE0FFF1FE852FA4DA591B49187
:20B9A000EC91ED2381E090E021F480E002C080E090E0DF91CF9108951F93CF93DF93282FD8
:20B9C00030E0F901E258F94D8491F901E85CF94DD491F901EE50FA4DC491CC23B9F0162F2E
:20B9E000811147DFEC2FF0E0EE0FFF1FE254FA4DA591B4919FB7F894111104C08C91D09547
:20BA0000D82302C0EC91DE2BDC939FBFDF91CF911F910895CF93DF9390E0FC01E85CF94D2E
:20BA20002491FC01EE50FA4D8491882361F190E0880F991FFC01EC55FA4DC591D491FC01C1
:20BA4000E254FA4DA591B491611109C09FB7F8948881209582238883EC912E230BC0623038
:20BA600061F49FB7F8948881322F309583238883EC912E2B2C939FBF06C08FB7F894E881BB
:20BA80002E2B28838FBFDF91CF9108951F93CF93DF93182FEB0161E0BDDF209711F460E055
:20BAA00004C0CF3FD10531F461E0812FDF91CF911F9182CFE12FF0E0E258F94DE4918E2F65
:20BAC00090E0FC013197E231F10508F09DC08827EF56FF4F8F4F0C94DBF784B5806884BDDF
:20BAE000C7BD97C084B5806284BDC8BD92C080918000806880938000D0938900C093880065
:20BB000088C080918000806280938000D0938B00C0938A007EC080918000886080938000C2
:20BB2000D0938D00C0938C0074C08091B00080688093B000C093B3006CC08091B0008062C1
:20BB40008093B000C093B40064C080919000806880939000D0939900C09398005AC08091B9
:20BB60009000806280939000D0939B00C0939A0050C080919000886080939000D0939D0089
:20BB8000C0939C0046C08091A00080688093A0008091A0008F7B8093A000D093A900C09397
:20BBA000A80037C08091A00080628093A000D093AB00C093AA002DC08091A00088608093FC
:20BBC000A000D093AD00C093AC0023C080912001806880932001D0932901C093280119C0A3
:20BBE00080912001806280932001D0932B01C0932A010FC080912001886080932001D09370
:20BC00002D01C0932C0105C0C038D1050CF04CCF46CFDF91CF911F9108958F929F92AF9207
:20BC2000BF92CF92DF92EF92FF926B017C0177DE4B015C01C114D104E104F104E9F06FDE3E
:20BC4000DC01CB0188199909AA09BB09883E9340A105B10578F321E0C21AD108E108F10889
:20BC600088EE880E83E0981EA11CB11CC114D104E104F10421F7DECFFF90EF90DF90CF90F0
:20BC8000BF90AF909F908F9008952FB7F8946091D7137091D8138091D9139091DA132FBFF9
:20BCA00008951F920F920FB60F9211242F933F938F939F93AF93BF938091D7139091D81377
:20BCC000A091D913B091DA133091D61323E0230F2D3720F40196A11DB11D05C026E8230F9A
:20BCE0000296A11DB11D2093D6138093D7139093D813A093D913B093DA138091DB1390910A
:20BD0000DC13A091DD13B091DE130196A11DB11D8093DB139093DC13A093DD13B093DE1354
:20BD2000BF91AF919F918F913F912F910F900FBE0F901F9018958091A6049091A7044AE07B
:20BD400050E060E070E001960E940CEFCB0108958091A6049091A7044AE050E060E070E015
:20BD600001960C94E1ED4F925F926F927F928F929F92AF92BF92CF92DF92EF92FF920F9370
:20BD80001F93CF93DF936C01EB0129013A01470158010E945E7A83E08093A002D0920E10AC
:20BDA000C0920D10D0930C10C0930B1020E030E048EC52E4C301B2010E94FDF00E9428F6E7
:20BDC00060930710709308108093091090930A100E949EF06B017C0120E030E048EC52E442
:20BDE000C501B4010E94FDF0A70196010E94E3F40E9428F66093031070930410809305107C
:20BE00009093061020E030E048EC52E4688179818A819B810E94FDF0A70196010E94E3F41E
:20BE20000E942DF66093FF0F709300108093011090930210DF91CF911F910F91FF90EF90A2
:20BE4000DF90CF90BF90AF909F908F907F906F905F904F9008954F925F926F927F928F92BA
:20BE60009F92AF92BF92CF92DF92EF92FF920F931F93CF93DF936C01EB0129013A014701ED
:20BE800058010E945E7A83E08093A002D0920E10C0920D10D0930C10C0930B10C301B20164
:20BEA0000E9428F660930710709308108093091090930A100E949EF06B017C019B01AC01D2
:20BEC000C501B4010E94E3F40E9428F660930310709304108093051090930610A7019601F1
:20BEE000688179818A819B810E94E3F40E942DF66093FF0F7093001080930110909302108D
:20BF000088E497E59093A2028093A102DF91CF911F910F91FF90EF90DF90CF90BF90AF9032
:20BF20009F908F907F906F905F904F900895AF92BF92CF92DF92EF92FF920F931F93CF930E
:20BF4000DF935C017B016A01E9010E945E7A83E08093A002B0920E10A0920D10F0920C1062
:20BF6000E0920B10A601DD0C660B770B40930710509308106093091070930A10CE01DD0FE8
:20BF8000AA0BBB0B841B950BA60BB70B8093031090930410A0930510B0930610F70180817D
:20BFA0009181092E000CAA0BBB0B841B950BA60BB70B8093FF0F90930010A0930110B09324
:20BFC000021081E790E59093A2028093A1021093FE0F0093FD0FDF91CF911F910F91FF90F7
:20BFE000EF90DF90CF90BF90AF900895CF92DF92EF92FF920F931F93CF93DF936C018B01C4
:20C00000EA0179010E945E7A83E08093A002D0920E10C0920D1010930C1000930B10AE011E
:20C02000DD0F660B770B40930710509308106093091070930A10C701FF0CAA0BBB0B841B26
:20C04000950BA60BB70B8093031090930410A0930510B0930610F80180819181092E000C80
:20C06000AA0BBB0B841B950BA60BB70B8093FF0F90930010A0930110B093021087E39AEDB5
:20C080009093A2028093A102DF91CF911F910F91FF90EF90DF90CF9008956F927F928F9257
:20C0A0009F92AF92BF92CF92DF92EF92FF920F931F93CF93DF93EC019B013A0163E070E05A
:20C0C0000E94C8F7BC018901A301A0E0B0E0A817B907C4F4F801C080D180E280F380FA0173
:20C0E00080809180A280B380F80181929192A192B1928F01FA01C192D192E192F192AF014E
:20C100001196E5CF880F991F880F991FD901A80FB91FF301E80FF91F6C177D070CF03FC0B8
:20C120000D911D912D913C911397C080D180E280F380CD92DD92ED92FC921397008311837C
:20C140002283338314960D911D912D913C911797C480D580E680F7801496CD92DD92ED92E8
:20C16000FC921797048315832683378318960D911D912D913C911B97C084D184E284F38454
:20C180001896CD92DD92ED92FC921B9700871187228733876D5F7F4F1C963C96BDCFDF91C8
:20C1A000CF911F910F91FF90EF90DF90CF90BF90AF909F908F907F906F9008952F923F92DA
:20C1C0004F925F926F927F928F929F92AF92BF92CF92DF92EF92FF920F931F93CF93DF938B
:20C1E00000D01F92CDB7DEB71C018B015A0165E070E00E94C8F79C838B834C011A83098308
:20C200006501412C512C3201E12CF12C2B813C81E216F306E4F4E981FA8161917191819154
:20C220009191FA83E983F60121913191419151916F010E94FDF09B01AC01C301B2010E9473
:20C24000E4F42B013C01FFEFEF1AFF0ADFCF8B819C81880F991F880F991F9801280F391F00
:20C260003A832983A80EB91E821493040CF076C0F5012081318142815381E981FA816081C3
:20C280007181828193810E94FDF06B017C01F5012481358146815781E981FA81648175816D
:20C2A000868197810E94FDF09B01AC01C701B6010E94E4F46B017C01F5012085318542858D
:20C2C0005385E981FA8160857185828593850E94FDF09B01AC01C701B6010E94E4F46B016A
:20C2E0007C01F5012485358546855785E981FA8164857585868597850E94FDF09B01AC01FA
:20C30000C701B6010E94E4F46B017C01F5012089318942895389E981FA8160897189828968
:20C3200093890E94FDF09B01AC01C701B6010E94E4F49B01AC01C301B2010E94E4F42B01AA
:20C340003C01F5E08F0E911C29813A812C5E3F4F3A83298334E1A30EB11C86CFC301B2013C
:20C360000F900F900F900F90DF91CF911F910F91FF90EF90DF90CF90BF90AF909F908F9069
:20C380007F906F905F904F903F902F900895CF93DF93CDB7DEB7E9970FB6F894DEBF0FBE6E
:20C3A000CDBF789484B5826084BD84B5816084BD85B5826085BD85B5816085BD80916E00F4
:20C3C000816080936E001092810080918100826080938100809181008160809381008091B8
:20C3E00080008160809380008091B10084608093B1008091B00081608093B00080919100D8
:20C4000082608093910080919100816080939100809190008160809390008091A1008260B6
:20C420008093A1008091A10081608093A1008091A00081608093A000809121018260809394
:20C440002101809121018160809321018091200181608093200180917A00846080937A002E
:20C4600080917A00826080937A0080917A00816080937A0080917A00806880937A00109227
:20C48000C1009898A09A82E08093C0001092C50087E08093C4008091C10080618093C10010
:20C4A0008091C10088608093C1008091C10080688093C100E0ECF3E184918F010F5F1F4F3F
:20C4C000882321F00E94DD48F801F6CFE2E5F5E284918F010F5F1F4F882321F00E94DD4879
:20C4E000F801F6CF14B710FF0DC0E7EBF3E184917F019FEFE91AF90A882321F00E94DD4885
:20C50000F701F5CF11FF0DC0E6EAF3E184917F019FEFE91AF90A882321F00E94DD48F7013A
:20C52000F5CF12FF0DC0E4E9F3E184917F019FEFE91AF90A882321F00E94DD48F701F5CF50
:20C5400013FF0DC0E3E8F3E184917F019FEFE91AF90A882321F00E94DD48F701F5CF15FFE1
:20C560000CC0E2E7F3E184918F010F5F1F4F882321F00E94DD48F801F6CF14BEEBE6F3E119
:20C5800084918F010F5F1F4F882321F00E94DD48F801F6CF80E20E94DD48E0E6F3E1849101
:20C5A0008F010F5F1F4F882321F00E94DD48F801F6CF8AE00E94DD48E2E5F5E284918F015A
:20C5C0000F5F1F4F882321F00E94DD48F801F6CFE0E5F3E184918F010F5F1F4F882321F068
:20C5E0000E94DD48F801F6CFEFE3F3E184918F010F5F1F4F882321F00E94DD48F801F6CF4E
:20C60000ECE1F3E184918F010F5F1F4F882321F00E94DD48F801F6CFE5E0F3E184918F0179
:20C620000F5F1F4F882321F00E94DD48F801F6CFE2E5F5E284918F010F5F1F4F882321F002
:20C640000E94DD48F801F6CF8091DF139091E0138E010F5F1F4FB801009719F0681B790B73
:20C6600002C0655E734186EF92E10E941B4D60EB74E08FED92E10E941B4D8AE00E94DD48C6
:20C6800081E080935B0A80935C0A80935D0A80935E0A0E9478868CE0EBE2F0E1ABE4BAE080
:20C6A00001900D928A95E1F70E949747249A80910101806280930101809101018061809304
:20C6C00001018091010180648093010187ED80937A0010927E0010927D0080917D00806896
:20C6E00080937D0080917D00806480937D0080E888BD80916E00846080936E006AEF70E06E
:20C7000080E090E08ADA85E090E09093460A8093450AE0901802F0901902C7010E947CD759
:20C7200020E030E040EA50E40E9498F087FF08C080E1E81AF108F0921902E0921802E9CFD6
:20C740008CE291E09093170280931602E090430AF090440AC7010E947CD720E030E046E90C
:20C7600053E40E940AF7181644F490E1E90EF11CF092440AE092430AE9CFE0901402F090B7
:20C780001502C7010E94A68D20E030E040EA50E40E9498F087FF08C080E1E81AF108F09221
:20C7A0001502E0921402E9CFE090410AF090420AC7010E94A68D20E030E046E153E40E94EE
:20C7C0000AF7181644F490E1E90EF11CF092420AE092410AE9CF98E288E10FB6F894A895C9
:20C7E000809360000FBE90936000819A879A80910A01826080930A010E9A3B9A579A5F9AB7
:20C80000829A8A9A809107018160809307019FB7F894809108018160809308019FBF0A9AC8
:20C82000129A3F9A479A6D98809104018D7F809304015398809A88985F9A1092470A869A22
:20C840008E988A9A1092480A80910A01886080930A019FB7F89480910B01877F80930B0154
:20C860009FBF9FB7F894809108018160809308019FBF1092490A0C9A1498129A399A419864
:20C88000809181008F7E8093810080918100886080938100809180008D7F80938000809116
:20C8A00080008E7F80938000809180008F7380938000809180008F7C809380008091810071
:20C8C000887F82608093810080E090E49093890080938800109285001092840080916F00F3
:20C8E000826080936F0081E080931A0278940E948D5B6BE070E085E191E10E94D7CAE09187
:20C900001511F0E0CF01880F991FE80FF91FE855FF4E80818F7B80836AE570E085E191E1E4
:20C920000E94A56210924A0A0E949D5A88E0ECE4F3E0DE01D29601900D928A95E1F788E0DE
:20C94000E4E5F3E0DE019A9601900D928A95E1F788E0ECE5F3E0DE01929601900D928A95A3
:20C96000E1F788E0E4E6F3E0D80101900D928A95E1F7BE016E5C7F4F80E00E944CD8BE019E
:20C98000665D7F4F81E00E944CD8BE016E5D7F4F82E00E944CD8B80183E00E944CD80E94DB
:20C9A00045D8E4EDF2E19F01245D32418491882311F03196F8CF8CE090E0821B930B97FD28
:20C9C00001968C011595079560E0802F0E9434D880E00E9487CC85EA92E10E94A08981E0ED
:20C9E0000E9487CC61E0802F0E9434D88CE992E10E94A08984ED92E10E94A08962E0802F51
:20CA00000E9434D882E00E9487CC85E992E10E94A08983E00E9487CC63E080E00E9434D8BC
:20CA200015E1115019F4E0ECF2E106C060E286E490E10E944176F5CF9F01205C324184914F
:20CA4000882311F03196F8CF84E190E0821B930B97FD01969595879563E00E9434D88CEAB4
:20CA600092E10E94A08900E010E062E370E080E090E0D3D80E94628E0F5F1F4F07321105DB
:20CA8000A1F762E370E080E090E0C7D80E94D88950E6452E6EED662E63E1762ECE01019611
:20CAA0005C0170E0872E70E0972E2DE0222E3AE0332E40E2542E8091FD0B843010F40E9410
:20CAC000734A8091CA138823E9F0DFD80091C6131091C7132091C8133091C913DC01CB01B9
:20CAE000801B910BA20BB30BB7FF0CC01092CA1380914711811101C10E948CAD8091471192
:20CB00008111FBC08091FD0B882309F498C080914411882309F482C00091FC0B409E800168
:20CB200011240458154F61E274E1C8010E9450F0892BF9F081E193E10E948FD481E193E16F
:20CB40000E948F9A1092451110924411EEE0F4E184918F010F5F1F4F882341F00E94DD4854
:20CB6000F801F6CF80914511811158C00E945ACA57C0F80101900020E9F731977F01E01A3D
:20CB8000F10A109211136EE470E0C8010E9429F86C01009739F491E0E91AF108F801EE0D14
:20CBA000FF1D0EC060E270E00E9429F88C010F5F1F4F6AE270E0C6010E9429F8FC013197E2
:20CBC000218232821382F80101900020E9F73197AF01401B510BB80181E193E10E94C1D4EA
:20CBE00080911113882309F4BDCFE3ECFDE184918F010F5F1F4F882321F00E94DD48F80122
:20CC0000F6CFE7ECF3E184918F010F5F1F4F882309F4A8CF0E94DD48F801F5CF0E94971338
:20CC20008091FD0B882359F081508093FD0B8091FC0B90E00196837099278093FC0B8091FE
:20CC40007B0A882309F450C0E2E5F5E284918F010F5F1F4F882321F00E94DD48F801F6CF37
:20CC6000EFEFF3E184918F010F5F1F4F882321F00E94DD48F801F6CF80917B0A80FD40C02D
:20CC800080917B0A84FD3CC090E2F92E80917B0A81FD53C080917B0A85FD4FC000E28091A7
:20CCA0007B0A82FD66C080917B0A86FD62C010E28AE00E94DD481F925F921F921F931F9236
:20CCC0000F931F92FF927F926F92BF92AF920E946AF060E0C5010E944C5810927B0A0FB698
:20CCE000F894DEBF0FBECDBF0E94B6C68114910409F4E1CE0E940000D8CE0E94DBAC02CF7C
:20CD000060916F0A7091700A8091710A9091720A0E949EF020915F0A3091600A4091610A54
:20CD20005091620A0E94FDF0AB01BC018BEF93E10E94784F88E5F82EA9CF6091730A7091DD
:20CD4000740A8091750A9091760A0E949EF02091630A3091640A4091650A5091660A0E9474
:20CD6000FDF0AB01BC0187EF93E10E94784F09E596CF6091770A7091780A8091790A90910D
:20CD80007A0A0E949EF02091670A3091680A4091690A50916A0A0E94FDF0AB01BC0183EF87
:20CDA00093E10E94784F1AE583CF4F925F926F927F928F929F92AF92BF92CF92DF92EF922A
:20CDC000FF92CF93DF9300D000D0CDB7DEB79E838D83DC014D905D906D907C901397149600
:20CDE0008D909D90AD90BC90179718968D919D910D90BC91A02D89839A83AB83BC83A301C7
:20CE00009201C301B2010E94FDF06B017C01A5019401C501B4010E94FDF09B01AC01C7013A
:20CE2000B6010E94E4F46B017C0129813A814B815C81CA01B9010E94FDF09B01AC01C701A5
:20CE4000B6010E94E4F40E944FF76B017C019B01AC01C301B2010E94C0F5ED81FE816083E9
:20CE6000718382839383A7019601C501B4010E94C0F5AD81BE8114966D937D938D939C931C
:20CE80001797A701960169817A818B819C810E94C0F5ED81FE816087718782879387269695
:20CEA0000FB6F894DEBF0FBECDBFDF91CF91FF90EF90DF90CF90BF90AF909F908F907F9094
:20CEC0006F905F904F900895CF93DF938DE093E10E945AC683EB91E1892B51F484E991E1B9
:20CEE0000E945AC683E791E1DF91CF910C945AC6C0E0D0E0CE0186539D4E0E945AC66F9759
:20CF0000CA3C8EEFD807B1F7E9CF2F923F924F925F926F927F928F929F92AF92BF92CF9294
:20CF2000DF92EF92FF920F931F93CF93DF93181619060CF0A5C049012A013B011C0120E0CA
:20CF400030E0A901C301B2010E9498F0882309F497C0E101C370DD2754016801E12CF12C76
:20CF6000CE15DF05E9F0F50121913191419151915F01C301B2010E94FDF09B01AC01F6014D
:20CF800060817181828193810E94E4F4F60161937193819391936F01FFEFEF1AFF0AE0CFE7
:20CFA0009E01220F331F220F331F020F131F820E931EC215D3050CF063C0F4012081318132
:20CFC00042815381C301B2010E94FDF09B01AC01F80160817181828193810E94E4F4F80115
:20CFE0006083718382839383F4012481358146815781C301B2010E94FDF09B01AC01F80108
:20D0000064817581868197810E94E4F4F8016483758386839783F4012085318542855385B2
:20D02000C301B2010E94FDF09B01AC01F80160857185828593850E94E4F4F801608771875C
:20D0400082879387F4012485358546855785C301B2010E94FDF09B01AC01F8016485758583
:20D06000868597850E94E4F4F80164877587868797872496005F1F4FF0E18F0E911C99CFFA
:20D08000DF91CF911F910F91FF90EF90DF90CF90BF90AF909F908F907F906F905F904F90DC
:20D0A0003F902F9008952F923F924F925F926F927F928F929F92AF92BF92CF92DF92EF9298
:20D0C000FF920F931F93CF93DF93181619060CF085C0FB011C0181E02816310491F4C08057
:20D0E000D180E280F38020E030E0A901C701B6010E9498F087FF75C0F7FAF094F7F8F09404
:20D1000070C08B01812C912C80E8A82E8FE3B82E412C512C612C712CC0E0D0E0F801C190A5
:20D12000D190E190F1908F0120E030E0A901C701B601FED7882309F441C020E030E0A9019B
:20D14000C701B601F5D787FF04C0F7FAF094F7F8F0949201A301C701B6010E940AF71816CB
:20D16000DCF4A7019601B201C3010E94C0F52B013C01A50194010E94FDF0A30192010E94C6
:20D18000FDF020E030E040E85FE30E94E4F44B015C012601370112C09201A301C701B6011E
:20D1A0000E94C0F59B01AC010E94FDF09B01AC01C501B4010E94E4F44B015C0121962C1660
:20D1C0003D0609F0ABCFC501B4010E944FF79201A3010E94FDF06B017C0103C0C12CD12CDA
:20D1E0007601C701B601DF91CF911F910F91FF90EF90DF90CF90BF90AF909F908F907F9052
:20D200006F905F904F903F902F900895CF92DF92EF92FF920F931F93CF93DF938C01EB0191
:20D2200069017A010E945E7A83E08093A00210930E1000930D10D0930C10C0930B102AE00F
:20D2400037ED43E25CE3C701B601D7D70E9428F660930710709308108093091090930A10CB
:20D260006DD76B017C019B01AC0160E070E887E794E40E94E3F40E9428F660930310709378
:20D28000041080930510909306102AE037ED43E25CE3688179818A819B81AFD7A7019601B8
:20D2A0000E94E3F40E942DF66093FF0F70930010809301109093021087E494E59093A20218
:20D2C0008093A102DF91CF911F910F91FF90EF90DF90CF900895CF92DF92EF92FF920F9379
:20D2E0001F93CF93DF938C01EB0169017A010E945E7A83E08093A00210930E1000930D1047
:20D30000D0930C10C0930B10C701B60115D72AE037ED43E25CE371D70E9428F66093071011
:20D32000709308108093091090930A1007D76B017C019B01AC0160E070E887E794E40E9439
:20D34000E3F40E9428F660930310709304108093051090930610688179818A819B81ECD6EC
:20D360002AE037ED43E25CE348D7A70196010E94E3F40E942DF66093FF0F70930010809358
:20D380000110909302108BE993E59093A2028093A10282E49FEB9093FE0F8093FD0FDF912F
:20D3A000CF911F910F91FF90EF90DF90CF900895CF9310924910109248108AEB93E09093E2
:20D3C000471080934610C0E1C0934A108FEF80934B1081E180934C1087E180934D1089E140
:20D3E00080934E108BE180934F108DE18093501010925110109252101092531010925410EB
:20D400001092551061E080E10E94B5AB1092A7101092A610E6E9F0E1DF012C2F1D922A9567
:20D42000E9F7E6E8F0E1DF011D92CA95E9F71092821010928310109284101092851080E069
:20D4400090E0A0E8BFE380935E1090935F10A0936010B093611010926210109263101092FD
:20D460006410109265101092661010926710109268101092691010926A1010926B101092E0
:20D480006C1010926D1080936E1090936F10A0937010B0937110109272101092731010925C
:20D4A0007410109275101092761010927710109278101092791010927A1010927B10109220
:20D4C0007C1010927D1080937E1090937F10A0938010B09381101092771110927A111092AE
:20D4E0007611109275118CEC93E090937411809373111092981110929B11109297111092CE
:20D5000096119093951180939411E3EBF1E11482178213821282918380837F96B2E1E93E05
:20D52000FB07A9F789E18093EB121092EE121092061310921113109214131092101310927C
:20D540000F138CEC93E090930E1380930D13109245111092441110924711109246111092C3
:20D56000BE131092BF131092C0131092C1131092C2131092C3131092C4131092C5131092F7
:20D58000E91210922C1386E391E0E3EBF1E1DF019C011D9221503040E1F781E08093CA13FF
:20D5A00010927211109271110E9445DEDC01CB0188579C4EAF4FBF4F8093C6139093C713F6
:20D5C000A093C813B093C913109237111092361110923C1110923D1110923E1110923F1189
:20D5E00010924011109241111092421110924311109238111092391110923A1110923B11A7
:20D6000086EC93E0909319118093181184E080932511109223111092221110922411389A9B
:20D62000409810921E1110921F11109220111092211180911411843220F08FEF8093151115
:20D6400013C091E0980F909314118093151190E0FC01EE0FFF1F8E0F9F1FFC01E855FF4EF4
:20D6600088EB9BE092838183CF910895EF92FF920F931F93CF93DF93D82F7A018901F90166
:20D68000CF01801B910B21912111FACFC2E1C81B80E00E9434D8DD2311F08EE301C080E2AD
:20D6A0000E9487CCF7016491662359F0CC2349F086E490E10E944176C150FFEFEF1AFF0A49
:20D6C000F1CF8AE30E9487CCCC2329F080E20E9487CCC150F9CFC801DF91CF911F910F9107
:20D6E000FF90EF900C948B890F931F93CF93DF93C82FD42F80E00E9434D8C11102C080E242
:20D7000001C08EE30E9487CC80915611882329F01092681106E511E102C009E411E1C2E16A
:20D72000F80161918F01662319F0C1110FC007C0CC2329F080E20E9487CCC150F9CF8D2F80
:20D74000DF91CF911F910F910C9487CC86E490E10E944176C150E4CFEF92FF920F931F9358
:20D76000CF93DF93D82F8A01790180E090E0F701E80FF91FE491EE2311F00196F8CFC2E16A
:20D78000C81B80E00E9434D8DD2311F08EE301C080E20E9487CCF8016491662351F0CC2367
:20D7A00041F086E490E10E944176C1500F5F1F4FF2CF8AE30E9487CCCC2329F080E20E94E8
:20D7C00087CCC150F9CFC701DF91CF911F910F91FF90EF900C94A0898F929F92AF92BF927A
:20D7E000CF92DF92EF92FF92CF93DF93EC01688179818A819B81611571058105910521F45D
:20D8000064E279ED8BE597E02DE133EF41E050E00E94A8F449015A019B01AC01A7EAB1E4A2
:20D820000E94C4F46B017C01ACEEB4EFA50194010E94D0F4DC01CB018C0D9D1DAE1DBF1D24
:20D84000B7FF03C00197A109B04888839983AA83BB83BC01CD019F77DF91CF91FF90EF9004
:20D86000DF90CF90BF90AF909F908F9008958F929F92AF92BF92CF92DF92EF92FF926091A8
:20D88000E4027091E5028091E6029091E702611571058105910521F464E279ED8BE597E007
:20D8A0002DE133EF41E050E00E94A8F449015A019B01AC01A7EAB1E40E94C4F46B017C0152
:20D8C000ACEEB4EFA50194010E94D0F4DC01CB018C0D9D1DAE1DBF1DB7FF03C00197A1090C
:20D8E000B0488093E4029093E502A093E602B093E702BC01CD019F77FF90EF90DF90CF9069
:20D90000BF90AF909F908F9008956093E4027093E5028093E6029093E70208958F929F92D5
:20D92000AF92BF92CF92DF92EF92FF920F931F93CF93DF93EC016B016115710519F0FB01FF
:20D94000918380837E01FFEFEF1AFF0A0881802F90E06CD3892B11F0E701F4CF0D3239F47E
:20D960007E0182E0E80EF11C098111E008C00B3229F47E0192E0E90EF11C098110E0E701CF
:20D98000219743E050E06AE971E0CE0162D3892BB9F4239645E050E065E971E0CE0159D3CB
:20D9A000892B09F42596C114D10419F0F601D183C0831111F0C060E070E080E89FE7F4C0B6
:20D9C00043E050E062E971E0CE0143D3892B59F4C114D10409F4E4C0F2E0EF0EF11CF60154
:20D9E000F182E082DDC020E030E0A901C0E0D0E0F70160EDA62EA00E89E08A1528F1912F03
:20DA00009260B92E812F887012FF04C0811123C0219621C081112197A5E0B0E0B5D7DC01DB
:20DA2000CB01880F991FAA1FBB1F9C01AD012A0D311D411D511D283989E93807480789E1C1
:20DA4000580748F0166006C09EEFA9120AC013FD40C01860B12E8FEFE81AF80A00811B2D2F
:20DA6000C7CF802F8F7D8534A1F580818D3211F4106106C08B3221F0319661E070E004C020
:20DA80008181329662E070E080538A3018F0E61BF70B1FC060E070E060389CE079075CF43F
:20DAA000DB01AA0FBB1FAA0FBB1F6A0F7B1F660F771F680F711D3196DF0111978C91805302
:20DAC0008A3050F314FF03C0719561957109C60FD71F11FF08C0C114D10429F0CF0101972F
:20DAE000F60191838083CA01B90126D3212F2370233019F04B015C0106C04B015C01B7FA92
:20DB0000B094B7F8B09420E030E0A901C501B4010FD3882309F43CC0D7FF06C0D195C195BB
:20DB2000D10901EB11E002C009EC11E06801F8E1CF1AD10890E2E92EF12CCE15DF056CF0B9
:20DB4000F8012591359145915491C501B40155D34B015C01CE19DF09F0CF04501109F594C4
:20DB6000E7940C151D0549F78A2D880F8B2D881F8F3F41F020E030E0A901C501B401D8D21C
:20DB8000811106C082E290E09093E4138093E313C501B40109C060E070E080E89FEF04C0A8
:20DBA00060E070E080EC9FE7DF91CF911F910F91FF90EF90DF90CF90BF90AF909F908F900B
:20DBC00008953F924F925F926F927F928F929F92AF92BF92CF92DF92EF92FF920F931F93D7
:20DBE000CF93DF935C016B017A016115710519F0FB0191838083E114F10429F0C7010297A1
:20DC0000839708F0E2C0E5012196F5011081812F90E00CD2892B11F05E01F5CF1D3229F4EA
:20DC20002196F501118101E007C01B3221F4E5012296F501118100E0E114F10409F1F0E1E0
:20DC4000EF16F10429F43EC010E3E114F10421F128E0E216F10401F154F4E2E0EE16F104D6
:20DC600021F5812C912CA12CB0E4BB2E3DC0FAE0EF16F10439F020E1E216F104B1F42FC05E
:20DC8000103311F1FAE0EF2EF12CACEC8A2E982CA82CACE0BA2E28C078E0E72EF12C812CB0
:20DCA000912CA12CE0E1BE2E1FC060E070E080E090E897010F2C000C440B550B27D6490111
:20DCC0005A0112C0103359F488818F7D883509F0BBCF19812296026080E1E82EF12C812C3D
:20DCE000912CA12C68E0B62E40E060E070E0CB0127010F2C000C66087708FE0150ED352EF7
:20DD0000310E29E0231570F42FEB210F2A3118F439EC332E06C02FE9210F2A3110F529EA67
:20DD2000322E310E232D30E02E153F05D4F447FD15C086169706A806B90668F0A301920147
:20DD4000D6D5630D711D811D911D61307105810520E8920710F04FEF01C041E02196108138
:20DD6000CCCF202F2170C114D10471F0442329F02197F601D183C08307C001FF19C02297FE
:20DD8000F601D183C08314C047FF12C0222329F060E070E080E090E804C06FEF7FEF8FEF35
:20DDA0009FE722E230E03093E4132093E31309C0222381F090958095709561957F4F8F4F06
:20DDC0009F4F462F372F282F12C040E030E020E090E00DC097FFF5CF82E290E09093E4139C
:20DDE0008093E3136FEF7FEF8FEF9FE7EACF642F732F822FDF91CF911F910F91FF90EF907D
:20DE0000DF90CF90BF90AF909F908F907F906F905F904F903F9008953F924F925F926F926C
:20DE20007F928F929F92AF92BF92CF92DF92EF92FF920F931F93CF93DF935C016B017A019D
:20DE40006115710519F0FB0191838083E114F10429F0C7010297839708F0C6C0E501219621
:20DE6000F5011081812F90E0E1D0892B11F05E01F5CF1D3229F42196F501118101E007C01F
:20DE80001B3221F4E5012296F501118100E0E114F104B1F0F0E1EF16F10429F4AEC010E346
:20DEA000E114F10401F12AE0E216F104A9F180E1E816F10471F0E8E0EE16F104F1F413C0C7
:20DEC000103339F588818F7D883549F7198122960260F0E1EF2EF12C88248A94982CA82C9E
:20DEE000AFE0BA2E1FC078E0E72EF12C88248A94982CA82CEFE1BE2E15C06FEF7FEFCB01B7
:20DF000097010F2C000C440B550B00D549015A0109C08AE0E82EF12C69E9862E982CA82CF5
:20DF200069E1B62E40E060E070E0CB0127010F2C000C66087708FE0150ED352E310E29E0F4
:20DF4000231570F42FEB210F2A3118F439EC332E06C02FE9210F2A3128F529EA322E310EB6
:20DF6000232D30E02E153F05ECF44F3FC1F086169706A806B90680F0A3019201B8D4232D72
:20DF800030E040E050E0620F731F841F951F621773078407950710F44FEF01C041E02196D2
:20DFA0001081C9CFC114D10451F0442311F0219703C001FF04C02297F601D183C08300FF60
:20DFC00007C090958095709561957F4F8F4F9F4F4F3F79F482E290E09093E4138093E313B9
:20DFE0003FEF2FEF9FEF0DC040E030E020E090E008C0462F372F282F04C0103309F069CFA8
:20E0000061CF642F732F822FDF91CF911F910F91FF90EF90DF90CF90BF90AF909F908F9012
:20E020007F906F905F904F903F900895911145C3803219F089508550D0F70895FB01DC0148
:20E040000D900020E9F7119705900D920020E1F70895FB01DC014150504088F08D9181346D
:20E060001CF08B350CF4805E659161341CF06B350CF4605E861B611171F3990B0895881BA6
:20E08000FCCFFB01DC014150504048F005900D920020C9F701C01D9241505040E0F708956A
:20E0A000FB0155915523A9F0BF01DC014D9145174111E1F759F4CD010590002049F04D9185
:20E0C00040154111C9F3FB014111EFCF81E090E0019708950F931F93CF93DF93CDB7DEB78A
:20E0E0002E970FB6F894DEBF0FBECDBF0E891F898EE08C831A8309838FEF9FE79E838D83FA
:20E10000AE01465E5F4F688D798DCE010196D8D0EF81F885E00FF11F10822E960FB6F89462
:20E12000DEBF0FBECDBFDF91CF911F910F91089540D008F481E00895E89409C097FB3EF419
:20E1400090958095709561957F4F8F4F9F4F9923A9F0F92F96E9BB279395F6958795779537
:20E160006795B795F111F8CFFAF4BB0F11F460FF1BC06F5F7F4F8F4F9F4F16C0882311F0AD
:20E1800096E911C0772321F09EE8872F762F05C0662371F096E8862F70E060E02AF09A95E8
:20E1A000660F771F881FDAF7880F9695879597F90895990F0008550FAA0BE0E8FEEF161627
:20E1C0001706E807F907C0F012161306E407F50798F0621B730B840B950B39F40A2661F0FB
:20E1E000232B242B252B21F408950A2609F4A140A6958FEF811D811D08950BD028C319D32E
:20E2000028F01ED318F0952309F00AC30FC3112452C32ED3A0F3959FD1F3950F50E0551F7F
:20E22000629FF001729FBB27F00DB11D639FAA27F00DB11DAA1F649F6627B00DA11D661F37
:20E24000829F2227B00DA11D621F739FB00DA11D621F839FA00D611D221F749F3327A00DA2
:20E26000611D231F849F600D211D822F762F6A2F11249F5750408AF0E1F088234AF0EE0F39
:20E28000FF1FBB1F661F771F881F91505040A9F79E3F510570F0C4C20EC35F3FECF3983E76
:20E2A000DCF3869577956795B795F795E7959F5FC1F7FE2B880F911D9695879597F9089580
:20E2C0002F923F924F925F926F927F928F929F92AF92BF92CF92DF92EF92FF920F931F93AC
:20E2E000CF93DF93CDB7DEB72B970FB6F894DEBF0FBECDBF6C017B018A01FC011782168286
:20E30000838181FFBFC1CE0101963C01F6019381F70193FD859193FF81917F01882309F4E1
:20E32000ADC1853239F493FD859193FF81917F01853221F4B60190E0D9D1E8CF912C212C63
:20E34000312CFFE1F315D8F08B3279F038F4803279F08332A1F4232D20611DC08D3261F03B
:20E36000803369F4232D216016C0832D8260382EE32DE4603E2E2AC0F32DF8601DC037FCBC
:20E380002DC020ED280F2A3040F08E32B9F436FC75C1232D2064322E19C036FE06C08AE07C
:20E3A000989E200D1124922E11C0EAE02E9E200D1124222EF32DF0623F2E08C08C3621F46E
:20E3C000832D8068382E02C0883641F4F70193FD859193FF81917F018111B3CF982F9F7DD1
:20E3E0009554933028F40C5F1F4F9FE399830DC0833631F0833771F0833509F055C020C076
:20E40000F801808189830E5F1F4F88248394912C530112C02801F2E04F0E511CF801A08097
:20E42000B18036FE03C0692D70E002C06FEF7FEFC50151D14C018201F32DFF773F2E15C0B0
:20E44000280122E0420E511CF801A080B18036FE03C0692D70E002C06FEF7FEFC50130D158
:20E460004C01F32DF0683F2E820133FC19C0822D90E088169906A0F4B60180E290E036D15F
:20E480002A94F5CFF50137FC859137FE81915F01B60190E02BD121102A9421E0821A9108CC
:20E4A0008114910479F7E1C0843611F0893639F5F80137FE07C060817181828193810C5F2F
:20E4C0001F4F08C060817181072E000C880B990B0E5F1F4FF32DFF763F2E97FF09C090955A
:20E4E0008095709561957F4F8F4F9F4FF0683F2E2AE030E0A30136D1882E861844C08537D4
:20E5000031F4232D2F7EB22E2AE030E025C0932D997FB92E8F36C1F018F4883579F0AEC025
:20E52000803719F0883721F0A9C0E92FE061BE2EB4FE0DC0FB2DF460BF2E09C034FE0AC0F0
:20E54000292F2660B22E06C028E030E005C020E130E002C020E132E0F801B7FE07C060811E
:20E560007181828193810C5F1F4F06C06081718180E090E00E5F1F4FA301F4D0882E8618B9
:20E58000FB2DFF773F2E36FE0DC0232D2E7FA22E891458F434FE0BC032FC09C0832D8E7E09
:20E5A000A82E05C0B82CA32C03C0B82C01C0B92CA4FE0FC0FE01E80DF11D8081803321F484
:20E5C0009A2D997EA92E09C0A2FE06C0B394B39404C08A2D867809F0B394A3FC10C0A0FE03
:20E5E00006C0B21480F4280C922C9B180DC0B21458F4B60180E290E079D0B394F8CFB214F1
:20E6000018F42B1802C0982C212CA4FE0FC0B60180E390E06BD0A2FE16C0A1FC03C088E75D
:20E6200090E002C088E590E0B6010CC08A2D867851F0A1FE02C08BE201C080E2A7FC8DE24F
:20E64000B60190E053D0891430F4B60180E390E04DD09A94F8CF8A94F301E80DF11D8081FD
:20E66000B60190E043D08110F6CF222009F44ECEB60180E290E03AD02A94F7CFF60186819A
:20E68000978102C08FEF9FEF2B960FB6F894DEBF0FBECDBFDF91CF911F910F91FF90EF905E
:20E6A000DF90CF90BF90AF909F908F907F906F905F904F903F902F9008959927882708959D
:20E6C000FC010590615070400110D8F7809590958E0F9F1F0895FC01615070400190011035
:20E6E000D8F7809590958E0F9F1F08950F931F93CF93DF93FB01238121FD03C08FEF9FEF64
:20E700002CC022FF16C046815781248135814217530744F4A081B1819D012F5F3F4F318370
:20E7200020838C93268137812F5F3F4F3783268314C08B01EC01FB010084F185E02D19953B
:20E74000892BE1F6D80116968D919C911797019617969C938E931697CE01DF91CF911F9120
:20E760000F910895FA01AA27283051F1203181F1E8946F936E7F6E5F7F4F8F4F9F4FAF4F63
:20E78000B1E03ED0B4E03CD0670F781F891F9A1FA11D680F791F8A1F911DA11D6A0F711DE3
:20E7A000811D911DA11D20D009F468943F912AE0269F11243019305D3193DEF6CF010895B7
:20E7C000462F4770405D4193B3E00FD0C9F7F6CF462F4F70405D4A3318F0495D31FD4052E9
:20E7E000419302D0A9F7EACFB4E0A6959795879577956795BA95C9F70097610571050895DC
:20E800009B01AC010A2E06945795479537952795BA95C9F7620F731F841F951FA01D0895CA
:20E8200097F99F6780E870E060E008959FEF80EC089500240A941616170618060906089541
:20E8400000240A9412161306140605060895092E0394000C11F4882352F0BB0F40F4BF2B3F
:20E8600011F460FF04C06F5F7F4F8F4F9F4F089557FD9058440F551F59F05F3F71F0479544
:20E88000880F97FB991F61F09F3F79F087950895121613061406551FF2CF4695F1DF08C043
:20E8A000161617061806991FF1CF86957105610508940895E894BB2766277727CB0197F964
:20E8C0000895F999FECF92BD81BDF89A992780B50895262FF999FECF1FBA92BD81BD20BD94
:20E8E0000FB6F894FA9AF99A0FBE01960895DB018F939F9349D0BF91AF91A29F800D911D4A
:20E90000A39F900DB29F900D11240895A1E21A2EAA1BBB1BFD010DC0AA1FBB1FEE1FFF1F59
:20E92000A217B307E407F50720F0A21BB30BE40BF50B661F771F881F991F1A9469F7609586
:20E940007095809590959B01AC01BD01CF010895052E97FB16F400940FD057FD05D0D6DFE4
:20E9600007FC02D046F408C050954095309521953F4F4F4F5F4F08959095809570956195DF
:20E980007F4F8F4F9F4F08950FD0A59F900DB49F900DA49F800D911D11240895B7FFF4CFC7
:20E9A000F3DF821B930B0895A29FB001B39FC001A39F700D811D1124911DB29F700D811DFC
:20E9C0001124911D08955058BB27AA270ED03FCF30DF30F035DF20F031F49F3F11F41EF403
:20E9E00025CF0EF4E095E7FB1BCFE92F41DF80F3BA17620773078407950718F071F49EF55A
:20EA000059CF0EF4E0950B2EBA2FA02D0B01B90190010C01CA01A0011124FF27591B99F040
:20EA2000593F50F4503E68F11A16F040A22F232F342F4427585FF3CF469537952795A795AA
:20EA4000F0405395C9F77EF41F16BA0B620B730B840BBAF09150A1F0FF0FBB1F661F771FD9
:20EA6000881FC2F70EC0BA0F621F731F841F48F4879577956795B795F7959E3F08F0B3CF5A
:20EA80009395880F08F09927EE0F979587950895D0DE58F080E891E009F49EEFD1DE28F0FD
:20EAA00040E851E059F45EEF09C0C0CE03CFE92FE078DEDE68F3092E052AC1F3261737071E
:20EAC0004807590738F00E2E07F8E02569F0E025E0640AC0EF6307F8009407FADB01B90137
:20EAE0009D01DC01CA01AD01EF9359D0B0DE0AD05F91552331F02BED3FE049E450FD49ECA0
:20EB000063CF0895DF93DD27B92FBF7740E85FE31616170648075B0710F4D92F7FD19F93A0
:20EB20008F937F936F93F9D1E6E4F1E0FED08FDE2F913F914F915F916CDBDD2349F0905837
:20EB4000A2EA2AED3FE049EC5FE3D0785D274DDFDF917DCE48D180F09F3740F491110EF492
:20EB6000AACE60E070E080E89FE3089526F01B16611D711D811DB0C0CAC0FDD0E39522C1F3
:20EB80000CD065CE5DDE40F054DE30F021F45F3F19F046CE51118FCE49CE6ADE98F3992374
:20EBA000C9F35523B1F3951B550BBB27AA2762177307840738F09F5F5F4F220F331F441F82
:20EBC000AA1FA9F333D00E2E3AF0E0E830D091505040E695001CCAF729D0FE2F27D0660F44
:20EBE000771F881FBB1F261737074807AB07B0E809F0BB0B802DBF01FF2793585F4F2AF0E5
:20EC00009E3F510568F00CCE56CE5F3FECF3983EDCF3869577956795B795F7959F5FC9F790
:20EC2000880F911D9695879597F90895E1E0660F771F881FBB1F621773078407BA0720F07F
:20EC4000621B730B840BBA0BEE1F88F7E095089504D06894B1112FCE089512DE88F09F573D
:20EC600090F0B92F9927B751A0F0D1F0660F771F881F991F1AF0BA95C9F712C0B13081F06C
:20EC800019DEB1E0089516CE672F782F8827B85F39F0B93FCCF3869577956795B395D9F74D
:20ECA0003EF490958095709561957F4F8F4F9F4F089599D080F09F3740F491110EF0FBCD6B
:20ECC00060E070E080E89FEB089526F41B16611D711D811D01C01BC0882371F4772321F0C9
:20ECE0009850872B762F07C0662311F499270DC09051862B70E060E02AF09A95660F771F7D
:20ED0000881FDAF7880F9695879597F908959F3F31F0915020F4879577956795B795880F75
:20ED2000911D9695879597F90895DF93CF931F930F93FF92EF92DF927B018C01689405C03C
:20ED4000DA2EEF0166DAFE01E894A5912591359145915591AEF3EF0148DEFE019701A8019B
:20ED6000DA9479F7DF90EF90FF900F911F91CF91DF9108955BCD84DDE8F3E894E0E0BB27F9
:20ED80009F57F0F02AED3FE049EC06C0EE0FBB0F661F771F881F28F0B23A62077307840771
:20EDA00028F0B25A620B730B840BE3959A9572F7803830F49A95BB0F661F771F881FD2F745
:20EDC0009048A7CFEF93E0FF06C0A2EA2AED3FE049EC5FEB0ADE3BDD0F90039401FC905862
:20EDE000E3E7F1E0A4C04CDDA0F0BEE7B91788F4BB279F3860F41616B11D672F782F882777
:20EE0000985FF7CF869577956795B11D93959639C8F30895CED908F48FEF08959B01AC01EE
:20EE200060E070E080E89FE3ABCE2ADD58F19E5758F19851A0F0E9F0983020F5092E99272B
:20EE4000660F771F881F991F0A94D1F712C0062E672F782F8827985F11F4000C07C0993F49
:20EE6000B4F38695779567959395D9F7611D711D811D3EF490958095709561957F4F8F4F13
:20EE80009F4F0895689417CD15CD9F9374DF0F9007FCEE5F97CF11F40EF4C8CC38CFF0DCDD
:20EEA000D0F39923D9F3CEF39F57550B87FF38D00024A0E640EA900180585695979528F4F2
:20EEC000805C660F771F881F20F026173707480730F4621B730B840B202931294A2BA695C9
:20EEE00017940794202531254A2758F7660F771F881F20F026173707480730F4620B730BD6
:20EF0000840B200D311D411DA09581F7B901842F9158880F9695879508959B01AC016DC98C
:20EF200091505040660F771F881FD2F708959F938F937F936F93FF93EF939B01AC015DD94D
:20EF4000EF91FF91F2DE2F913F914F915F9155C9991B79E004C0991F961708F0961B881FCD
:20EF60007A95C9F780950895AA1BBB1B51E107C0AA1FBB1FA617B70710F0A61BB70B881F34
:20EF8000991F5A95A9F780959095BC01CD01089597FB072E16F4009406D077FD08D0E4DF7E
:20EFA00007FC05D03EF4909581959F4F0895709561957F4F0895EE0FFF1F881F8BBF079078
:20EFC000F691E02D1994F0DCB7FF0895821B930B089581E090E0F89474C091110895815454
:20EFE0008A5108F4805E855A0895FB01DC0104C08D910190801921F441505040C8F7881B63
:20F00000990B0895FB01DC0102C001900D9241505040D8F70895FB01DC018D9181341CF09F
:20F020008B350CF4805E619161341CF06B350CF4605E861B611189F3990B0895FB01DC0198
:20F040000D900020E9F7119701900D920020E1F70895FC018191861721F08823D9F79927AE
:20F0600008953197CF010895FB01DC018D91019080190110D9F3990B0895FB01DC01019015
:20F080000D920020E1F70895FB01DC014150504030F08D910190801919F40020B9F7881B5A
:20F0A000990B0895FB01DC014150504048F001900D920020C9F701C01D9241505040E0F765
:20F0C000089513E1C3E6D3E100E005C0802FFE0172DF2196011DC436D10780E00807B1F7E0
:20F0E000F894FFCF010000C842FF0100002A4301010101FF0000803FFF3FFF3FFF3F0101C0
:20F10000640064000106930E45DC9C2D417B549D430C0001001C1F11111F000000061918E5
:20F1200003130C00040E1F041C000000000E1315110E00001C10181705060500040A0A0A7A
:20F140000A11110E0C12120C00000000001F1511151F00009600713D214227FF8243F08EB0
:20F16000C63FCDCCCC3D00007A430000524300005C4300005C4300008C43010000C841047B
:20F18000C0D401000342773344205072696E7465722072656164792E000000000000000040
:20F1A00000000000000000000000000000000000000000000000000000000000000000004F
:20F1C00000000000000040400100000058595A45000001003600370026000300FFFF3C008D
:20F1E0003D0038000E00FFFF2E0030003E001200FFFFFFFF0C00080007000900FFFFFFFFC4
:20F200001A001C001800FFFFFFFF080044000A00FFFF4500FFFFFFFFFFFFFFFFFFFFFFFF17
:20F2200000803B4500803B45000070430000704200000000010204040000001C1C0C040412
:20F240000402010000000000040810000000000000004843000048430000C84400005D44C8
:20F2600000009643000096430000A04000007042E8030000E80300006400000010270000D9
:20F28000563237000400040004000000484200004842000080400000000000000000417618
:20F2A0008375BC42BB42000000002E43000000003FD68375BC42BB4200000000AD758375C8
:20F2C000BC42BB4264697300496E76616C6964206578747275646572000A0A426564204C0E
:20F2E0006576656C20436F7272656374696F6E204D61747269783A004D313038004D3131C6
:20F3000032004D34313000537465707261746520746F6F20686967683A20005072696E74F8
:20F320002061626F72746564006F70656E0054524947474552454400626564005049442055
:20F340004175746F74756E65206661696C65642120426164206578747275646572206E75F5
:20F360006D62657200504944204175746F74756E65207374617274002F0066726573680000
:20F38000646F696E670030303000FFFFFFFFFFFFFFFFFFFFFFFFFFFFFFFFFFFFFFFFFFFFE2
:20F3A000FFFFFFFFFFFFFFFFFFFFFFFFFFFFFFFFFFFFFFFFFFFFFFFFFFFFFFFFFFFFFFFF6D
:20F3C000FFFFFFFFFFFFFFFFFFFFFFFFFFFFFFFFFFFFFFFFFFFFFFFFFFFFFFFFFFFFFFFF4D
:20F3E000FFFFFFFFFFFFFFFFFFFFFFFFFFFFFFFFFFFFFFFFFFFFFFFFFFFFFFFFFFFFFFFF2D
:20F40000FFFFFFFFFFFFFFFFFFFFFFFFFFFFFFFFFFFFFFFFFFFFFFFFFFFFFFFFFFFFFFFF0C
:20F42000FFFFFFFFFFFFFFFFFFFFFFFFFFFFFFFFFFFFFFFFFFFFFFFFFFFFFFFFFFFFFFFFEC
:20F44000FFFFFFFFFFFFFFFFFFFFFFFFFFFFFFFFFFFFFFFFFFFFFFFFFFFFFFFFFFFFFFFFCC
:20F46000FFFFFFFFFFFFFFFFFFFFFFFFFFFFFFFFFFFFFFFFFFFFFFFFFFFFFFFFFFFFFFFFAC
:20F48000FFFFFFFFFFFFFFFFFFFFFFFFFFFFFFFFFFFFFFFFFFFFFFFFFFFFFFFFFFFFFFFF8C
:20F4A000FFFFFFFFFFFFFFFFFFFFFFFFFFFFFFFFFFFFFFFFFFFFFFFFFFFFFFFFFFFFFFFF6C
:20F4C000FFFFFFFFFFFFFFFFFFFFFFFFFFFFFFFFFFFFFFFFFFFFFFFFFFFFFFFFFFFFFFFF4C
:20F4E000FFFFFFFFFFFFFFFFFFFFFFFFFFFFFFFFFFFFFFFFFFFFFFFFFFFFFFFFFFFFFFFF2C
:20F50000FFFFFFFFFFFFFFFFFFFFFFFFFFFFFFFFFFFFFFFFFFFFFFFFFFFFFFFFFFFFFFFF0B
:20F52000FFFFFFFFFFFFFFFFFFFFFFFFFFFFFFFFFFFFFFFFFFFFFFFFFFFFFFFFFFFFFFFFEB
:20F54000FFFFFFFFFFFFFFFFFFFFFFFFFFFFFFFFFFFFFFFFFFFFFFFFFFFFFFFFFFFFFFFFCB
:20F56000FFFFFFFFFFFFFFFFFFFFFFFFFFFFFFFFFFFFFFFFFFFFFFFFFFFFFFFFFFFFFFFFAB
:20F58000FFFFFFFFFFFFFFFFFFFFFFFFFFFFFFFFFFFFFFFFFFFFFFFFFFFFFFFFFFFFFFFF8B
:20F5A000FFFFFFFFFFFFFFFFFFFFFFFFFFFFFFFFFFFFFFFFFFFFFFFFFFFFFFFFFFFFFFFF6B
:20F5C000FFFFFFFFFFFFFFFFFFFFFFFFFFFFFFFFFFFFFFFFFFFFFFFFFFFFFFFFFFFFFFFF4B
:20F5E000FFFFFFFFFFFFFFFFFFFFFFFFFFFFFFFFFFFFFFFFFFFFFFFFFFFFFFFFFFFFFFFF2B
:20F60000FFFFFFFFFFFFFFFFFFFFFFFFFFFFFFFFFFFFFFFFFFFFFFFFFFFFFFFFFFFFFFFF0A
:20F62000FFFFFFFFFFFFFFFFFFFFFFFFFFFFFFFFFFFFFFFFFFFFFFFFFFFFFFFFFFFFFFFFEA
:20F64000FFFFFFFFFFFFFFFFFFFFFFFFFFFFFFFFFFFFFFFFFFFFFFFFFFFFFFFFFFFFFFFFCA
:20F66000FFFFFFFFFFFFFFFFFFFFFFFFFFFFFFFFFFFFFFFFFFFFFFFFFFFFFFFFFFFFFFFFAA
:20F68000FFFFFFFFFFFFFFFFFFFFFFFFFFFFFFFFFFFFFFFFFFFFFFFFFFFFFFFFFFFFFFFF8A
:20F6A000FFFFFFFFFFFFFFFFFFFFFFFFFFFFFFFFFFFFFFFFFFFFFFFFFFFFFFFFFFFFFFFF6A
:20F6C000FFFFFFFFFFFFFFFFFFFFFFFFFFFFFFFFFFFFFFFFFFFFFFFFFFFFFFFFFFFFFFFF4A
:20F6E000FFFFFFFFFFFFFFFFFFFFFFFFFFFFFFFFFFFFFFFFFFFFFFFFFFFFFFFFFFFFFFFF2A
:20F70000FFFFFFFFFFFFFFFFFFFFFFFFFFFFFFFFFFFFFFFFFFFFFFFFFFFFFFFFFFFFFFFF09
:20F72000FFFFFFFFFFFFFFFFFFFFFFFFFFFFFFFFFFFFFFFFFFFFFFFFFFFFFFFFFFFFFFFFE9
:20F74000FFFFFFFFFFFFFFFFFFFFFFFFFFFFFFFFFFFFFFFFFFFFFFFFFFFFFFFFFFFFFFFFC9
:20F76000FFFFFFFFFFFFFFFFFFFFFFFFFFFFFFFFFFFFFFFFFFFFFFFFFFFFFFFFFFFFFFFFA9
:20F78000FFFFFFFFFFFFFFFFFFFFFFFFFFFFFFFFFFFFFFFFFFFFFFFFFFFFFFFFFFFFFFFF89
:20F7A000FFFFFFFFFFFFFFFFFFFFFFFFFFFFFFFFFFFFFFFFFFFFFFFFFFFFFFFFFFFFFFFF69
:20F7C000FFFFFFFFFFFFFFFFFFFFFFFFFFFFFFFFFFFFFFFFFFFFFFFFFFFFFFFFFFFFFFFF49
:20F7E000FFFFFFFFFFFFFFFFFFFFFFFFFFFFFFFFFFFFFFFFFFFFFFFFFFFFFFFFFFFFFFFF29
:20F80000FFFFFFFFFFFFFFFFFFFFFFFFFFFFFFFFFFFFFFFFFFFFFFFFFFFFFFFFFFFFFFFF08
:20F82000FFFFFFFFFFFFFFFFFFFFFFFFFFFFFFFFFFFFFFFFFFFFFFFFFFFFFFFFFFFFFFFFE8
:20F84000FFFFFFFFFFFFFFFFFFFFFFFFFFFFFFFFFFFFFFFFFFFFFFFFFFFFFFFFFFFFFFFFC8
:20F86000FFFFFFFFFFFFFFFFFFFFFFFFFFFFFFFFFFFFFFFFFFFFFFFFFFFFFFFFFFFFFFFFA8
:20F88000FFFFFFFFFFFFFFFFFFFFFFFFFFFFFFFFFFFFFFFFFFFFFFFFFFFFFFFFFFFFFFFF88
:20F8A000FFFFFFFFFFFFFFFFFFFFFFFFFFFFFFFFFFFFFFFFFFFFFFFFFFFFFFFFFFFFFFFF68
:20F8C000FFFFFFFFFFFFFFFFFFFFFFFFFFFFFFFFFFFFFFFFFFFFFFFFFFFFFFFFFFFFFFFF48
:20F8E000FFFFFFFFFFFFFFFFFFFFFFFFFFFFFFFFFFFFFFFFFFFFFFFFFFFFFFFFFFFFFFFF28
:20F90000FFFFFFFFFFFFFFFFFFFFFFFFFFFFFFFFFFFFFFFFFFFFFFFFFFFFFFFFFFFFFFFF07
:20F92000FFFFFFFFFFFFFFFFFFFFFFFFFFFFFFFFFFFFFFFFFFFFFFFFFFFFFFFFFFFFFFFFE7
:20F94000FFFFFFFFFFFFFFFFFFFFFFFFFFFFFFFFFFFFFFFFFFFFFFFFFFFFFFFFFFFFFFFFC7
:20F96000FFFFFFFFFFFFFFFFFFFFFFFFFFFFFFFFFFFFFFFFFFFFFFFFFFFFFFFFFFFFFFFFA7
:20F98000FFFFFFFFFFFFFFFFFFFFFFFFFFFFFFFFFFFFFFFFFFFFFFFFFFFFFFFFFFFFFFFF87
:20F9A000FFFFFFFFFFFFFFFFFFFFFFFFFFFFFFFFFFFFFFFFFFFFFFFFFFFFFFFFFFFFFFFF67
:20F9C000FFFFFFFFFFFFFFFFFFFFFFFFFFFFFFFFFFFFFFFFFFFFFFFFFFFFFFFFFFFFFFFF47
:20F9E000FFFFFFFFFFFFFFFFFFFFFFFFFFFFFFFFFFFFFFFFFFFFFFFFFFFFFFFFFFFFFFFF27
:20FA0000FFFFFFFFFFFFFFFFFFFFFFFFFFFFFFFFFFFFFFFFFFFFFFFFFFFFFFFFFFFFFFFF06
:20FA2000FFFFFFFFFFFFFFFFFFFFFFFFFFFFFFFFFFFFFFFFFFFFFFFFFFFFFFFFFFFFFFFFE6
:20FA4000FFFFFFFFFFFFFFFFFFFFFFFFFFFFFFFFFFFFFFFFFFFFFFFFFFFFFFFFFFFFFFFFC6
:20FA6000FFFFFFFFFFFFFFFFFFFFFFFFFFFFFFFFFFFFFFFFFFFFFFFFFFFFFFFFFFFFFFFFA6
:20FA8000FFFFFFFFFFFFFFFFFFFFFFFFFFFFFFFFFFFFFFFFFFFFFFFFFFFFFFFFFFFFFFFF86
:20FAA000FFFFFFFFFFFFFFFFFFFFFFFFFFFFFFFFFFFFFFFFFFFFFFFFFFFFFFFFFFFFFFFF66
:20FAC000FFFFFFFFFFFFFFFFFFFFFFFFFFFFFFFFFFFFFFFFFFFFFFFFFFFFFFFFFFFFFFFF46
:20FAE000FFFFFFFFFFFFFFFFFFFFFFFFFFFFFFFFFFFFFFFFFFFFFFFFFFFFFFFFFFFFFFFF26
:20FB0000FFFFFFFFFFFFFFFFFFFFFFFFFFFFFFFFFFFFFFFFFFFFFFFFFFFFFFFFFFFFFFFF05
:20FB2000FFFFFFFFFFFFFFFFFFFFFFFFFFFFFFFFFFFFFFFFFFFFFFFFFFFFFFFFFFFFFFFFE5
:20FB4000FFFFFFFFFFFFFFFFFFFFFFFFFFFFFFFFFFFFFFFFFFFFFFFFFFFFFFFFFFFFFFFFC5
:20FB6000FFFFFFFFFFFFFFFFFFFFFFFFFFFFFFFFFFFFFFFFFFFFFFFFFFFFFFFFFFFFFFFFA5
:20FB8000FFFFFFFFFFFFFFFFFFFFFFFFFFFFFFFFFFFFFFFFFFFFFFFFFFFFFFFFFFFFFFFF85
:20FBA000FFFFFFFFFFFFFFFFFFFFFFFFFFFFFFFFFFFFFFFFFFFFFFFFFFFFFFFFFFFFFFFF65
:20FBC000FFFFFFFFFFFFFFFFFFFFFFFFFFFFFFFFFFFFFFFFFFFFFFFFFFFFFFFFFFFFFFFF45
:20FBE000FFFFFFFFFFFFFFFFFFFFFFFFFFFFFFFFFFFFFFFFFFFFFFFFFFFFFFFFFFFFFFFF25
:20FC0000FFFFFFFFFFFFFFFFFFFFFFFFFFFFFFFFFFFFFFFFFFFFFFFFFFFFFFFFFFFFFFFF04
:20FC2000FFFFFFFFFFFFFFFFFFFFFFFFFFFFFFFFFFFFFFFFFFFFFFFFFFFFFFFFFFFFFFFFE4
:20FC4000FFFFFFFFFFFFFFFFFFFFFFFFFFFFFFFFFFFFFFFFFFFFFFFFFFFFFFFFFFFFFFFFC4
:20FC6000FFFFFFFFFFFFFFFFFFFFFFFFFFFFFFFFFFFFFFFFFFFFFFFFFFFFFFFFFFFFFFFFA4
:20FC8000FFFFFFFFFFFFFFFFFFFFFFFFFFFFFFFFFFFFFFFFFFFFFFFFFFFFFFFFFFFFFFFF84
:20FCA000FFFFFFFFFFFFFFFFFFFFFFFFFFFFFFFFFFFFFFFFFFFFFFFFFFFFFFFFFFFFFFFF64
:20FCC000FFFFFFFFFFFFFFFFFFFFFFFFFFFFFFFFFFFFFFFFFFFFFFFFFFFFFFFFFFFFFFFF44
:20FCE000FFFFFFFFFFFFFFFFFFFFFFFFFFFFFFFFFFFFFFFFFFFFFFFFFFFFFFFFFFFFFFFF24
:20FD0000FFFFFFFFFFFFFFFFFFFFFFFFFFFFFFFFFFFFFFFFFFFFFFFFFFFFFFFFFFFFFFFF03
:20FD2000FFFFFFFFFFFFFFFFFFFFFFFFFFFFFFFFFFFFFFFFFFFFFFFFFFFFFFFFFFFFFFFFE3
:20FD4000FFFFFFFFFFFFFFFFFFFFFFFFFFFFFFFFFFFFFFFFFFFFFFFFFFFFFFFFFFFFFFFFC3
:20FD6000FFFFFFFFFFFFFFFFFFFFFFFFFFFFFFFFFFFFFFFFFFFFFFFFFFFFFFFFFFFFFFFFA3
:20FD8000FFFFFFFFFFFFFFFFFFFFFFFFFFFFFFFFFFFFFFFFFFFFFFFFFFFFFFFFFFFFFFFF83
:20FDA000FFFFFFFFFFFFFFFFFFFFFFFFFFFFFFFFFFFFFFFFFFFFFFFFFFFFFFFFFFFFFFFF63
:20FDC000FFFFFFFFFFFFFFFFFFFFFFFFFFFFFFFFFFFFFFFFFFFFFFFFFFFFFFFFFFFFFFFF43
:20FDE000FFFFFFFFFFFFFFFFFFFFFFFFFFFFFFFFFFFFFFFFFFFFFFFFFFFFFFFFFFFFFFFF23
:20FE0000FFFFFFFFFFFFFFFFFFFFFFFFFFFFFFFFFFFFFFFFFFFFFFFFFFFFFFFFFFFFFFFF02
:20FE2000FFFFFFFFFFFFFFFFFFFFFFFFFFFFFFFFFFFFFFFFFFFFFFFFFFFFFFFFFFFFFFFFE2
:20FE4000FFFFFFFFFFFFFFFFFFFFFFFFFFFFFFFFFFFFFFFFFFFFFFFFFFFFFFFFFFFFFFFFC2
:20FE6000FFFFFFFFFFFFFFFFFFFFFFFFFFFFFFFFFFFFFFFFFFFFFFFFFFFFFFFFFFFFFFFFA2
:20FE8000FFFFFFFFFFFFFFFFFFFFFFFFFFFFFFFFFFFFFFFFFFFFFFFFFFFFFFFFFFFFFFFF82
:20FEA000FFFFFFFFFFFFFFFFFFFFFFFFFFFFFFFFFFFFFFFFFFFFFFFFFFFFFFFFFFFFFFFF62
:20FEC000FFFFFFFFFFFFFFFFFFFFFFFFFFFFFFFFFFFFFFFFFFFFFFFFFFFFFFFFFFFFFFFF42
:20FEE000FFFFFFFFFFFFFFFFFFFFFFFFFFFFFFFFFFFFFFFFFFFFFFFFFFFFFFFFFFFFFFFF22
:20FF0000FFFFFFFFFFFFFFFFFFFFFFFFFFFFFFFFFFFFFFFFFFFFFFFFFFFFFFFFFFFFFFFF01
:20FF2000FFFFFFFFFFFFFFFFFFFFFFFFFFFFFFFFFFFFFFFFFFFFFFFFFFFFFFFFFFFFFFFFE1
:20FF4000FFFFFFFFFFFFFFFFFFFFFFFFFFFFFFFFFFFFFFFFFFFFFFFFFFFFFFFFFFFFFFFFC1
:20FF6000FFFFFFFFFFFFFFFFFFFFFFFFFFFFFFFFFFFFFFFFFFFFFFFFFFFFFFFFFFFFFFFFA1
:20FF8000FFFFFFFFFFFFFFFFFFFFFFFFFFFFFFFFFFFFFFFFFFFFFFFFFFFFFFFFFFFFFFFF81
:20FFA000FFFFFFFFFFFFFFFFFFFFFFFFFFFFFFFFFFFFFFFFFFFFFFFFFFFFFFFFFFFFFFFF61
:20FFC000FFFFFFFFFFFFFFFFFFFFFFFFFFFFFFFFFFFFFFFFFFFFFFFFFFFFFFFFFFFFFFFF41
:20FFE000FFFFFFFFFFFFFFFFFFFFFFFFFFFFFFFFFFFFFFFFFFFFFFFFFFFFFFFFFFFFFFFF21
:020000040002F8
:20000000FFFFFFFFFFFFFFFFFFFFFFFFFFFFFFFFFFFFFFFFFFFFFFFFFFFFFFFFFFFFFFFF00
:20002000FFFFFFFFFFFFFFFFFFFFFFFFFFFFFFFFFFFFFFFFFFFFFFFFFFFFFFFFFFFFFFFFE0
:20004000FFFFFFFFFFFFFFFFFFFFFFFFFFFFFFFFFFFFFFFFFFFFFFFFFFFFFFFFFFFFFFFFC0
:20006000FFFFFFFFFFFFFFFFFFFFFFFFFFFFFFFFFFFFFFFFFFFFFFFFFFFFFFFFFFFFFFFFA0
:20008000FFFFFFFFFFFFFFFFFFFFFFFFFFFFFFFFFFFFFFFFFFFFFFFFFFFFFFFFFFFFFFFF80
:2000A000FFFFFFFFFFFFFFFFFFFFFFFFFFFFFFFFFFFFFFFFFFFFFFFFFFFFFFFFFFFFFFFF60
:2000C000FFFFFFFFFFFFFFFFFFFFFFFFFFFFFFFFFFFFFFFFFFFFFFFFFFFFFFFFFFFFFFFF40
:2000E000FFFFFFFFFFFFFFFFFFFFFFFFFFFFFFFFFFFFFFFFFFFFFFFFFFFFFFFFFFFFFFFF20
:20010000FFFFFFFFFFFFFFFFFFFFFFFFFFFFFFFFFFFFFFFFFFFFFFFFFFFFFFFFFFFFFFFFFF
:20012000FFFFFFFFFFFFFFFFFFFFFFFFFFFFFFFFFFFFFFFFFFFFFFFFFFFFFFFFFFFFFFFFDF
:20014000FFFFFFFFFFFFFFFFFFFFFFFFFFFFFFFFFFFFFFFFFFFFFFFFFFFFFFFFFFFFFFFFBF
:20016000FFFFFFFFFFFFFFFFFFFFFFFFFFFFFFFFFFFFFFFFFFFFFFFFFFFFFFFFFFFFFFFF9F
:20018000FFFFFFFFFFFFFFFFFFFFFFFFFFFFFFFFFFFFFFFFFFFFFFFFFFFFFFFFFFFFFFFF7F
:2001A000FFFFFFFFFFFFFFFFFFFFFFFFFFFFFFFFFFFFFFFFFFFFFFFFFFFFFFFFFFFFFFFF5F
:2001C000FFFFFFFFFFFFFFFFFFFFFFFFFFFFFFFFFFFFFFFFFFFFFFFFFFFFFFFFFFFFFFFF3F
:2001E000FFFFFFFFFFFFFFFFFFFFFFFFFFFFFFFFFFFFFFFFFFFFFFFFFFFFFFFFFFFFFFFF1F
:20020000FFFFFFFFFFFFFFFFFFFFFFFFFFFFFFFFFFFFFFFFFFFFFFFFFFFFFFFFFFFFFFFFFE
:20022000FFFFFFFFFFFFFFFFFFFFFFFFFFFFFFFFFFFFFFFFFFFFFFFFFFFFFFFFFFFFFFFFDE
:20024000FFFFFFFFFFFFFFFFFFFFFFFFFFFFFFFFFFFFFFFFFFFFFFFFFFFFFFFFFFFFFFFFBE
:20026000FFFFFFFFFFFFFFFFFFFFFFFFFFFFFFFFFFFFFFFFFFFFFFFFFFFFFFFFFFFFFFFF9E
:20028000FFFFFFFFFFFFFFFFFFFFFFFFFFFFFFFFFFFFFFFFFFFFFFFFFFFFFFFFFFFFFFFF7E
:2002A000FFFFFFFFFFFFFFFFFFFFFFFFFFFFFFFFFFFFFFFFFFFFFFFFFFFFFFFFFFFFFFFF5E
:2002C000FFFFFFFFFFFFFFFFFFFFFFFFFFFFFFFFFFFFFFFFFFFFFFFFFFFFFFFFFFFFFFFF3E
:2002E000FFFFFFFFFFFFFFFFFFFFFFFFFFFFFFFFFFFFFFFFFFFFFFFFFFFFFFFFFFFFFFFF1E
:20030000FFFFFFFFFFFFFFFFFFFFFFFFFFFFFFFFFFFFFFFFFFFFFFFFFFFFFFFFFFFFFFFFFD
:20032000FFFFFFFFFFFFFFFFFFFFFFFFFFFFFFFFFFFFFFFFFFFFFFFFFFFFFFFFFFFFFFFFDD
:20034000FFFFFFFFFFFFFFFFFFFFFFFFFFFFFFFFFFFFFFFFFFFFFFFFFFFFFFFFFFFFFFFFBD
:20036000FFFFFFFFFFFFFFFFFFFFFFFFFFFFFFFFFFFFFFFFFFFFFFFFFFFFFFFFFFFFFFFF9D
:20038000FFFFFFFFFFFFFFFFFFFFFFFFFFFFFFFFFFFFFFFFFFFFFFFFFFFFFFFFFFFFFFFF7D
:2003A000FFFFFFFFFFFFFFFFFFFFFFFFFFFFFFFFFFFFFFFFFFFFFFFFFFFFFFFFFFFFFFFF5D
:2003C000FFFFFFFFFFFFFFFFFFFFFFFFFFFFFFFFFFFFFFFFFFFFFFFFFFFFFFFFFFFFFFFF3D
:2003E000FFFFFFFFFFFFFFFFFFFFFFFFFFFFFFFFFFFFFFFFFFFFFFFFFFFFFFFFFFFFFFFF1D
:20040000FFFFFFFFFFFFFFFFFFFFFFFFFFFFFFFFFFFFFFFFFFFFFFFFFFFFFFFFFFFFFFFFFC
:20042000FFFFFFFFFFFFFFFFFFFFFFFFFFFFFFFFFFFFFFFFFFFFFFFFFFFFFFFFFFFFFFFFDC
:20044000FFFFFFFFFFFFFFFFFFFFFFFFFFFFFFFFFFFFFFFFFFFFFFFFFFFFFFFFFFFFFFFFBC
:20046000FFFFFFFFFFFFFFFFFFFFFFFFFFFFFFFFFFFFFFFFFFFFFFFFFFFFFFFFFFFFFFFF9C
:20048000FFFFFFFFFFFFFFFFFFFFFFFFFFFFFFFFFFFFFFFFFFFFFFFFFFFFFFFFFFFFFFFF7C
:2004A000FFFFFFFFFFFFFFFFFFFFFFFFFFFFFFFFFFFFFFFFFFFFFFFFFFFFFFFFFFFFFFFF5C
:2004C000FFFFFFFFFFFFFFFFFFFFFFFFFFFFFFFFFFFFFFFFFFFFFFFFFFFFFFFFFFFFFFFF3C
:2004E000FFFFFFFFFFFFFFFFFFFFFFFFFFFFFFFFFFFFFFFFFFFFFFFFFFFFFFFFFFFFFFFF1C
:20050000FFFFFFFFFFFFFFFFFFFFFFFFFFFFFFFFFFFFFFFFFFFFFFFFFFFFFFFFFFFFFFFFFB
:20052000FFFFFFFFFFFFFFFFFFFFFFFFFFFFFFFFFFFFFFFFFFFFFFFFFFFFFFFFFFFFFFFFDB
:20054000FFFFFFFFFFFFFFFFFFFFFFFFFFFFFFFFFFFFFFFFFFFFFFFFFFFFFFFFFFFFFFFFBB
:20056000FFFFFFFFFFFFFFFFFFFFFFFFFFFFFFFFFFFFFFFFFFFFFFFFFFFFFFFFFFFFFFFF9B
:20058000FFFFFFFFFFFFFFFFFFFFFFFFFFFFFFFFFFFFFFFFFFFFFFFFFFFFFFFFFFFFFFFF7B
:2005A000FFFFFFFFFFFFFFFFFFFFFFFFFFFFFFFFFFFFFFFFFFFFFFFFFFFFFFFFFFFFFFFF5B
:2005C000FFFFFFFFFFFFFFFFFFFFFFFFFFFFFFFFFFFFFFFFFFFFFFFFFFFFFFFFFFFFFFFF3B
:2005E000FFFFFFFFFFFFFFFFFFFFFFFFFFFFFFFFFFFFFFFFFFFFFFFFFFFFFFFFFFFFFFFF1B
:20060000FFFFFFFFFFFFFFFFFFFFFFFFFFFFFFFFFFFFFFFFFFFFFFFFFFFFFFFFFFFFFFFFFA
:20062000FFFFFFFFFFFFFFFFFFFFFFFFFFFFFFFFFFFFFFFFFFFFFFFFFFFFFFFFFFFFFFFFDA
:20064000FFFFFFFFFFFFFFFFFFFFFFFFFFFFFFFFFFFFFFFFFFFFFFFFFFFFFFFFFFFFFFFFBA
:20066000FFFFFFFFFFFFFFFFFFFFFFFFFFFFFFFFFFFFFFFFFFFFFFFFFFFFFFFFFFFFFFFF9A
:20068000FFFFFFFFFFFFFFFFFFFFFFFFFFFFFFFFFFFFFFFFFFFFFFFFFFFFFFFFFFFFFFFF7A
:2006A000FFFFFFFFFFFFFFFFFFFFFFFFFFFFFFFFFFFFFFFFFFFFFFFFFFFFFFFFFFFFFFFF5A
:2006C000FFFFFFFFFFFFFFFFFFFFFFFFFFFFFFFFFFFFFFFFFFFFFFFFFFFFFFFFFFFFFFFF3A
:2006E000FFFFFFFFFFFFFFFFFFFFFFFFFFFFFFFFFFFFFFFFFFFFFFFFFFFFFFFFFFFFFFFF1A
:20070000FFFFFFFFFFFFFFFFFFFFFFFFFFFFFFFFFFFFFFFFFFFFFFFFFFFFFFFFFFFFFFFFF9
:20072000FFFFFFFFFFFFFFFFFFFFFFFFFFFFFFFFFFFFFFFFFFFFFFFFFFFFFFFFFFFFFFFFD9
:20074000FFFFFFFFFFFFFFFFFFFFFFFFFFFFFFFFFFFFFFFFFFFFFFFFFFFFFFFFFFFFFFFFB9
:20076000FFFFFFFFFFFFFFFFFFFFFFFFFFFFFFFFFFFFFFFFFFFFFFFFFFFFFFFFFFFFFFFF99
:20078000FFFFFFFFFFFFFFFFFFFFFFFFFFFFFFFFFFFFFFFFFFFFFFFFFFFFFFFFFFFFFFFF79
:2007A000FFFFFFFFFFFFFFFFFFFFFFFFFFFFFFFFFFFFFFFFFFFFFFFFFFFFFFFFFFFFFFFF59
:2007C000FFFFFFFFFFFFFFFFFFFFFFFFFFFFFFFFFFFFFFFFFFFFFFFFFFFFFFFFFFFFFFFF39
:2007E000FFFFFFFFFFFFFFFFFFFFFFFFFFFFFFFFFFFFFFFFFFFFFFFFFFFFFFFFFFFFFFFF19
:20080000FFFFFFFFFFFFFFFFFFFFFFFFFFFFFFFFFFFFFFFFFFFFFFFFFFFFFFFFFFFFFFFFF8
:20082000FFFFFFFFFFFFFFFFFFFFFFFFFFFFFFFFFFFFFFFFFFFFFFFFFFFFFFFFFFFFFFFFD8
:20084000FFFFFFFFFFFFFFFFFFFFFFFFFFFFFFFFFFFFFFFFFFFFFFFFFFFFFFFFFFFFFFFFB8
:20086000FFFFFFFFFFFFFFFFFFFFFFFFFFFFFFFFFFFFFFFFFFFFFFFFFFFFFFFFFFFFFFFF98
:20088000FFFFFFFFFFFFFFFFFFFFFFFFFFFFFFFFFFFFFFFFFFFFFFFFFFFFFFFFFFFFFFFF78
:2008A000FFFFFFFFFFFFFFFFFFFFFFFFFFFFFFFFFFFFFFFFFFFFFFFFFFFFFFFFFFFFFFFF58
:2008C000FFFFFFFFFFFFFFFFFFFFFFFFFFFFFFFFFFFFFFFFFFFFFFFFFFFFFFFFFFFFFFFF38
:2008E000FFFFFFFFFFFFFFFFFFFFFFFFFFFFFFFFFFFFFFFFFFFFFFFFFFFFFFFFFFFFFFFF18
:20090000FFFFFFFFFFFFFFFFFFFFFFFFFFFFFFFFFFFFFFFFFFFFFFFFFFFFFFFFFFFFFFFFF7
:20092000FFFFFFFFFFFFFFFFFFFFFFFFFFFFFFFFFFFFFFFFFFFFFFFFFFFFFFFFFFFFFFFFD7
:20094000FFFFFFFFFFFFFFFFFFFFFFFFFFFFFFFFFFFFFFFFFFFFFFFFFFFFFFFFFFFFFFFFB7
:20096000FFFFFFFFFFFFFFFFFFFFFFFFFFFFFFFFFFFFFFFFFFFFFFFFFFFFFFFFFFFFFFFF97
:20098000FFFFFFFFFFFFFFFFFFFFFFFFFFFFFFFFFFFFFFFFFFFFFFFFFFFFFFFFFFFFFFFF77
:2009A000FFFFFFFFFFFFFFFFFFFFFFFFFFFFFFFFFFFFFFFFFFFFFFFFFFFFFFFFFFFFFFFF57
:2009C000FFFFFFFFFFFFFFFFFFFFFFFFFFFFFFFFFFFFFFFFFFFFFFFFFFFFFFFFFFFFFFFF37
:2009E000FFFFFFFFFFFFFFFFFFFFFFFFFFFFFFFFFFFFFFFFFFFFFFFFFFFFFFFFFFFFFFFF17
:200A0000FFFFFFFFFFFFFFFFFFFFFFFFFFFFFFFFFFFFFFFFFFFFFFFFFFFFFFFFFFFFFFFFF6
:200A2000FFFFFFFFFFFFFFFFFFFFFFFFFFFFFFFFFFFFFFFFFFFFFFFFFFFFFFFFFFFFFFFFD6
:200A4000FFFFFFFFFFFFFFFFFFFFFFFFFFFFFFFFFFFFFFFFFFFFFFFFFFFFFFFFFFFFFFFFB6
:200A6000FFFFFFFFFFFFFFFFFFFFFFFFFFFFFFFFFFFFFFFFFFFFFFFFFFFFFFFFFFFFFFFF96
:200A8000FFFFFFFFFFFFFFFFFFFFFFFFFFFFFFFFFFFFFFFFFFFFFFFFFFFFFFFFFFFFFFFF76
:200AA000FFFFFFFFFFFFFFFFFFFFFFFFFFFFFFFFFFFFFFFFFFFFFFFFFFFFFFFFFFFFFFFF56
:200AC000FFFFFFFFFFFFFFFFFFFFFFFFFFFFFFFFFFFFFFFFFFFFFFFFFFFFFFFFFFFFFFFF36
:200AE000FFFFFFFFFFFFFFFFFFFFFFFFFFFFFFFFFFFFFFFFFFFFFFFFFFFFFFFFFFFFFFFF16
:200B0000FFFFFFFFFFFFFFFFFFFFFFFFFFFFFFFFFFFFFFFFFFFFFFFFFFFFFFFFFFFFFFFFF5
:200B2000FFFFFFFFFFFFFFFFFFFFFFFFFFFFFFFFFFFFFFFFFFFFFFFFFFFFFFFFFFFFFFFFD5
:200B4000FFFFFFFFFFFFFFFFFFFFFFFFFFFFFFFFFFFFFFFFFFFFFFFFFFFFFFFFFFFFFFFFB5
:200B6000FFFFFFFFFFFFFFFFFFFFFFFFFFFFFFFFFFFFFFFFFFFFFFFFFFFFFFFFFFFFFFFF95
:200B8000FFFFFFFFFFFFFFFFFFFFFFFFFFFFFFFFFFFFFFFFFFFFFFFFFFFFFFFFFFFFFFFF75
:200BA000FFFFFFFFFFFFFFFFFFFFFFFFFFFFFFFFFFFFFFFFFFFFFFFFFFFFFFFFFFFFFFFF55
:200BC000FFFFFFFFFFFFFFFFFFFFFFFFFFFFFFFFFFFFFFFFFFFFFFFFFFFFFFFFFFFFFFFF35
:200BE000FFFFFFFFFFFFFFFFFFFFFFFFFFFFFFFFFFFFFFFFFFFFFFFFFFFFFFFFFFFFFFFF15
:200C0000FFFFFFFFFFFFFFFFFFFFFFFFFFFFFFFFFFFFFFFFFFFFFFFFFFFFFFFFFFFFFFFFF4
:200C2000FFFFFFFFFFFFFFFFFFFFFFFFFFFFFFFFFFFFFFFFFFFFFFFFFFFFFFFFFFFFFFFFD4
:200C4000FFFFFFFFFFFFFFFFFFFFFFFFFFFFFFFFFFFFFFFFFFFFFFFFFFFFFFFFFFFFFFFFB4
:200C6000FFFFFFFFFFFFFFFFFFFFFFFFFFFFFFFFFFFFFFFFFFFFFFFFFFFFFFFFFFFFFFFF94
:200C8000FFFFFFFFFFFFFFFFFFFFFFFFFFFFFFFFFFFFFFFFFFFFFFFFFFFFFFFFFFFFFFFF74
:200CA000FFFFFFFFFFFFFFFFFFFFFFFFFFFFFFFFFFFFFFFFFFFFFFFFFFFFFFFFFFFFFFFF54
:200CC000FFFFFFFFFFFFFFFFFFFFFFFFFFFFFFFFFFFFFFFFFFFFFFFFFFFFFFFFFFFFFFFF34
:200CE000FFFFFFFFFFFFFFFFFFFFFFFFFFFFFFFFFFFFFFFFFFFFFFFFFFFFFFFFFFFFFFFF14
:200D0000FFFFFFFFFFFFFFFFFFFFFFFFFFFFFFFFFFFFFFFFFFFFFFFFFFFFFFFFFFFFFFFFF3
:200D2000FFFFFFFFFFFFFFFFFFFFFFFFFFFFFFFFFFFFFFFFFFFFFFFFFFFFFFFFFFFFFFFFD3
:200D4000FFFFFFFFFFFFFFFFFFFFFFFFFFFFFFFFFFFFFFFFFFFFFFFFFFFFFFFFFFFFFFFFB3
:200D6000FFFFFFFFFFFFFFFFFFFFFFFFFFFFFFFFFFFFFFFFFFFFFFFFFFFFFFFFFFFFFFFF93
:200D8000FFFFFFFFFFFFFFFFFFFFFFFFFFFFFFFFFFFFFFFFFFFFFFFFFFFFFFFFFFFFFFFF73
:200DA000FFFFFFFFFFFFFFFFFFFFFFFFFFFFFFFFFFFFFFFFFFFFFFFFFFFFFFFFFFFFFFFF53
:200DC000FFFFFFFFFFFFFFFFFFFFFFFFFFFFFFFFFFFFFFFFFFFFFFFFFFFFFFFFFFFFFFFF33
:200DE000FFFFFFFFFFFFFFFFFFFFFFFFFFFFFFFFFFFFFFFFFFFFFFFFFFFFFFFFFFFFFFFF13
:200E0000FFFFFFFFFFFFFFFFFFFFFFFFFFFFFFFFFFFFFFFFFFFFFFFFFFFFFFFFFFFFFFFFF2
:200E2000FFFFFFFFFFFFFFFFFFFFFFFFFFFFFFFFFFFFFFFFFFFFFFFFFFFFFFFFFFFFFFFFD2
:200E4000FFFFFFFFFFFFFFFFFFFFFFFFFFFFFFFFFFFFFFFFFFFFFFFFFFFFFFFFFFFFFFFFB2
:200E6000FFFFFFFFFFFFFFFFFFFFFFFFFFFFFFFFFFFFFFFFFFFFFFFFFFFFFFFFFFFFFFFF92
:200E8000FFFFFFFFFFFFFFFFFFFFFFFFFFFFFFFFFFFFFFFFFFFFFFFFFFFFFFFFFFFFFFFF72
:200EA000FFFFFFFFFFFFFFFFFFFFFFFFFFFFFFFFFFFFFFFFFFFFFFFFFFFFFFFFFFFFFFFF52
:200EC000FFFFFFFFFFFFFFFFFFFFFFFFFFFFFFFFFFFFFFFFFFFFFFFFFFFFFFFFFFFFFFFF32
:200EE000FFFFFFFFFFFFFFFFFFFFFFFFFFFFFFFFFFFFFFFFFFFFFFFFFFFFFFFFFFFFFFFF12
:200F0000FFFFFFFFFFFFFFFFFFFFFFFFFFFFFFFFFFFFFFFFFFFFFFFFFFFFFFFFFFFFFFFFF1
:200F2000FFFFFFFFFFFFFFFFFFFFFFFFFFFFFFFFFFFFFFFFFFFFFFFFFFFFFFFFFFFFFFFFD1
:200F4000FFFFFFFFFFFFFFFFFFFFFFFFFFFFFFFFFFFFFFFFFFFFFFFFFFFFFFFFFFFFFFFFB1
:200F6000FFFFFFFFFFFFFFFFFFFFFFFFFFFFFFFFFFFFFFFFFFFFFFFFFFFFFFFFFFFFFFFF91
:200F8000FFFFFFFFFFFFFFFFFFFFFFFFFFFFFFFFFFFFFFFFFFFFFFFFFFFFFFFFFFFFFFFF71
:200FA000FFFFFFFFFFFFFFFFFFFFFFFFFFFFFFFFFFFFFFFFFFFFFFFFFFFFFFFFFFFFFFFF51
:200FC000FFFFFFFFFFFFFFFFFFFFFFFFFFFFFFFFFFFFFFFFFFFFFFFFFFFFFFFFFFFFFFFF31
:200FE000FFFFFFFFFFFFFFFFFFFFFFFFFFFFFFFFFFFFFFFFFFFFFFFFFFFFFFFFFFFFFFFF11
:20100000FFFFFFFFFFFFFFFFFFFFFFFFFFFFFFFFFFFFFFFFFFFFFFFFFFFFFFFFFFFFFFFFF0
:20102000FFFFFFFFFFFFFFFFFFFFFFFFFFFFFFFFFFFFFFFFFFFFFFFFFFFFFFFFFFFFFFFFD0
:20104000FFFFFFFFFFFFFFFFFFFFFFFFFFFFFFFFFFFFFFFFFFFFFFFFFFFFFFFFFFFFFFFFB0
:20106000FFFFFFFFFFFFFFFFFFFFFFFFFFFFFFFFFFFFFFFFFFFFFFFFFFFFFFFFFFFFFFFF90
:20108000FFFFFFFFFFFFFFFFFFFFFFFFFFFFFFFFFFFFFFFFFFFFFFFFFFFFFFFFFFFFFFFF70
:2010A000FFFFFFFFFFFFFFFFFFFFFFFFFFFFFFFFFFFFFFFFFFFFFFFFFFFFFFFFFFFFFFFF50
:2010C000FFFFFFFFFFFFFFFFFFFFFFFFFFFFFFFFFFFFFFFFFFFFFFFFFFFFFFFFFFFFFFFF30
:2010E000FFFFFFFFFFFFFFFFFFFFFFFFFFFFFFFFFFFFFFFFFFFFFFFFFFFFFFFFFFFFFFFF10
:20110000FFFFFFFFFFFFFFFFFFFFFFFFFFFFFFFFFFFFFFFFFFFFFFFFFFFFFFFFFFFFFFFFEF
:20112000FFFFFFFFFFFFFFFFFFFFFFFFFFFFFFFFFFFFFFFFFFFFFFFFFFFFFFFFFFFFFFFFCF
:20114000FFFFFFFFFFFFFFFFFFFFFFFFFFFFFFFFFFFFFFFFFFFFFFFFFFFFFFFFFFFFFFFFAF
:20116000FFFFFFFFFFFFFFFFFFFFFFFFFFFFFFFFFFFFFFFFFFFFFFFFFFFFFFFFFFFFFFFF8F
:20118000FFFFFFFFFFFFFFFFFFFFFFFFFFFFFFFFFFFFFFFFFFFFFFFFFFFFFFFFFFFFFFFF6F
:2011A000FFFFFFFFFFFFFFFFFFFFFFFFFFFFFFFFFFFFFFFFFFFFFFFFFFFFFFFFFFFFFFFF4F
:2011C000FFFFFFFFFFFFFFFFFFFFFFFFFFFFFFFFFFFFFFFFFFFFFFFFFFFFFFFFFFFFFFFF2F
:2011E000FFFFFFFFFFFFFFFFFFFFFFFFFFFFFFFFFFFFFFFFFFFFFFFFFFFFFFFFFFFFFFFF0F
:20120000FFFFFFFFFFFFFFFFFFFFFFFFFFFFFFFFFFFFFFFFFFFFFFFFFFFFFFFFFFFFFFFFEE
:20122000FFFFFFFFFFFFFFFFFFFFFFFFFFFFFFFFFFFFFFFFFFFFFFFFFFFFFFFFFFFFFFFFCE
:20124000FFFFFFFFFFFFFFFFFFFFFFFFFFFFFFFFFFFFFFFFFFFFFFFFFFFFFFFFFFFFFFFFAE
:20126000FFFFFFFFFFFFFFFFFFFFFFFFFFFFFFFFFFFFFFFFFFFFFFFFFFFFFFFFFFFFFFFF8E
:20128000FFFFFFFFFFFFFFFFFFFFFFFFFFFFFFFFFFFFFFFFFFFFFFFFFFFFFFFFFFFFFFFF6E
:2012A000FFFFFFFFFFFFFFFFFFFFFFFFFFFFFFFFFFFFFFFFFFFFFFFFFFFFFFFFFFFFFFFF4E
:2012C000FFFFFFFFFFFFFFFFFFFFFFFFFFFFFFFFFFFFFFFFFFFFFFFFFFFFFFFFFFFFFFFF2E
:2012E000FFFFFFFFFFFFFFFFFFFFFFFFFFFFFFFFFFFFFFFFFFFFFFFFFFFFFFFFFFFFFFFF0E
:20130000FFFFFFFFFFFFFFFFFFFFFFFFFFFFFFFFFFFFFFFFFFFFFFFFFFFFFFFFFFFFFFFFED
:20132000FFFFFFFFFFFFFFFFFFFFFFFFFFFFFFFFFFFFFFFFFFFFFFFFFFFFFFFFFFFFFFFFCD
:20134000FFFFFFFFFFFFFFFFFFFFFFFFFFFFFFFFFFFFFFFFFFFFFFFFFFFFFFFFFFFFFFFFAD
:20136000FFFFFFFFFFFFFFFFFFFFFFFFFFFFFFFFFFFFFFFFFFFFFFFFFFFFFFFFFFFFFFFF8D
:20138000FFFFFFFFFFFFFFFFFFFFFFFFFFFFFFFFFFFFFFFFFFFFFFFFFFFFFFFFFFFFFFFF6D
:2013A000FFFFFFFFFFFFFFFFFFFFFFFFFFFFFFFFFFFFFFFFFFFFFFFFFFFFFFFFFFFFFFFF4D
:2013C000FFFFFFFFFFFFFFFFFFFFFFFFFFFFFFFFFFFFFFFFFFFFFFFFFFFFFFFFFFFFFFFF2D
:2013E000FFFFFFFFFFFFFFFFFFFFFFFFFFFFFFFFFFFFFFFFFFFFFFFFFFFFFFFFFFFFFFFF0D
:20140000FFFFFFFFFFFFFFFFFFFFFFFFFFFFFFFFFFFFFFFFFFFFFFFFFFFFFFFFFFFFFFFFEC
:20142000FFFFFFFFFFFFFFFFFFFFFFFFFFFFFFFFFFFFFFFFFFFFFFFFFFFFFFFFFFFFFFFFCC
:20144000FFFFFFFFFFFFFFFFFFFFFFFFFFFFFFFFFFFFFFFFFFFFFFFFFFFFFFFFFFFFFFFFAC
:20146000FFFFFFFFFFFFFFFFFFFFFFFFFFFFFFFFFFFFFFFFFFFFFFFFFFFFFFFFFFFFFFFF8C
:20148000FFFFFFFFFFFFFFFFFFFFFFFFFFFFFFFFFFFFFFFFFFFFFFFFFFFFFFFFFFFFFFFF6C
:2014A000FFFFFFFFFFFFFFFFFFFFFFFFFFFFFFFFFFFFFFFFFFFFFFFFFFFFFFFFFFFFFFFF4C
:2014C000FFFFFFFFFFFFFFFFFFFFFFFFFFFFFFFFFFFFFFFFFFFFFFFFFFFFFFFFFFFFFFFF2C
:2014E000FFFFFFFFFFFFFFFFFFFFFFFFFFFFFFFFFFFFFFFFFFFFFFFFFFFFFFFFFFFFFFFF0C
:20150000FFFFFFFFFFFFFFFFFFFFFFFFFFFFFFFFFFFFFFFFFFFFFFFFFFFFFFFFFFFFFFFFEB
:20152000FFFFFFFFFFFFFFFFFFFFFFFFFFFFFFFFFFFFFFFFFFFFFFFFFFFFFFFFFFFFFFFFCB
:20154000FFFFFFFFFFFFFFFFFFFFFFFFFFFFFFFFFFFFFFFFFFFFFFFFFFFFFFFFFFFFFFFFAB
:20156000FFFFFFFFFFFFFFFFFFFFFFFFFFFFFFFFFFFFFFFFFFFFFFFFFFFFFFFFFFFFFFFF8B
:20158000FFFFFFFFFFFFFFFFFFFFFFFFFFFFFFFFFFFFFFFFFFFFFFFFFFFFFFFFFFFFFFFF6B
:2015A000FFFFFFFFFFFFFFFFFFFFFFFFFFFFFFFFFFFFFFFFFFFFFFFFFFFFFFFFFFFFFFFF4B
:2015C000FFFFFFFFFFFFFFFFFFFFFFFFFFFFFFFFFFFFFFFFFFFFFFFFFFFFFFFFFFFFFFFF2B
:2015E000FFFFFFFFFFFFFFFFFFFFFFFFFFFFFFFFFFFFFFFFFFFFFFFFFFFFFFFFFFFFFFFF0B
:20160000FFFFFFFFFFFFFFFFFFFFFFFFFFFFFFFFFFFFFFFFFFFFFFFFFFFFFFFFFFFFFFFFEA
:20162000FFFFFFFFFFFFFFFFFFFFFFFFFFFFFFFFFFFFFFFFFFFFFFFFFFFFFFFFFFFFFFFFCA
:20164000FFFFFFFFFFFFFFFFFFFFFFFFFFFFFFFFFFFFFFFFFFFFFFFFFFFFFFFFFFFFFFFFAA
:20166000FFFFFFFFFFFFFFFFFFFFFFFFFFFFFFFFFFFFFFFFFFFFFFFFFFFFFFFFFFFFFFFF8A
:20168000FFFFFFFFFFFFFFFFFFFFFFFFFFFFFFFFFFFFFFFFFFFFFFFFFFFFFFFFFFFFFFFF6A
:2016A000FFFFFFFFFFFFFFFFFFFFFFFFFFFFFFFFFFFFFFFFFFFFFFFFFFFFFFFFFFFFFFFF4A
:2016C000FFFFFFFFFFFFFFFFFFFFFFFFFFFFFFFFFFFFFFFFFFFFFFFFFFFFFFFFFFFFFFFF2A
:2016E000FFFFFFFFFFFFFFFFFFFFFFFFFFFFFFFFFFFFFFFFFFFFFFFFFFFFFFFFFFFFFFFF0A
:20170000FFFFFFFFFFFFFFFFFFFFFFFFFFFFFFFFFFFFFFFFFFFFFFFFFFFFFFFFFFFFFFFFE9
:20172000FFFFFFFFFFFFFFFFFFFFFFFFFFFFFFFFFFFFFFFFFFFFFFFFFFFFFFFFFFFFFFFFC9
:20174000FFFFFFFFFFFFFFFFFFFFFFFFFFFFFFFFFFFFFFFFFFFFFFFFFFFFFFFFFFFFFFFFA9
:20176000FFFFFFFFFFFFFFFFFFFFFFFFFFFFFFFFFFFFFFFFFFFFFFFFFFFFFFFFFFFFFFFF89
:20178000FFFFFFFFFFFFFFFFFFFFFFFFFFFFFFFFFFFFFFFFFFFFFFFFFFFFFFFFFFFFFFFF69
:2017A000FFFFFFFFFFFFFFFFFFFFFFFFFFFFFFFFFFFFFFFFFFFFFFFFFFFFFFFFFFFFFFFF49
:2017C000FFFFFFFFFFFFFFFFFFFFFFFFFFFFFFFFFFFFFFFFFFFFFFFFFFFFFFFFFFFFFFFF29
:2017E000FFFFFFFFFFFFFFFFFFFFFFFFFFFFFFFFFFFFFFFFFFFFFFFFFFFFFFFFFFFFFFFF09
:20180000FFFFFFFFFFFFFFFFFFFFFFFFFFFFFFFFFFFFFFFFFFFFFFFFFFFFFFFFFFFFFFFFE8
:20182000FFFFFFFFFFFFFFFFFFFFFFFFFFFFFFFFFFFFFFFFFFFFFFFFFFFFFFFFFFFFFFFFC8
:20184000FFFFFFFFFFFFFFFFFFFFFFFFFFFFFFFFFFFFFFFFFFFFFFFFFFFFFFFFFFFFFFFFA8
:20186000FFFFFFFFFFFFFFFFFFFFFFFFFFFFFFFFFFFFFFFFFFFFFFFFFFFFFFFFFFFFFFFF88
:20188000FFFFFFFFFFFFFFFFFFFFFFFFFFFFFFFFFFFFFFFFFFFFFFFFFFFFFFFFFFFFFFFF68
:2018A000FFFFFFFFFFFFFFFFFFFFFFFFFFFFFFFFFFFFFFFFFFFFFFFFFFFFFFFFFFFFFFFF48
:2018C000FFFFFFFFFFFFFFFFFFFFFFFFFFFFFFFFFFFFFFFFFFFFFFFFFFFFFFFFFFFFFFFF28
:2018E000FFFFFFFFFFFFFFFFFFFFFFFFFFFFFFFFFFFFFFFFFFFFFFFFFFFFFFFFFFFFFFFF08
:20190000FFFFFFFFFFFFFFFFFFFFFFFFFFFFFFFFFFFFFFFFFFFFFFFFFFFFFFFFFFFFFFFFE7
:20192000FFFFFFFFFFFFFFFFFFFFFFFFFFFFFFFFFFFFFFFFFFFFFFFFFFFFFFFFFFFFFFFFC7
:20194000FFFFFFFFFFFFFFFFFFFFFFFFFFFFFFFFFFFFFFFFFFFFFFFFFFFFFFFFFFFFFFFFA7
:20196000FFFFFFFFFFFFFFFFFFFFFFFFFFFFFFFFFFFFFFFFFFFFFFFFFFFFFFFFFFFFFFFF87
:20198000FFFFFFFFFFFFFFFFFFFFFFFFFFFFFFFFFFFFFFFFFFFFFFFFFFFFFFFFFFFFFFFF67
:2019A000FFFFFFFFFFFFFFFFFFFFFFFFFFFFFFFFFFFFFFFFFFFFFFFFFFFFFFFFFFFFFFFF47
:2019C000FFFFFFFFFFFFFFFFFFFFFFFFFFFFFFFFFFFFFFFFFFFFFFFFFFFFFFFFFFFFFFFF27
:2019E000FFFFFFFFFFFFFFFFFFFFFFFFFFFFFFFFFFFFFFFFFFFFFFFFFFFFFFFFFFFFFFFF07
:201A0000FFFFFFFFFFFFFFFFFFFFFFFFFFFFFFFFFFFFFFFFFFFFFFFFFFFFFFFFFFFFFFFFE6
:201A2000FFFFFFFFFFFFFFFFFFFFFFFFFFFFFFFFFFFFFFFFFFFFFFFFFFFFFFFFFFFFFFFFC6
:201A4000FFFFFFFFFFFFFFFFFFFFFFFFFFFFFFFFFFFFFFFFFFFFFFFFFFFFFFFFFFFFFFFFA6
:201A6000FFFFFFFFFFFFFFFFFFFFFFFFFFFFFFFFFFFFFFFFFFFFFFFFFFFFFFFFFFFFFFFF86
:201A8000FFFFFFFFFFFFFFFFFFFFFFFFFFFFFFFFFFFFFFFFFFFFFFFFFFFFFFFFFFFFFFFF66
:201AA000FFFFFFFFFFFFFFFFFFFFFFFFFFFFFFFFFFFFFFFFFFFFFFFFFFFFFFFFFFFFFFFF46
:201AC000FFFFFFFFFFFFFFFFFFFFFFFFFFFFFFFFFFFFFFFFFFFFFFFFFFFFFFFFFFFFFFFF26
:201AE000FFFFFFFFFFFFFFFFFFFFFFFFFFFFFFFFFFFFFFFFFFFFFFFFFFFFFFFFFFFFFFFF06
:201B0000FFFFFFFFFFFFFFFFFFFFFFFFFFFFFFFFFFFFFFFFFFFFFFFFFFFFFFFFFFFFFFFFE5
:201B2000FFFFFFFFFFFFFFFFFFFFFFFFFFFFFFFFFFFFFFFFFFFFFFFFFFFFFFFFFFFFFFFFC5
:201B4000FFFFFFFFFFFFFFFFFFFFFFFFFFFFFFFFFFFFFFFFFFFFFFFFFFFFFFFFFFFFFFFFA5
:201B6000FFFFFFFFFFFFFFFFFFFFFFFFFFFFFFFFFFFFFFFFFFFFFFFFFFFFFFFFFFFFFFFF85
:201B8000FFFFFFFFFFFFFFFFFFFFFFFFFFFFFFFFFFFFFFFFFFFFFFFFFFFFFFFFFFFFFFFF65
:201BA000FFFFFFFFFFFFFFFFFFFFFFFFFFFFFFFFFFFFFFFFFFFFFFFFFFFFFFFFFFFFFFFF45
:201BC000FFFFFFFFFFFFFFFFFFFFFFFFFFFFFFFFFFFFFFFFFFFFFFFFFFFFFFFFFFFFFFFF25
:201BE000FFFFFFFFFFFFFFFFFFFFFFFFFFFFFFFFFFFFFFFFFFFFFFFFFFFFFFFFFFFFFFFF05
:201C0000FFFFFFFFFFFFFFFFFFFFFFFFFFFFFFFFFFFFFFFFFFFFFFFFFFFFFFFFFFFFFFFFE4
:201C2000FFFFFFFFFFFFFFFFFFFFFFFFFFFFFFFFFFFFFFFFFFFFFFFFFFFFFFFFFFFFFFFFC4
:201C4000FFFFFFFFFFFFFFFFFFFFFFFFFFFFFFFFFFFFFFFFFFFFFFFFFFFFFFFFFFFFFFFFA4
:201C6000FFFFFFFFFFFFFFFFFFFFFFFFFFFFFFFFFFFFFFFFFFFFFFFFFFFFFFFFFFFFFFFF84
:201C8000FFFFFFFFFFFFFFFFFFFFFFFFFFFFFFFFFFFFFFFFFFFFFFFFFFFFFFFFFFFFFFFF64
:201CA000FFFFFFFFFFFFFFFFFFFFFFFFFFFFFFFFFFFFFFFFFFFFFFFFFFFFFFFFFFFFFFFF44
:201CC000FFFFFFFFFFFFFFFFFFFFFFFFFFFFFFFFFFFFFFFFFFFFFFFFFFFFFFFFFFFFFFFF24
:201CE000FFFFFFFFFFFFFFFFFFFFFFFFFFFFFFFFFFFFFFFFFFFFFFFFFFFFFFFFFFFFFFFF04
:201D0000FFFFFFFFFFFFFFFFFFFFFFFFFFFFFFFFFFFFFFFFFFFFFFFFFFFFFFFFFFFFFFFFE3
:201D2000FFFFFFFFFFFFFFFFFFFFFFFFFFFFFFFFFFFFFFFFFFFFFFFFFFFFFFFFFFFFFFFFC3
:201D4000FFFFFFFFFFFFFFFFFFFFFFFFFFFFFFFFFFFFFFFFFFFFFFFFFFFFFFFFFFFFFFFFA3
:201D6000FFFFFFFFFFFFFFFFFFFFFFFFFFFFFFFFFFFFFFFFFFFFFFFFFFFFFFFFFFFFFFFF83
:201D8000FFFFFFFFFFFFFFFFFFFFFFFFFFFFFFFFFFFFFFFFFFFFFFFFFFFFFFFFFFFFFFFF63
:201DA000FFFFFFFFFFFFFFFFFFFFFFFFFFFFFFFFFFFFFFFFFFFFFFFFFFFFFFFFFFFFFFFF43
:201DC000FFFFFFFFFFFFFFFFFFFFFFFFFFFFFFFFFFFFFFFFFFFFFFFFFFFFFFFFFFFFFFFF23
:201DE000FFFFFFFFFFFFFFFFFFFFFFFFFFFFFFFFFFFFFFFFFFFFFFFFFFFFFFFFFFFFFFFF03
:201E0000FFFFFFFFFFFFFFFFFFFFFFFFFFFFFFFFFFFFFFFFFFFFFFFFFFFFFFFFFFFFFFFFE2
:201E2000FFFFFFFFFFFFFFFFFFFFFFFFFFFFFFFFFFFFFFFFFFFFFFFFFFFFFFFFFFFFFFFFC2
:201E4000FFFFFFFFFFFFFFFFFFFFFFFFFFFFFFFFFFFFFFFFFFFFFFFFFFFFFFFFFFFFFFFFA2
:201E6000FFFFFFFFFFFFFFFFFFFFFFFFFFFFFFFFFFFFFFFFFFFFFFFFFFFFFFFFFFFFFFFF82
:201E8000FFFFFFFFFFFFFFFFFFFFFFFFFFFFFFFFFFFFFFFFFFFFFFFFFFFFFFFFFFFFFFFF62
:201EA000FFFFFFFFFFFFFFFFFFFFFFFFFFFFFFFFFFFFFFFFFFFFFFFFFFFFFFFFFFFFFFFF42
:201EC000FFFFFFFFFFFFFFFFFFFFFFFFFFFFFFFFFFFFFFFFFFFFFFFFFFFFFFFFFFFFFFFF22
:201EE000FFFFFFFFFFFFFFFFFFFFFFFFFFFFFFFFFFFFFFFFFFFFFFFFFFFFFFFFFFFFFFFF02
:201F0000FFFFFFFFFFFFFFFFFFFFFFFFFFFFFFFFFFFFFFFFFFFFFFFFFFFFFFFFFFFFFFFFE1
:201F2000FFFFFFFFFFFFFFFFFFFFFFFFFFFFFFFFFFFFFFFFFFFFFFFFFFFFFFFFFFFFFFFFC1
:201F4000FFFFFFFFFFFFFFFFFFFFFFFFFFFFFFFFFFFFFFFFFFFFFFFFFFFFFFFFFFFFFFFFA1
:201F6000FFFFFFFFFFFFFFFFFFFFFFFFFFFFFFFFFFFFFFFFFFFFFFFFFFFFFFFFFFFFFFFF81
:201F8000FFFFFFFFFFFFFFFFFFFFFFFFFFFFFFFFFFFFFFFFFFFFFFFFFFFFFFFFFFFFFFFF61
:201FA000FFFFFFFFFFFFFFFFFFFFFFFFFFFFFFFFFFFFFFFFFFFFFFFFFFFFFFFFFFFFFFFF41
:201FC000FFFFFFFFFFFFFFFFFFFFFFFFFFFFFFFFFFFFFFFFFFFFFFFFFFFFFFFFFFFFFFFF21
:201FE000FFFFFFFFFFFFFFFFFFFFFFFFFFFFFFFFFFFFFFFFFFFFFFFFFFFFFFFFFFFFFFFF01
:20200000FFFFFFFFFFFFFFFFFFFFFFFFFFFFFFFFFFFFFFFFFFFFFFFFFFFFFFFFFFFFFFFFE0
:20202000FFFFFFFFFFFFFFFFFFFFFFFFFFFFFFFFFFFFFFFFFFFFFFFFFFFFFFFFFFFFFFFFC0
:20204000FFFFFFFFFFFFFFFFFFFFFFFFFFFFFFFFFFFFFFFFFFFFFFFFFFFFFFFFFFFFFFFFA0
:20206000FFFFFFFFFFFFFFFFFFFFFFFFFFFFFFFFFFFFFFFFFFFFFFFFFFFFFFFFFFFFFFFF80
:20208000FFFFFFFFFFFFFFFFFFFFFFFFFFFFFFFFFFFFFFFFFFFFFFFFFFFFFFFFFFFFFFFF60
:2020A000FFFFFFFFFFFFFFFFFFFFFFFFFFFFFFFFFFFFFFFFFFFFFFFFFFFFFFFFFFFFFFFF40
:2020C000FFFFFFFFFFFFFFFFFFFFFFFFFFFFFFFFFFFFFFFFFFFFFFFFFFFFFFFFFFFFFFFF20
:2020E000FFFFFFFFFFFFFFFFFFFFFFFFFFFFFFFFFFFFFFFFFFFFFFFFFFFFFFFFFFFFFFFF00
:20210000FFFFFFFFFFFFFFFFFFFFFFFFFFFFFFFFFFFFFFFFFFFFFFFFFFFFFFFFFFFFFFFFDF
:20212000FFFFFFFFFFFFFFFFFFFFFFFFFFFFFFFFFFFFFFFFFFFFFFFFFFFFFFFFFFFFFFFFBF
:20214000FFFFFFFFFFFFFFFFFFFFFFFFFFFFFFFFFFFFFFFFFFFFFFFFFFFFFFFFFFFFFFFF9F
:20216000FFFFFFFFFFFFFFFFFFFFFFFFFFFFFFFFFFFFFFFFFFFFFFFFFFFFFFFFFFFFFFFF7F
:20218000FFFFFFFFFFFFFFFFFFFFFFFFFFFFFFFFFFFFFFFFFFFFFFFFFFFFFFFFFFFFFFFF5F
:2021A000FFFFFFFFFFFFFFFFFFFFFFFFFFFFFFFFFFFFFFFFFFFFFFFFFFFFFFFFFFFFFFFF3F
:2021C000FFFFFFFFFFFFFFFFFFFFFFFFFFFFFFFFFFFFFFFFFFFFFFFFFFFFFFFFFFFFFFFF1F
:2021E000FFFFFFFFFFFFFFFFFFFFFFFFFFFFFFFFFFFFFFFFFFFFFFFFFFFFFFFFFFFFFFFFFF
:20220000FFFFFFFFFFFFFFFFFFFFFFFFFFFFFFFFFFFFFFFFFFFFFFFFFFFFFFFFFFFFFFFFDE
:20222000FFFFFFFFFFFFFFFFFFFFFFFFFFFFFFFFFFFFFFFFFFFFFFFFFFFFFFFFFFFFFFFFBE
:20224000FFFFFFFFFFFFFFFFFFFFFFFFFFFFFFFFFFFFFFFFFFFFFFFFFFFFFFFFFFFFFFFF9E
:20226000FFFFFFFFFFFFFFFFFFFFFFFFFFFFFFFFFFFFFFFFFFFFFFFFFFFFFFFFFFFFFFFF7E
:20228000FFFFFFFFFFFFFFFFFFFFFFFFFFFFFFFFFFFFFFFFFFFFFFFFFFFFFFFFFFFFFFFF5E
:2022A000FFFFFFFFFFFFFFFFFFFFFFFFFFFFFFFFFFFFFFFFFFFFFFFFFFFFFFFFFFFFFFFF3E
:2022C000FFFFFFFFFFFFFFFFFFFFFFFFFFFFFFFFFFFFFFFFFFFFFFFFFFFFFFFFFFFFFFFF1E
:2022E000FFFFFFFFFFFFFFFFFFFFFFFFFFFFFFFFFFFFFFFFFFFFFFFFFFFFFFFFFFFFFFFFFE
:20230000FFFFFFFFFFFFFFFFFFFFFFFFFFFFFFFFFFFFFFFFFFFFFFFFFFFFFFFFFFFFFFFFDD
:20232000FFFFFFFFFFFFFFFFFFFFFFFFFFFFFFFFFFFFFFFFFFFFFFFFFFFFFFFFFFFFFFFFBD
:20234000FFFFFFFFFFFFFFFFFFFFFFFFFFFFFFFFFFFFFFFFFFFFFFFFFFFFFFFFFFFFFFFF9D
:20236000FFFFFFFFFFFFFFFFFFFFFFFFFFFFFFFFFFFFFFFFFFFFFFFFFFFFFFFFFFFFFFFF7D
:20238000FFFFFFFFFFFFFFFFFFFFFFFFFFFFFFFFFFFFFFFFFFFFFFFFFFFFFFFFFFFFFFFF5D
:2023A000FFFFFFFFFFFFFFFFFFFFFFFFFFFFFFFFFFFFFFFFFFFFFFFFFFFFFFFFFFFFFFFF3D
:2023C000FFFFFFFFFFFFFFFFFFFFFFFFFFFFFFFFFFFFFFFFFFFFFFFFFFFFFFFFFFFFFFFF1D
:2023E000FFFFFFFFFFFFFFFFFFFFFFFFFFFFFFFFFFFFFFFFFFFFFFFFFFFFFFFFFFFFFFFFFD
:20240000FFFFFFFFFFFFFFFFFFFFFFFFFFFFFFFFFFFFFFFFFFFFFFFFFFFFFFFFFFFFFFFFDC
:20242000FFFFFFFFFFFFFFFFFFFFFFFFFFFFFFFFFFFFFFFFFFFFFFFFFFFFFFFFFFFFFFFFBC
:20244000FFFFFFFFFFFFFFFFFFFFFFFFFFFFFFFFFFFFFFFFFFFFFFFFFFFFFFFFFFFFFFFF9C
:20246000FFFFFFFFFFFFFFFFFFFFFFFFFFFFFFFFFFFFFFFFFFFFFFFFFFFFFFFFFFFFFFFF7C
:20248000FFFFFFFFFFFFFFFFFFFFFFFFFFFFFFFFFFFFFFFFFFFFFFFFFFFFFFFFFFFFFFFF5C
:2024A000FFFFFFFFFFFFFFFFFFFFFFFFFFFFFFFFFFFFFFFFFFFFFFFFFFFFFFFFFFFFFFFF3C
:2024C000FFFFFFFFFFFFFFFFFFFFFFFFFFFFFFFFFFFFFFFFFFFFFFFFFFFFFFFFFFFFFFFF1C
:2024E000FFFFFFFFFFFFFFFFFFFFFFFFFFFFFFFFFFFFFFFFFFFFFFFFFFFFFFFFFFFFFFFFFC
:20250000FFFFFFFFFFFFFFFFFFFFFFFFFFFFFFFFFFFFFFFFFFFFFFFFFFFFFFFFFFFFFFFFDB
:20252000FFFFFFFFFFFFFFFFFFFFFFFFFFFFFFFFFFFFFFFFFFFFFFFFFFFFFFFFFFFFFFFFBB
:20254000FFFFFFFFFFFFFFFFFFFFFFFFFFFFFFFFFFFFFFFFFFFFFFFFFFFFFFFFFFFFFFFF9B
:20256000FFFFFFFFFFFFFFFFFFFFFFFFFFFFFFFFFFFFFFFFFFFFFFFFFFFFFFFFFFFFFFFF7B
:20258000FFFFFFFFFFFFFFFFFFFFFFFFFFFFFFFFFFFFFFFFFFFFFFFFFFFFFFFFFFFFFFFF5B
:2025A000FFFFFFFFFFFFFFFFFFFFFFFFFFFFFFFFFFFFFFFFFFFFFFFFFFFFFFFFFFFFFFFF3B
:2025C000FFFFFFFFFFFFFFFFFFFFFFFFFFFFFFFFFFFFFFFFFFFFFFFFFFFFFFFFFFFFFFFF1B
:2025E000FFFFFFFFFFFFFFFFFFFFFFFFFFFFFFFFFFFFFFFFFFFFFFFFFFFFFFFFFFFFFFFFFB
:20260000FFFFFFFFFFFFFFFFFFFFFFFFFFFFFFFFFFFFFFFFFFFFFFFFFFFFFFFFFFFFFFFFDA
:20262000FFFFFFFFFFFFFFFFFFFFFFFFFFFFFFFFFFFFFFFFFFFFFFFFFFFFFFFFFFFFFFFFBA
:20264000FFFFFFFFFFFFFFFFFFFFFFFFFFFFFFFFFFFFFFFFFFFFFFFFFFFFFFFFFFFFFFFF9A
:20266000FFFFFFFFFFFFFFFFFFFFFFFFFFFFFFFFFFFFFFFFFFFFFFFFFFFFFFFFFFFFFFFF7A
:20268000FFFFFFFFFFFFFFFFFFFFFFFFFFFFFFFFFFFFFFFFFFFFFFFFFFFFFFFFFFFFFFFF5A
:2026A000FFFFFFFFFFFFFFFFFFFFFFFFFFFFFFFFFFFFFFFFFFFFFFFFFFFFFFFFFFFFFFFF3A
:2026C000FFFFFFFFFFFFFFFFFFFFFFFFFFFFFFFFFFFFFFFFFFFFFFFFFFFFFFFFFFFFFFFF1A
:2026E000FFFFFFFFFFFFFFFFFFFFFFFFFFFFFFFFFFFFFFFFFFFFFFFFFFFFFFFFFFFFFFFFFA
:20270000FFFFFFFFFFFFFFFFFFFFFFFFFFFFFFFFFFFFFFFFFFFFFFFFFFFFFFFFFFFFFFFFD9
:20272000FFFFFFFFFFFFFFFFFFFFFFFFFFFFFFFFFFFFFFFFFFFFFFFFFFFFFFFFFFFFFFFFB9
:20274000FFFFFFFFFFFFFFFFFFFFFFFFFFFFFFFFFFFFFFFFFFFFFFFFFFFFFFFFFFFFFFFF99
:20276000FFFFFFFFFFFFFFFFFFFFFFFFFFFFFFFFFFFFFFFFFFFFFFFFFFFFFFFFFFFFFFFF79
:20278000FFFFFFFFFFFFFFFFFFFFFFFFFFFFFFFFFFFFFFFFFFFFFFFFFFFFFFFFFFFFFFFF59
:2027A000FFFFFFFFFFFFFFFFFFFFFFFFFFFFFFFFFFFFFFFFFFFFFFFFFFFFFFFFFFFFFFFF39
:2027C000FFFFFFFFFFFFFFFFFFFFFFFFFFFFFFFFFFFFFFFFFFFFFFFFFFFFFFFFFFFFFFFF19
:2027E000FFFFFFFFFFFFFFFFFFFFFFFFFFFFFFFFFFFFFFFFFFFFFFFFFFFFFFFFFFFFFFFFF9
:20280000FFFFFFFFFFFFFFFFFFFFFFFFFFFFFFFFFFFFFFFFFFFFFFFFFFFFFFFFFFFFFFFFD8
:20282000FFFFFFFFFFFFFFFFFFFFFFFFFFFFFFFFFFFFFFFFFFFFFFFFFFFFFFFFFFFFFFFFB8
:20284000FFFFFFFFFFFFFFFFFFFFFFFFFFFFFFFFFFFFFFFFFFFFFFFFFFFFFFFFFFFFFFFF98
:20286000FFFFFFFFFFFFFFFFFFFFFFFFFFFFFFFFFFFFFFFFFFFFFFFFFFFFFFFFFFFFFFFF78
:20288000FFFFFFFFFFFFFFFFFFFFFFFFFFFFFFFFFFFFFFFFFFFFFFFFFFFFFFFFFFFFFFFF58
:2028A000FFFFFFFFFFFFFFFFFFFFFFFFFFFFFFFFFFFFFFFFFFFFFFFFFFFFFFFFFFFFFFFF38
:2028C000FFFFFFFFFFFFFFFFFFFFFFFFFFFFFFFFFFFFFFFFFFFFFFFFFFFFFFFFFFFFFFFF18
:2028E000FFFFFFFFFFFFFFFFFFFFFFFFFFFFFFFFFFFFFFFFFFFFFFFFFFFFFFFFFFFFFFFFF8
:20290000FFFFFFFFFFFFFFFFFFFFFFFFFFFFFFFFFFFFFFFFFFFFFFFFFFFFFFFFFFFFFFFFD7
:20292000FFFFFFFFFFFFFFFFFFFFFFFFFFFFFFFFFFFFFFFFFFFFFFFFFFFFFFFFFFFFFFFFB7
:20294000FFFFFFFFFFFFFFFFFFFFFFFFFFFFFFFFFFFFFFFFFFFFFFFFFFFFFFFFFFFFFFFF97
:20296000FFFFFFFFFFFFFFFFFFFFFFFFFFFFFFFFFFFFFFFFFFFFFFFFFFFFFFFFFFFFFFFF77
:20298000FFFFFFFFFFFFFFFFFFFFFFFFFFFFFFFFFFFFFFFFFFFFFFFFFFFFFFFFFFFFFFFF57
:2029A000FFFFFFFFFFFFFFFFFFFFFFFFFFFFFFFFFFFFFFFFFFFFFFFFFFFFFFFFFFFFFFFF37
:2029C000FFFFFFFFFFFFFFFFFFFFFFFFFFFFFFFFFFFFFFFFFFFFFFFFFFFFFFFFFFFFFFFF17
:2029E000FFFFFFFFFFFFFFFFFFFFFFFFFFFFFFFFFFFFFFFFFFFFFFFFFFFFFFFFFFFFFFFFF7
:202A0000FFFFFFFFFFFFFFFFFFFFFFFFFFFFFFFFFFFFFFFFFFFFFFFFFFFFFFFFFFFFFFFFD6
:202A2000FFFFFFFFFFFFFFFFFFFFFFFFFFFFFFFFFFFFFFFFFFFFFFFFFFFFFFFFFFFFFFFFB6
:202A4000FFFFFFFFFFFFFFFFFFFFFFFFFFFFFFFFFFFFFFFFFFFFFFFFFFFFFFFFFFFFFFFF96
:202A6000FFFFFFFFFFFFFFFFFFFFFFFFFFFFFFFFFFFFFFFFFFFFFFFFFFFFFFFFFFFFFFFF76
:202A8000FFFFFFFFFFFFFFFFFFFFFFFFFFFFFFFFFFFFFFFFFFFFFFFFFFFFFFFFFFFFFFFF56
:202AA000FFFFFFFFFFFFFFFFFFFFFFFFFFFFFFFFFFFFFFFFFFFFFFFFFFFFFFFFFFFFFFFF36
:202AC000FFFFFFFFFFFFFFFFFFFFFFFFFFFFFFFFFFFFFFFFFFFFFFFFFFFFFFFFFFFFFFFF16
:202AE000FFFFFFFFFFFFFFFFFFFFFFFFFFFFFFFFFFFFFFFFFFFFFFFFFFFFFFFFFFFFFFFFF6
:202B0000FFFFFFFFFFFFFFFFFFFFFFFFFFFFFFFFFFFFFFFFFFFFFFFFFFFFFFFFFFFFFFFFD5
:202B2000FFFFFFFFFFFFFFFFFFFFFFFFFFFFFFFFFFFFFFFFFFFFFFFFFFFFFFFFFFFFFFFFB5
:202B4000FFFFFFFFFFFFFFFFFFFFFFFFFFFFFFFFFFFFFFFFFFFFFFFFFFFFFFFFFFFFFFFF95
:202B6000FFFFFFFFFFFFFFFFFFFFFFFFFFFFFFFFFFFFFFFFFFFFFFFFFFFFFFFFFFFFFFFF75
:202B8000FFFFFFFFFFFFFFFFFFFFFFFFFFFFFFFFFFFFFFFFFFFFFFFFFFFFFFFFFFFFFFFF55
:202BA000FFFFFFFFFFFFFFFFFFFFFFFFFFFFFFFFFFFFFFFFFFFFFFFFFFFFFFFFFFFFFFFF35
:202BC000FFFFFFFFFFFFFFFFFFFFFFFFFFFFFFFFFFFFFFFFFFFFFFFFFFFFFFFFFFFFFFFF15
:202BE000FFFFFFFFFFFFFFFFFFFFFFFFFFFFFFFFFFFFFFFFFFFFFFFFFFFFFFFFFFFFFFFFF5
:202C0000FFFFFFFFFFFFFFFFFFFFFFFFFFFFFFFFFFFFFFFFFFFFFFFFFFFFFFFFFFFFFFFFD4
:202C2000FFFFFFFFFFFFFFFFFFFFFFFFFFFFFFFFFFFFFFFFFFFFFFFFFFFFFFFFFFFFFFFFB4
:202C4000FFFFFFFFFFFFFFFFFFFFFFFFFFFFFFFFFFFFFFFFFFFFFFFFFFFFFFFFFFFFFFFF94
:202C6000FFFFFFFFFFFFFFFFFFFFFFFFFFFFFFFFFFFFFFFFFFFFFFFFFFFFFFFFFFFFFFFF74
:202C8000FFFFFFFFFFFFFFFFFFFFFFFFFFFFFFFFFFFFFFFFFFFFFFFFFFFFFFFFFFFFFFFF54
:202CA000FFFFFFFFFFFFFFFFFFFFFFFFFFFFFFFFFFFFFFFFFFFFFFFFFFFFFFFFFFFFFFFF34
:202CC000FFFFFFFFFFFFFFFFFFFFFFFFFFFFFFFFFFFFFFFFFFFFFFFFFFFFFFFFFFFFFFFF14
:202CE000FFFFFFFFFFFFFFFFFFFFFFFFFFFFFFFFFFFFFFFFFFFFFFFFFFFFFFFFFFFFFFFFF4
:202D0000FFFFFFFFFFFFFFFFFFFFFFFFFFFFFFFFFFFFFFFFFFFFFFFFFFFFFFFFFFFFFFFFD3
:202D2000FFFFFFFFFFFFFFFFFFFFFFFFFFFFFFFFFFFFFFFFFFFFFFFFFFFFFFFFFFFFFFFFB3
:202D4000FFFFFFFFFFFFFFFFFFFFFFFFFFFFFFFFFFFFFFFFFFFFFFFFFFFFFFFFFFFFFFFF93
:202D6000FFFFFFFFFFFFFFFFFFFFFFFFFFFFFFFFFFFFFFFFFFFFFFFFFFFFFFFFFFFFFFFF73
:202D8000FFFFFFFFFFFFFFFFFFFFFFFFFFFFFFFFFFFFFFFFFFFFFFFFFFFFFFFFFFFFFFFF53
:202DA000FFFFFFFFFFFFFFFFFFFFFFFFFFFFFFFFFFFFFFFFFFFFFFFFFFFFFFFFFFFFFFFF33
:202DC000FFFFFFFFFFFFFFFFFFFFFFFFFFFFFFFFFFFFFFFFFFFFFFFFFFFFFFFFFFFFFFFF13
:202DE000FFFFFFFFFFFFFFFFFFFFFFFFFFFFFFFFFFFFFFFFFFFFFFFFFFFFFFFFFFFFFFFFF3
:202E0000FFFFFFFFFFFFFFFFFFFFFFFFFFFFFFFFFFFFFFFFFFFFFFFFFFFFFFFFFFFFFFFFD2
:202E2000FFFFFFFFFFFFFFFFFFFFFFFFFFFFFFFFFFFFFFFFFFFFFFFFFFFFFFFFFFFFFFFFB2
:202E4000FFFFFFFFFFFFFFFFFFFFFFFFFFFFFFFFFFFFFFFFFFFFFFFFFFFFFFFFFFFFFFFF92
:202E6000FFFFFFFFFFFFFFFFFFFFFFFFFFFFFFFFFFFFFFFFFFFFFFFFFFFFFFFFFFFFFFFF72
:202E8000FFFFFFFFFFFFFFFFFFFFFFFFFFFFFFFFFFFFFFFFFFFFFFFFFFFFFFFFFFFFFFFF52
:202EA000FFFFFFFFFFFFFFFFFFFFFFFFFFFFFFFFFFFFFFFFFFFFFFFFFFFFFFFFFFFFFFFF32
:202EC000FFFFFFFFFFFFFFFFFFFFFFFFFFFFFFFFFFFFFFFFFFFFFFFFFFFFFFFFFFFFFFFF12
:202EE000FFFFFFFFFFFFFFFFFFFFFFFFFFFFFFFFFFFFFFFFFFFFFFFFFFFFFFFFFFFFFFFFF2
:202F0000FFFFFFFFFFFFFFFFFFFFFFFFFFFFFFFFFFFFFFFFFFFFFFFFFFFFFFFFFFFFFFFFD1
:202F2000FFFFFFFFFFFFFFFFFFFFFFFFFFFFFFFFFFFFFFFFFFFFFFFFFFFFFFFFFFFFFFFFB1
:202F4000FFFFFFFFFFFFFFFFFFFFFFFFFFFFFFFFFFFFFFFFFFFFFFFFFFFFFFFFFFFFFFFF91
:202F6000FFFFFFFFFFFFFFFFFFFFFFFFFFFFFFFFFFFFFFFFFFFFFFFFFFFFFFFFFFFFFFFF71
:202F8000FFFFFFFFFFFFFFFFFFFFFFFFFFFFFFFFFFFFFFFFFFFFFFFFFFFFFFFFFFFFFFFF51
:202FA000FFFFFFFFFFFFFFFFFFFFFFFFFFFFFFFFFFFFFFFFFFFFFFFFFFFFFFFFFFFFFFFF31
:202FC000FFFFFFFFFFFFFFFFFFFFFFFFFFFFFFFFFFFFFFFFFFFFFFFFFFFFFFFFFFFFFFFF11
:202FE000FFFFFFFFFFFFFFFFFFFFFFFFFFFFFFFFFFFFFFFFFFFFFFFFFFFFFFFFFFFFFFFFF1
:20300000FFFFFFFFFFFFFFFFFFFFFFFFFFFFFFFFFFFFFFFFFFFFFFFFFFFFFFFFFFFFFFFFD0
:20302000FFFFFFFFFFFFFFFFFFFFFFFFFFFFFFFFFFFFFFFFFFFFFFFFFFFFFFFFFFFFFFFFB0
:20304000FFFFFFFFFFFFFFFFFFFFFFFFFFFFFFFFFFFFFFFFFFFFFFFFFFFFFFFFFFFFFFFF90
:20306000FFFFFFFFFFFFFFFFFFFFFFFFFFFFFFFFFFFFFFFFFFFFFFFFFFFFFFFFFFFFFFFF70
:20308000FFFFFFFFFFFFFFFFFFFFFFFFFFFFFFFFFFFFFFFFFFFFFFFFFFFFFFFFFFFFFFFF50
:2030A000FFFFFFFFFFFFFFFFFFFFFFFFFFFFFFFFFFFFFFFFFFFFFFFFFFFFFFFFFFFFFFFF30
:2030C000FFFFFFFFFFFFFFFFFFFFFFFFFFFFFFFFFFFFFFFFFFFFFFFFFFFFFFFFFFFFFFFF10
:2030E000FFFFFFFFFFFFFFFFFFFFFFFFFFFFFFFFFFFFFFFFFFFFFFFFFFFFFFFFFFFFFFFFF0
:20310000FFFFFFFFFFFFFFFFFFFFFFFFFFFFFFFFFFFFFFFFFFFFFFFFFFFFFFFFFFFFFFFFCF
:20312000FFFFFFFFFFFFFFFFFFFFFFFFFFFFFFFFFFFFFFFFFFFFFFFFFFFFFFFFFFFFFFFFAF
:20314000FFFFFFFFFFFFFFFFFFFFFFFFFFFFFFFFFFFFFFFFFFFFFFFFFFFFFFFFFFFFFFFF8F
:20316000FFFFFFFFFFFFFFFFFFFFFFFFFFFFFFFFFFFFFFFFFFFFFFFFFFFFFFFFFFFFFFFF6F
:20318000FFFFFFFFFFFFFFFFFFFFFFFFFFFFFFFFFFFFFFFFFFFFFFFFFFFFFFFFFFFFFFFF4F
:2031A000FFFFFFFFFFFFFFFFFFFFFFFFFFFFFFFFFFFFFFFFFFFFFFFFFFFFFFFFFFFFFFFF2F
:2031C000FFFFFFFFFFFFFFFFFFFFFFFFFFFFFFFFFFFFFFFFFFFFFFFFFFFFFFFFFFFFFFFF0F
:2031E000FFFFFFFFFFFFFFFFFFFFFFFFFFFFFFFFFFFFFFFFFFFFFFFFFFFFFFFFFFFFFFFFEF
:20320000FFFFFFFFFFFFFFFFFFFFFFFFFFFFFFFFFFFFFFFFFFFFFFFFFFFFFFFFFFFFFFFFCE
:20322000FFFFFFFFFFFFFFFFFFFFFFFFFFFFFFFFFFFFFFFFFFFFFFFFFFFFFFFFFFFFFFFFAE
:20324000FFFFFFFFFFFFFFFFFFFFFFFFFFFFFFFFFFFFFFFFFFFFFFFFFFFFFFFFFFFFFFFF8E
:20326000FFFFFFFFFFFFFFFFFFFFFFFFFFFFFFFFFFFFFFFFFFFFFFFFFFFFFFFFFFFFFFFF6E
:20328000FFFFFFFFFFFFFFFFFFFFFFFFFFFFFFFFFFFFFFFFFFFFFFFFFFFFFFFFFFFFFFFF4E
:2032A000FFFFFFFFFFFFFFFFFFFFFFFFFFFFFFFFFFFFFFFFFFFFFFFFFFFFFFFFFFFFFFFF2E
:2032C000FFFFFFFFFFFFFFFFFFFFFFFFFFFFFFFFFFFFFFFFFFFFFFFFFFFFFFFFFFFFFFFF0E
:2032E000FFFFFFFFFFFFFFFFFFFFFFFFFFFFFFFFFFFFFFFFFFFFFFFFFFFFFFFFFFFFFFFFEE
:20330000FFFFFFFFFFFFFFFFFFFFFFFFFFFFFFFFFFFFFFFFFFFFFFFFFFFFFFFFFFFFFFFFCD
:20332000FFFFFFFFFFFFFFFFFFFFFFFFFFFFFFFFFFFFFFFFFFFFFFFFFFFFFFFFFFFFFFFFAD
:20334000FFFFFFFFFFFFFFFFFFFFFFFFFFFFFFFFFFFFFFFFFFFFFFFFFFFFFFFFFFFFFFFF8D
:20336000FFFFFFFFFFFFFFFFFFFFFFFFFFFFFFFFFFFFFFFFFFFFFFFFFFFFFFFFFFFFFFFF6D
:20338000FFFFFFFFFFFFFFFFFFFFFFFFFFFFFFFFFFFFFFFFFFFFFFFFFFFFFFFFFFFFFFFF4D
:2033A000FFFFFFFFFFFFFFFFFFFFFFFFFFFFFFFFFFFFFFFFFFFFFFFFFFFFFFFFFFFFFFFF2D
:2033C000FFFFFFFFFFFFFFFFFFFFFFFFFFFFFFFFFFFFFFFFFFFFFFFFFFFFFFFFFFFFFFFF0D
:2033E000FFFFFFFFFFFFFFFFFFFFFFFFFFFFFFFFFFFFFFFFFFFFFFFFFFFFFFFFFFFFFFFFED
:20340000FFFFFFFFFFFFFFFFFFFFFFFFFFFFFFFFFFFFFFFFFFFFFFFFFFFFFFFFFFFFFFFFCC
:20342000FFFFFFFFFFFFFFFFFFFFFFFFFFFFFFFFFFFFFFFFFFFFFFFFFFFFFFFFFFFFFFFFAC
:20344000FFFFFFFFFFFFFFFFFFFFFFFFFFFFFFFFFFFFFFFFFFFFFFFFFFFFFFFFFFFFFFFF8C
:20346000FFFFFFFFFFFFFFFFFFFFFFFFFFFFFFFFFFFFFFFFFFFFFFFFFFFFFFFFFFFFFFFF6C
:20348000FFFFFFFFFFFFFFFFFFFFFFFFFFFFFFFFFFFFFFFFFFFFFFFFFFFFFFFFFFFFFFFF4C
:2034A000FFFFFFFFFFFFFFFFFFFFFFFFFFFFFFFFFFFFFFFFFFFFFFFFFFFFFFFFFFFFFFFF2C
:2034C000FFFFFFFFFFFFFFFFFFFFFFFFFFFFFFFFFFFFFFFFFFFFFFFFFFFFFFFFFFFFFFFF0C
:2034E000FFFFFFFFFFFFFFFFFFFFFFFFFFFFFFFFFFFFFFFFFFFFFFFFFFFFFFFFFFFFFFFFEC
:20350000FFFFFFFFFFFFFFFFFFFFFFFFFFFFFFFFFFFFFFFFFFFFFFFFFFFFFFFFFFFFFFFFCB
:20352000FFFFFFFFFFFFFFFFFFFFFFFFFFFFFFFFFFFFFFFFFFFFFFFFFFFFFFFFFFFFFFFFAB
:20354000FFFFFFFFFFFFFFFFFFFFFFFFFFFFFFFFFFFFFFFFFFFFFFFFFFFFFFFFFFFFFFFF8B
:20356000FFFFFFFFFFFFFFFFFFFFFFFFFFFFFFFFFFFFFFFFFFFFFFFFFFFFFFFFFFFFFFFF6B
:20358000FFFFFFFFFFFFFFFFFFFFFFFFFFFFFFFFFFFFFFFFFFFFFFFFFFFFFFFFFFFFFFFF4B
:2035A000FFFFFFFFFFFFFFFFFFFFFFFFFFFFFFFFFFFFFFFFFFFFFFFFFFFFFFFFFFFFFFFF2B
:2035C000FFFFFFFFFFFFFFFFFFFFFFFFFFFFFFFFFFFFFFFFFFFFFFFFFFFFFFFFFFFFFFFF0B
:2035E000FFFFFFFFFFFFFFFFFFFFFFFFFFFFFFFFFFFFFFFFFFFFFFFFFFFFFFFFFFFFFFFFEB
:20360000FFFFFFFFFFFFFFFFFFFFFFFFFFFFFFFFFFFFFFFFFFFFFFFFFFFFFFFFFFFFFFFFCA
:20362000FFFFFFFFFFFFFFFFFFFFFFFFFFFFFFFFFFFFFFFFFFFFFFFFFFFFFFFFFFFFFFFFAA
:20364000FFFFFFFFFFFFFFFFFFFFFFFFFFFFFFFFFFFFFFFFFFFFFFFFFFFFFFFFFFFFFFFF8A
:20366000FFFFFFFFFFFFFFFFFFFFFFFFFFFFFFFFFFFFFFFFFFFFFFFFFFFFFFFFFFFFFFFF6A
:20368000FFFFFFFFFFFFFFFFFFFFFFFFFFFFFFFFFFFFFFFFFFFFFFFFFFFFFFFFFFFFFFFF4A
:2036A000FFFFFFFFFFFFFFFFFFFFFFFFFFFFFFFFFFFFFFFFFFFFFFFFFFFFFFFFFFFFFFFF2A
:2036C000FFFFFFFFFFFFFFFFFFFFFFFFFFFFFFFFFFFFFFFFFFFFFFFFFFFFFFFFFFFFFFFF0A
:2036E000FFFFFFFFFFFFFFFFFFFFFFFFFFFFFFFFFFFFFFFFFFFFFFFFFFFFFFFFFFFFFFFFEA
:20370000FFFFFFFFFFFFFFFFFFFFFFFFFFFFFFFFFFFFFFFFFFFFFFFFFFFFFFFFFFFFFFFFC9
:20372000FFFFFFFFFFFFFFFFFFFFFFFFFFFFFFFFFFFFFFFFFFFFFFFFFFFFFFFFFFFFFFFFA9
:20374000FFFFFFFFFFFFFFFFFFFFFFFFFFFFFFFFFFFFFFFFFFFFFFFFFFFFFFFFFFFFFFFF89
:20376000FFFFFFFFFFFFFFFFFFFFFFFFFFFFFFFFFFFFFFFFFFFFFFFFFFFFFFFFFFFFFFFF69
:20378000FFFFFFFFFFFFFFFFFFFFFFFFFFFFFFFFFFFFFFFFFFFFFFFFFFFFFFFFFFFFFFFF49
:2037A000FFFFFFFFFFFFFFFFFFFFFFFFFFFFFFFFFFFFFFFFFFFFFFFFFFFFFFFFFFFFFFFF29
:2037C000FFFFFFFFFFFFFFFFFFFFFFFFFFFFFFFFFFFFFFFFFFFFFFFFFFFFFFFFFFFFFFFF09
:2037E000FFFFFFFFFFFFFFFFFFFFFFFFFFFFFFFFFFFFFFFFFFFFFFFFFFFFFFFFFFFFFFFFE9
:20380000FFFFFFFFFFFFFFFFFFFFFFFFFFFFFFFFFFFFFFFFFFFFFFFFFFFFFFFFFFFFFFFFC8
:20382000FFFFFFFFFFFFFFFFFFFFFFFFFFFFFFFFFFFFFFFFFFFFFFFFFFFFFFFFFFFFFFFFA8
:20384000FFFFFFFFFFFFFFFFFFFFFFFFFFFFFFFFFFFFFFFFFFFFFFFFFFFFFFFFFFFFFFFF88
:20386000FFFFFFFFFFFFFFFFFFFFFFFFFFFFFFFFFFFFFFFFFFFFFFFFFFFFFFFFFFFFFFFF68
:20388000FFFFFFFFFFFFFFFFFFFFFFFFFFFFFFFFFFFFFFFFFFFFFFFFFFFFFFFFFFFFFFFF48
:2038A000FFFFFFFFFFFFFFFFFFFFFFFFFFFFFFFFFFFFFFFFFFFFFFFFFFFFFFFFFFFFFFFF28
:2038C000FFFFFFFFFFFFFFFFFFFFFFFFFFFFFFFFFFFFFFFFFFFFFFFFFFFFFFFFFFFFFFFF08
:2038E000FFFFFFFFFFFFFFFFFFFFFFFFFFFFFFFFFFFFFFFFFFFFFFFFFFFFFFFFFFFFFFFFE8
:20390000FFFFFFFFFFFFFFFFFFFFFFFFFFFFFFFFFFFFFFFFFFFFFFFFFFFFFFFFFFFFFFFFC7
:20392000FFFFFFFFFFFFFFFFFFFFFFFFFFFFFFFFFFFFFFFFFFFFFFFFFFFFFFFFFFFFFFFFA7
:20394000FFFFFFFFFFFFFFFFFFFFFFFFFFFFFFFFFFFFFFFFFFFFFFFFFFFFFFFFFFFFFFFF87
:20396000FFFFFFFFFFFFFFFFFFFFFFFFFFFFFFFFFFFFFFFFFFFFFFFFFFFFFFFFFFFFFFFF67
:20398000FFFFFFFFFFFFFFFFFFFFFFFFFFFFFFFFFFFFFFFFFFFFFFFFFFFFFFFFFFFFFFFF47
:2039A000FFFFFFFFFFFFFFFFFFFFFFFFFFFFFFFFFFFFFFFFFFFFFFFFFFFFFFFFFFFFFFFF27
:2039C000FFFFFFFFFFFFFFFFFFFFFFFFFFFFFFFFFFFFFFFFFFFFFFFFFFFFFFFFFFFFFFFF07
:2039E000FFFFFFFFFFFFFFFFFFFFFFFFFFFFFFFFFFFFFFFFFFFFFFFFFFFFFFFFFFFFFFFFE7
:203A0000FFFFFFFFFFFFFFFFFFFFFFFFFFFFFFFFFFFFFFFFFFFFFFFFFFFFFFFFFFFFFFFFC6
:203A2000FFFFFFFFFFFFFFFFFFFFFFFFFFFFFFFFFFFFFFFFFFFFFFFFFFFFFFFFFFFFFFFFA6
:203A4000FFFFFFFFFFFFFFFFFFFFFFFFFFFFFFFFFFFFFFFFFFFFFFFFFFFFFFFFFFFFFFFF86
:203A6000FFFFFFFFFFFFFFFFFFFFFFFFFFFFFFFFFFFFFFFFFFFFFFFFFFFFFFFFFFFFFFFF66
:203A8000FFFFFFFFFFFFFFFFFFFFFFFFFFFFFFFFFFFFFFFFFFFFFFFFFFFFFFFFFFFFFFFF46
:203AA000FFFFFFFFFFFFFFFFFFFFFFFFFFFFFFFFFFFFFFFFFFFFFFFFFFFFFFFFFFFFFFFF26
:203AC000FFFFFFFFFFFFFFFFFFFFFFFFFFFFFFFFFFFFFFFFFFFFFFFFFFFFFFFFFFFFFFFF06
:203AE000FFFFFFFFFFFFFFFFFFFFFFFFFFFFFFFFFFFFFFFFFFFFFFFFFFFFFFFFFFFFFFFFE6
:203B0000FFFFFFFFFFFFFFFFFFFFFFFFFFFFFFFFFFFFFFFFFFFFFFFFFFFFFFFFFFFFFFFFC5
:203B2000FFFFFFFFFFFFFFFFFFFFFFFFFFFFFFFFFFFFFFFFFFFFFFFFFFFFFFFFFFFFFFFFA5
:203B4000FFFFFFFFFFFFFFFFFFFFFFFFFFFFFFFFFFFFFFFFFFFFFFFFFFFFFFFFFFFFFFFF85
:203B6000FFFFFFFFFFFFFFFFFFFFFFFFFFFFFFFFFFFFFFFFFFFFFFFFFFFFFFFFFFFFFFFF65
:203B8000FFFFFFFFFFFFFFFFFFFFFFFFFFFFFFFFFFFFFFFFFFFFFFFFFFFFFFFFFFFFFFFF45
:203BA000FFFFFFFFFFFFFFFFFFFFFFFFFFFFFFFFFFFFFFFFFFFFFFFFFFFFFFFFFFFFFFFF25
:203BC000FFFFFFFFFFFFFFFFFFFFFFFFFFFFFFFFFFFFFFFFFFFFFFFFFFFFFFFFFFFFFFFF05
:203BE000FFFFFFFFFFFFFFFFFFFFFFFFFFFFFFFFFFFFFFFFFFFFFFFFFFFFFFFFFFFFFFFFE5
:203C0000FFFFFFFFFFFFFFFFFFFFFFFFFFFFFFFFFFFFFFFFFFFFFFFFFFFFFFFFFFFFFFFFC4
:203C2000FFFFFFFFFFFFFFFFFFFFFFFFFFFFFFFFFFFFFFFFFFFFFFFFFFFFFFFFFFFFFFFFA4
:203C4000FFFFFFFFFFFFFFFFFFFFFFFFFFFFFFFFFFFFFFFFFFFFFFFFFFFFFFFFFFFFFFFF84
:203C6000FFFFFFFFFFFFFFFFFFFFFFFFFFFFFFFFFFFFFFFFFFFFFFFFFFFFFFFFFFFFFFFF64
:203C8000FFFFFFFFFFFFFFFFFFFFFFFFFFFFFFFFFFFFFFFFFFFFFFFFFFFFFFFFFFFFFFFF44
:203CA000FFFFFFFFFFFFFFFFFFFFFFFFFFFFFFFFFFFFFFFFFFFFFFFFFFFFFFFFFFFFFFFF24
:203CC000FFFFFFFFFFFFFFFFFFFFFFFFFFFFFFFFFFFFFFFFFFFFFFFFFFFFFFFFFFFFFFFF04
:203CE000FFFFFFFFFFFFFFFFFFFFFFFFFFFFFFFFFFFFFFFFFFFFFFFFFFFFFFFFFFFFFFFFE4
:203D0000FFFFFFFFFFFFFFFFFFFFFFFFFFFFFFFFFFFFFFFFFFFFFFFFFFFFFFFFFFFFFFFFC3
:203D2000FFFFFFFFFFFFFFFFFFFFFFFFFFFFFFFFFFFFFFFFFFFFFFFFFFFFFFFFFFFFFFFFA3
:203D4000FFFFFFFFFFFFFFFFFFFFFFFFFFFFFFFFFFFFFFFFFFFFFFFFFFFFFFFFFFFFFFFF83
:203D6000FFFFFFFFFFFFFFFFFFFFFFFFFFFFFFFFFFFFFFFFFFFFFFFFFFFFFFFFFFFFFFFF63
:203D8000FFFFFFFFFFFFFFFFFFFFFFFFFFFFFFFFFFFFFFFFFFFFFFFFFFFFFFFFFFFFFFFF43
:203DA000FFFFFFFFFFFFFFFFFFFFFFFFFFFFFFFFFFFFFFFFFFFFFFFFFFFFFFFFFFFFFFFF23
:203DC000FFFFFFFFFFFFFFFFFFFFFFFFFFFFFFFFFFFFFFFFFFFFFFFFFFFFFFFFFFFFFFFF03
:203DE000FFFFFFFFFFFFFFFFFFFFFFFFFFFFFFFFFFFFFFFFFFFFFFFFFFFFFFFFFFFFFFFFE3
:203E0000FFFFFFFFFFFFFFFFFFFFFFFFFFFFFFFFFFFFFFFFFFFFFFFFFFFFFFFFFFFFFFFFC2
:203E2000FFFFFFFFFFFFFFFFFFFFFFFFFFFFFFFFFFFFFFFFFFFFFFFFFFFFFFFFFFFFFFFFA2
:203E4000FFFFFFFFFFFFFFFFFFFFFFFFFFFFFFFFFFFFFFFFFFFFFFFFFFFFFFFFFFFFFFFF82
:203E6000FFFFFFFFFFFFFFFFFFFFFFFFFFFFFFFFFFFFFFFFFFFFFFFFFFFFFFFFFFFFFFFF62
:203E8000FFFFFFFFFFFFFFFFFFFFFFFFFFFFFFFFFFFFFFFFFFFFFFFFFFFFFFFFFFFFFFFF42
:203EA000FFFFFFFFFFFFFFFFFFFFFFFFFFFFFFFFFFFFFFFFFFFFFFFFFFFFFFFFFFFFFFFF22
:203EC000FFFFFFFFFFFFFFFFFFFFFFFFFFFFFFFFFFFFFFFFFFFFFFFFFFFFFFFFFFFFFFFF02
:203EE000FFFFFFFFFFFFFFFFFFFFFFFFFFFFFFFFFFFFFFFFFFFFFFFFFFFFFFFFFFFFFFFFE2
:203F0000FFFFFFFFFFFFFFFFFFFFFFFFFFFFFFFFFFFFFFFFFFFFFFFFFFFFFFFFFFFFFFFFC1
:203F2000FFFFFFFFFFFFFFFFFFFFFFFFFFFFFFFFFFFFFFFFFFFFFFFFFFFFFFFFFFFFFFFFA1
:203F4000FFFFFFFFFFFFFFFFFFFFFFFFFFFFFFFFFFFFFFFFFFFFFFFFFFFFFFFFFFFFFFFF81
:203F6000FFFFFFFFFFFFFFFFFFFFFFFFFFFFFFFFFFFFFFFFFFFFFFFFFFFFFFFFFFFFFFFF61
:203F8000FFFFFFFFFFFFFFFFFFFFFFFFFFFFFFFFFFFFFFFFFFFFFFFFFFFFFFFFFFFFFFFF41
:203FA000FFFFFFFFFFFFFFFFFFFFFFFFFFFFFFFFFFFFFFFFFFFFFFFFFFFFFFFFFFFFFFFF21
:203FC000FFFFFFFFFFFFFFFFFFFFFFFFFFFFFFFFFFFFFFFFFFFFFFFFFFFFFFFFFFFFFFFF01
:203FE000FFFFFFFFFFFFFFFFFFFFFFFFFFFFFFFFFFFFFFFFFFFFFFFFFFFFFFFFFFFFFFFFE1
:20400000FFFFFFFFFFFFFFFFFFFFFFFFFFFFFFFFFFFFFFFFFFFFFFFFFFFFFFFFFFFFFFFFC0
:20402000FFFFFFFFFFFFFFFFFFFFFFFFFFFFFFFFFFFFFFFFFFFFFFFFFFFFFFFFFFFFFFFFA0
:20404000FFFFFFFFFFFFFFFFFFFFFFFFFFFFFFFFFFFFFFFFFFFFFFFFFFFFFFFFFFFFFFFF80
:20406000FFFFFFFFFFFFFFFFFFFFFFFFFFFFFFFFFFFFFFFFFFFFFFFFFFFFFFFFFFFFFFFF60
:20408000FFFFFFFFFFFFFFFFFFFFFFFFFFFFFFFFFFFFFFFFFFFFFFFFFFFFFFFFFFFFFFFF40
:2040A000FFFFFFFFFFFFFFFFFFFFFFFFFFFFFFFFFFFFFFFFFFFFFFFFFFFFFFFFFFFFFFFF20
:2040C000FFFFFFFFFFFFFFFFFFFFFFFFFFFFFFFFFFFFFFFFFFFFFFFFFFFFFFFFFFFFFFFF00
:2040E000FFFFFFFFFFFFFFFFFFFFFFFFFFFFFFFFFFFFFFFFFFFFFFFFFFFFFFFFFFFFFFFFE0
:20410000FFFFFFFFFFFFFFFFFFFFFFFFFFFFFFFFFFFFFFFFFFFFFFFFFFFFFFFFFFFFFFFFBF
:20412000FFFFFFFFFFFFFFFFFFFFFFFFFFFFFFFFFFFFFFFFFFFFFFFFFFFFFFFFFFFFFFFF9F
:20414000FFFFFFFFFFFFFFFFFFFFFFFFFFFFFFFFFFFFFFFFFFFFFFFFFFFFFFFFFFFFFFFF7F
:20416000FFFFFFFFFFFFFFFFFFFFFFFFFFFFFFFFFFFFFFFFFFFFFFFFFFFFFFFFFFFFFFFF5F
:20418000FFFFFFFFFFFFFFFFFFFFFFFFFFFFFFFFFFFFFFFFFFFFFFFFFFFFFFFFFFFFFFFF3F
:2041A000FFFFFFFFFFFFFFFFFFFFFFFFFFFFFFFFFFFFFFFFFFFFFFFFFFFFFFFFFFFFFFFF1F
:2041C000FFFFFFFFFFFFFFFFFFFFFFFFFFFFFFFFFFFFFFFFFFFFFFFFFFFFFFFFFFFFFFFFFF
:2041E000FFFFFFFFFFFFFFFFFFFFFFFFFFFFFFFFFFFFFFFFFFFFFFFFFFFFFFFFFFFFFFFFDF
:20420000FFFFFFFFFFFFFFFFFFFFFFFFFFFFFFFFFFFFFFFFFFFFFFFFFFFFFFFFFFFFFFFFBE
:20422000FFFFFFFFFFFFFFFFFFFFFFFFFFFFFFFFFFFFFFFFFFFFFFFFFFFFFFFFFFFFFFFF9E
:20424000FFFFFFFFFFFFFFFFFFFFFFFFFFFFFFFFFFFFFFFFFFFFFFFFFFFFFFFFFFFFFFFF7E
:20426000FFFFFFFFFFFFFFFFFFFFFFFFFFFFFFFFFFFFFFFFFFFFFFFFFFFFFFFFFFFFFFFF5E
:20428000FFFFFFFFFFFFFFFFFFFFFFFFFFFFFFFFFFFFFFFFFFFFFFFFFFFFFFFFFFFFFFFF3E
:2042A000FFFFFFFFFFFFFFFFFFFFFFFFFFFFFFFFFFFFFFFFFFFFFFFFFFFFFFFFFFFFFFFF1E
:2042C000FFFFFFFFFFFFFFFFFFFFFFFFFFFFFFFFFFFFFFFFFFFFFFFFFFFFFFFFFFFFFFFFFE
:2042E000FFFFFFFFFFFFFFFFFFFFFFFFFFFFFFFFFFFFFFFFFFFFFFFFFFFFFFFFFFFFFFFFDE
:20430000FFFFFFFFFFFFFFFFFFFFFFFFFFFFFFFFFFFFFFFFFFFFFFFFFFFFFFFFFFFFFFFFBD
:20432000FFFFFFFFFFFFFFFFFFFFFFFFFFFFFFFFFFFFFFFFFFFFFFFFFFFFFFFFFFFFFFFF9D
:20434000FFFFFFFFFFFFFFFFFFFFFFFFFFFFFFFFFFFFFFFFFFFFFFFFFFFFFFFFFFFFFFFF7D
:20436000FFFFFFFFFFFFFFFFFFFFFFFFFFFFFFFFFFFFFFFFFFFFFFFFFFFFFFFFFFFFFFFF5D
:20438000FFFFFFFFFFFFFFFFFFFFFFFFFFFFFFFFFFFFFFFFFFFFFFFFFFFFFFFFFFFFFFFF3D
:2043A000FFFFFFFFFFFFFFFFFFFFFFFFFFFFFFFFFFFFFFFFFFFFFFFFFFFFFFFFFFFFFFFF1D
:2043C000FFFFFFFFFFFFFFFFFFFFFFFFFFFFFFFFFFFFFFFFFFFFFFFFFFFFFFFFFFFFFFFFFD
:2043E000FFFFFFFFFFFFFFFFFFFFFFFFFFFFFFFFFFFFFFFFFFFFFFFFFFFFFFFFFFFFFFFFDD
:20440000FFFFFFFFFFFFFFFFFFFFFFFFFFFFFFFFFFFFFFFFFFFFFFFFFFFFFFFFFFFFFFFFBC
:20442000FFFFFFFFFFFFFFFFFFFFFFFFFFFFFFFFFFFFFFFFFFFFFFFFFFFFFFFFFFFFFFFF9C
:20444000FFFFFFFFFFFFFFFFFFFFFFFFFFFFFFFFFFFFFFFFFFFFFFFFFFFFFFFFFFFFFFFF7C
:20446000FFFFFFFFFFFFFFFFFFFFFFFFFFFFFFFFFFFFFFFFFFFFFFFFFFFFFFFFFFFFFFFF5C
:20448000FFFFFFFFFFFFFFFFFFFFFFFFFFFFFFFFFFFFFFFFFFFFFFFFFFFFFFFFFFFFFFFF3C
:2044A000FFFFFFFFFFFFFFFFFFFFFFFFFFFFFFFFFFFFFFFFFFFFFFFFFFFFFFFFFFFFFFFF1C
:2044C000FFFFFFFFFFFFFFFFFFFFFFFFFFFFFFFFFFFFFFFFFFFFFFFFFFFFFFFFFFFFFFFFFC
:2044E000FFFFFFFFFFFFFFFFFFFFFFFFFFFFFFFFFFFFFFFFFFFFFFFFFFFFFFFFFFFFFFFFDC
:20450000FFFFFFFFFFFFFFFFFFFFFFFFFFFFFFFFFFFFFFFFFFFFFFFFFFFFFFFFFFFFFFFFBB
:20452000FFFFFFFFFFFFFFFFFFFFFFFFFFFFFFFFFFFFFFFFFFFFFFFFFFFFFFFFFFFFFFFF9B
:20454000FFFFFFFFFFFFFFFFFFFFFFFFFFFFFFFFFFFFFFFFFFFFFFFFFFFFFFFFFFFFFFFF7B
:20456000FFFFFFFFFFFFFFFFFFFFFFFFFFFFFFFFFFFFFFFFFFFFFFFFFFFFFFFFFFFFFFFF5B
:20458000FFFFFFFFFFFFFFFFFFFFFFFFFFFFFFFFFFFFFFFFFFFFFFFFFFFFFFFFFFFFFFFF3B
:2045A000FFFFFFFFFFFFFFFFFFFFFFFFFFFFFFFFFFFFFFFFFFFFFFFFFFFFFFFFFFFFFFFF1B
:2045C000FFFFFFFFFFFFFFFFFFFFFFFFFFFFFFFFFFFFFFFFFFFFFFFFFFFFFFFFFFFFFFFFFB
:2045E000FFFFFFFFFFFFFFFFFFFFFFFFFFFFFFFFFFFFFFFFFFFFFFFFFFFFFFFFFFFFFFFFDB
:20460000FFFFFFFFFFFFFFFFFFFFFFFFFFFFFFFFFFFFFFFFFFFFFFFFFFFFFFFFFFFFFFFFBA
:20462000FFFFFFFFFFFFFFFFFFFFFFFFFFFFFFFFFFFFFFFFFFFFFFFFFFFFFFFFFFFFFFFF9A
:20464000FFFFFFFFFFFFFFFFFFFFFFFFFFFFFFFFFFFFFFFFFFFFFFFFFFFFFFFFFFFFFFFF7A
:20466000FFFFFFFFFFFFFFFFFFFFFFFFFFFFFFFFFFFFFFFFFFFFFFFFFFFFFFFFFFFFFFFF5A
:20468000FFFFFFFFFFFFFFFFFFFFFFFFFFFFFFFFFFFFFFFFFFFFFFFFFFFFFFFFFFFFFFFF3A
:2046A000FFFFFFFFFFFFFFFFFFFFFFFFFFFFFFFFFFFFFFFFFFFFFFFFFFFFFFFFFFFFFFFF1A
:2046C000FFFFFFFFFFFFFFFFFFFFFFFFFFFFFFFFFFFFFFFFFFFFFFFFFFFFFFFFFFFFFFFFFA
:2046E000FFFFFFFFFFFFFFFFFFFFFFFFFFFFFFFFFFFFFFFFFFFFFFFFFFFFFFFFFFFFFFFFDA
:20470000FFFFFFFFFFFFFFFFFFFFFFFFFFFFFFFFFFFFFFFFFFFFFFFFFFFFFFFFFFFFFFFFB9
:20472000FFFFFFFFFFFFFFFFFFFFFFFFFFFFFFFFFFFFFFFFFFFFFFFFFFFFFFFFFFFFFFFF99
:20474000FFFFFFFFFFFFFFFFFFFFFFFFFFFFFFFFFFFFFFFFFFFFFFFFFFFFFFFFFFFFFFFF79
:20476000FFFFFFFFFFFFFFFFFFFFFFFFFFFFFFFFFFFFFFFFFFFFFFFFFFFFFFFFFFFFFFFF59
:20478000FFFFFFFFFFFFFFFFFFFFFFFFFFFFFFFFFFFFFFFFFFFFFFFFFFFFFFFFFFFFFFFF39
:2047A000FFFFFFFFFFFFFFFFFFFFFFFFFFFFFFFFFFFFFFFFFFFFFFFFFFFFFFFFFFFFFFFF19
:2047C000FFFFFFFFFFFFFFFFFFFFFFFFFFFFFFFFFFFFFFFFFFFFFFFFFFFFFFFFFFFFFFFFF9
:2047E000FFFFFFFFFFFFFFFFFFFFFFFFFFFFFFFFFFFFFFFFFFFFFFFFFFFFFFFFFFFFFFFFD9
:20480000FFFFFFFFFFFFFFFFFFFFFFFFFFFFFFFFFFFFFFFFFFFFFFFFFFFFFFFFFFFFFFFFB8
:20482000FFFFFFFFFFFFFFFFFFFFFFFFFFFFFFFFFFFFFFFFFFFFFFFFFFFFFFFFFFFFFFFF98
:20484000FFFFFFFFFFFFFFFFFFFFFFFFFFFFFFFFFFFFFFFFFFFFFFFFFFFFFFFFFFFFFFFF78
:20486000FFFFFFFFFFFFFFFFFFFFFFFFFFFFFFFFFFFFFFFFFFFFFFFFFFFFFFFFFFFFFFFF58
:20488000FFFFFFFFFFFFFFFFFFFFFFFFFFFFFFFFFFFFFFFFFFFFFFFFFFFFFFFFFFFFFFFF38
:2048A000FFFFFFFFFFFFFFFFFFFFFFFFFFFFFFFFFFFFFFFFFFFFFFFFFFFFFFFFFFFFFFFF18
:2048C000FFFFFFFFFFFFFFFFFFFFFFFFFFFFFFFFFFFFFFFFFFFFFFFFFFFFFFFFFFFFFFFFF8
:2048E000FFFFFFFFFFFFFFFFFFFFFFFFFFFFFFFFFFFFFFFFFFFFFFFFFFFFFFFFFFFFFFFFD8
:20490000FFFFFFFFFFFFFFFFFFFFFFFFFFFFFFFFFFFFFFFFFFFFFFFFFFFFFFFFFFFFFFFFB7
:20492000FFFFFFFFFFFFFFFFFFFFFFFFFFFFFFFFFFFFFFFFFFFFFFFFFFFFFFFFFFFFFFFF97
:20494000FFFFFFFFFFFFFFFFFFFFFFFFFFFFFFFFFFFFFFFFFFFFFFFFFFFFFFFFFFFFFFFF77
:20496000FFFFFFFFFFFFFFFFFFFFFFFFFFFFFFFFFFFFFFFFFFFFFFFFFFFFFFFFFFFFFFFF57
:20498000FFFFFFFFFFFFFFFFFFFFFFFFFFFFFFFFFFFFFFFFFFFFFFFFFFFFFFFFFFFFFFFF37
:2049A000FFFFFFFFFFFFFFFFFFFFFFFFFFFFFFFFFFFFFFFFFFFFFFFFFFFFFFFFFFFFFFFF17
:2049C000FFFFFFFFFFFFFFFFFFFFFFFFFFFFFFFFFFFFFFFFFFFFFFFFFFFFFFFFFFFFFFFFF7
:2049E000FFFFFFFFFFFFFFFFFFFFFFFFFFFFFFFFFFFFFFFFFFFFFFFFFFFFFFFFFFFFFFFFD7
:204A0000FFFFFFFFFFFFFFFFFFFFFFFFFFFFFFFFFFFFFFFFFFFFFFFFFFFFFFFFFFFFFFFFB6
:204A2000FFFFFFFFFFFFFFFFFFFFFFFFFFFFFFFFFFFFFFFFFFFFFFFFFFFFFFFFFFFFFFFF96
:204A4000FFFFFFFFFFFFFFFFFFFFFFFFFFFFFFFFFFFFFFFFFFFFFFFFFFFFFFFFFFFFFFFF76
:204A6000FFFFFFFFFFFFFFFFFFFFFFFFFFFFFFFFFFFFFFFFFFFFFFFFFFFFFFFFFFFFFFFF56
:204A8000FFFFFFFFFFFFFFFFFFFFFFFFFFFFFFFFFFFFFFFFFFFFFFFFFFFFFFFFFFFFFFFF36
:204AA000FFFFFFFFFFFFFFFFFFFFFFFFFFFFFFFFFFFFFFFFFFFFFFFFFFFFFFFFFFFFFFFF16
:204AC000FFFFFFFFFFFFFFFFFFFFFFFFFFFFFFFFFFFFFFFFFFFFFFFFFFFFFFFFFFFFFFFFF6
:204AE000FFFFFFFFFFFFFFFFFFFFFFFFFFFFFFFFFFFFFFFFFFFFFFFFFFFFFFFFFFFFFFFFD6
:204B0000FFFFFFFFFFFFFFFFFFFFFFFFFFFFFFFFFFFFFFFFFFFFFFFFFFFFFFFFFFFFFFFFB5
:204B2000FFFFFFFFFFFFFFFFFFFFFFFFFFFFFFFFFFFFFFFFFFFFFFFFFFFFFFFFFFFFFFFF95
:204B4000FFFFFFFFFFFFFFFFFFFFFFFFFFFFFFFFFFFFFFFFFFFFFFFFFFFFFFFFFFFFFFFF75
:204B6000FFFFFFFFFFFFFFFFFFFFFFFFFFFFFFFFFFFFFFFFFFFFFFFFFFFFFFFFFFFFFFFF55
:204B8000FFFFFFFFFFFFFFFFFFFFFFFFFFFFFFFFFFFFFFFFFFFFFFFFFFFFFFFFFFFFFFFF35
:204BA000FFFFFFFFFFFFFFFFFFFFFFFFFFFFFFFFFFFFFFFFFFFFFFFFFFFFFFFFFFFFFFFF15
:204BC000FFFFFFFFFFFFFFFFFFFFFFFFFFFFFFFFFFFFFFFFFFFFFFFFFFFFFFFFFFFFFFFFF5
:204BE000FFFFFFFFFFFFFFFFFFFFFFFFFFFFFFFFFFFFFFFFFFFFFFFFFFFFFFFFFFFFFFFFD5
:204C0000FFFFFFFFFFFFFFFFFFFFFFFFFFFFFFFFFFFFFFFFFFFFFFFFFFFFFFFFFFFFFFFFB4
:204C2000FFFFFFFFFFFFFFFFFFFFFFFFFFFFFFFFFFFFFFFFFFFFFFFFFFFFFFFFFFFFFFFF94
:204C4000FFFFFFFFFFFFFFFFFFFFFFFFFFFFFFFFFFFFFFFFFFFFFFFFFFFFFFFFFFFFFFFF74
:204C6000FFFFFFFFFFFFFFFFFFFFFFFFFFFFFFFFFFFFFFFFFFFFFFFFFFFFFFFFFFFFFFFF54
:204C8000FFFFFFFFFFFFFFFFFFFFFFFFFFFFFFFFFFFFFFFFFFFFFFFFFFFFFFFFFFFFFFFF34
:204CA000FFFFFFFFFFFFFFFFFFFFFFFFFFFFFFFFFFFFFFFFFFFFFFFFFFFFFFFFFFFFFFFF14
:204CC000FFFFFFFFFFFFFFFFFFFFFFFFFFFFFFFFFFFFFFFFFFFFFFFFFFFFFFFFFFFFFFFFF4
:204CE000FFFFFFFFFFFFFFFFFFFFFFFFFFFFFFFFFFFFFFFFFFFFFFFFFFFFFFFFFFFFFFFFD4
:204D0000FFFFFFFFFFFFFFFFFFFFFFFFFFFFFFFFFFFFFFFFFFFFFFFFFFFFFFFFFFFFFFFFB3
:204D2000FFFFFFFFFFFFFFFFFFFFFFFFFFFFFFFFFFFFFFFFFFFFFFFFFFFFFFFFFFFFFFFF93
:204D4000FFFFFFFFFFFFFFFFFFFFFFFFFFFFFFFFFFFFFFFFFFFFFFFFFFFFFFFFFFFFFFFF73
:204D6000FFFFFFFFFFFFFFFFFFFFFFFFFFFFFFFFFFFFFFFFFFFFFFFFFFFFFFFFFFFFFFFF53
:204D8000FFFFFFFFFFFFFFFFFFFFFFFFFFFFFFFFFFFFFFFFFFFFFFFFFFFFFFFFFFFFFFFF33
:204DA000FFFFFFFFFFFFFFFFFFFFFFFFFFFFFFFFFFFFFFFFFFFFFFFFFFFFFFFFFFFFFFFF13
:204DC000FFFFFFFFFFFFFFFFFFFFFFFFFFFFFFFFFFFFFFFFFFFFFFFFFFFFFFFFFFFFFFFFF3
:204DE000FFFFFFFFFFFFFFFFFFFFFFFFFFFFFFFFFFFFFFFFFFFFFFFFFFFFFFFFFFFFFFFFD3
:204E0000FFFFFFFFFFFFFFFFFFFFFFFFFFFFFFFFFFFFFFFFFFFFFFFFFFFFFFFFFFFFFFFFB2
:204E2000FFFFFFFFFFFFFFFFFFFFFFFFFFFFFFFFFFFFFFFFFFFFFFFFFFFFFFFFFFFFFFFF92
:204E4000FFFFFFFFFFFFFFFFFFFFFFFFFFFFFFFFFFFFFFFFFFFFFFFFFFFFFFFFFFFFFFFF72
:204E6000FFFFFFFFFFFFFFFFFFFFFFFFFFFFFFFFFFFFFFFFFFFFFFFFFFFFFFFFFFFFFFFF52
:204E8000FFFFFFFFFFFFFFFFFFFFFFFFFFFFFFFFFFFFFFFFFFFFFFFFFFFFFFFFFFFFFFFF32
:204EA000FFFFFFFFFFFFFFFFFFFFFFFFFFFFFFFFFFFFFFFFFFFFFFFFFFFFFFFFFFFFFFFF12
:204EC000FFFFFFFFFFFFFFFFFFFFFFFFFFFFFFFFFFFFFFFFFFFFFFFFFFFFFFFFFFFFFFFFF2
:204EE000FFFFFFFFFFFFFFFFFFFFFFFFFFFFFFFFFFFFFFFFFFFFFFFFFFFFFFFFFFFFFFFFD2
:204F0000FFFFFFFFFFFFFFFFFFFFFFFFFFFFFFFFFFFFFFFFFFFFFFFFFFFFFFFFFFFFFFFFB1
:204F2000FFFFFFFFFFFFFFFFFFFFFFFFFFFFFFFFFFFFFFFFFFFFFFFFFFFFFFFFFFFFFFFF91
:204F4000FFFFFFFFFFFFFFFFFFFFFFFFFFFFFFFFFFFFFFFFFFFFFFFFFFFFFFFFFFFFFFFF71
:204F6000FFFFFFFFFFFFFFFFFFFFFFFFFFFFFFFFFFFFFFFFFFFFFFFFFFFFFFFFFFFFFFFF51
:204F8000FFFFFFFFFFFFFFFFFFFFFFFFFFFFFFFFFFFFFFFFFFFFFFFFFFFFFFFFFFFFFFFF31
:204FA000FFFFFFFFFFFFFFFFFFFFFFFFFFFFFFFFFFFFFFFFFFFFFFFFFFFFFFFFFFFFFFFF11
:204FC000FFFFFFFFFFFFFFFFFFFFFFFFFFFFFFFFFFFFFFFFFFFFFFFFFFFFFFFFFFFFFFFFF1
:204FE000FFFFFFFFFFFFFFFFFFFFFFFFFFFFFFFFFFFFFFFFFFFFFFFFFFFFFFFFFFFFFFFFD1
:20500000FFFFFFFFFFFFFFFFFFFFFFFFFFFFFFFFFFFFFFFFFFFFFFFFFFFFFFFFFFFFFFFFB0
:20502000FFFFFFFFFFFFFFFFFFFFFFFFFFFFFFFFFFFFFFFFFFFFFFFFFFFFFFFFFFFFFFFF90
:20504000FFFFFFFFFFFFFFFFFFFFFFFFFFFFFFFFFFFFFFFFFFFFFFFFFFFFFFFFFFFFFFFF70
:20506000FFFFFFFFFFFFFFFFFFFFFFFFFFFFFFFFFFFFFFFFFFFFFFFFFFFFFFFFFFFFFFFF50
:20508000FFFFFFFFFFFFFFFFFFFFFFFFFFFFFFFFFFFFFFFFFFFFFFFFFFFFFFFFFFFFFFFF30
:2050A000FFFFFFFFFFFFFFFFFFFFFFFFFFFFFFFFFFFFFFFFFFFFFFFFFFFFFFFFFFFFFFFF10
:2050C000FFFFFFFFFFFFFFFFFFFFFFFFFFFFFFFFFFFFFFFFFFFFFFFFFFFFFFFFFFFFFFFFF0
:2050E000FFFFFFFFFFFFFFFFFFFFFFFFFFFFFFFFFFFFFFFFFFFFFFFFFFFFFFFFFFFFFFFFD0
:20510000FFFFFFFFFFFFFFFFFFFFFFFFFFFFFFFFFFFFFFFFFFFFFFFFFFFFFFFFFFFFFFFFAF
:20512000FFFFFFFFFFFFFFFFFFFFFFFFFFFFFFFFFFFFFFFFFFFFFFFFFFFFFFFFFFFFFFFF8F
:20514000FFFFFFFFFFFFFFFFFFFFFFFFFFFFFFFFFFFFFFFFFFFFFFFFFFFFFFFFFFFFFFFF6F
:20516000FFFFFFFFFFFFFFFFFFFFFFFFFFFFFFFFFFFFFFFFFFFFFFFFFFFFFFFFFFFFFFFF4F
:20518000FFFFFFFFFFFFFFFFFFFFFFFFFFFFFFFFFFFFFFFFFFFFFFFFFFFFFFFFFFFFFFFF2F
:2051A000FFFFFFFFFFFFFFFFFFFFFFFFFFFFFFFFFFFFFFFFFFFFFFFFFFFFFFFFFFFFFFFF0F
:2051C000FFFFFFFFFFFFFFFFFFFFFFFFFFFFFFFFFFFFFFFFFFFFFFFFFFFFFFFFFFFFFFFFEF
:2051E000FFFFFFFFFFFFFFFFFFFFFFFFFFFFFFFFFFFFFFFFFFFFFFFFFFFFFFFFFFFFFFFFCF
:20520000FFFFFFFFFFFFFFFFFFFFFFFFFFFFFFFFFFFFFFFFFFFFFFFFFFFFFFFFFFFFFFFFAE
:20522000FFFFFFFFFFFFFFFFFFFFFFFFFFFFFFFFFFFFFFFFFFFFFFFFFFFFFFFFFFFFFFFF8E
:20524000FFFFFFFFFFFFFFFFFFFFFFFFFFFFFFFFFFFFFFFFFFFFFFFFFFFFFFFFFFFFFFFF6E
:20526000FFFFFFFFFFFFFFFFFFFFFFFFFFFFFFFFFFFFFFFFFFFFFFFFFFFFFFFFFFFFFFFF4E
:20528000FFFFFFFFFFFFFFFFFFFFFFFFFFFFFFFFFFFFFFFFFFFFFFFFFFFFFFFFFFFFFFFF2E
:2052A000FFFFFFFFFFFFFFFFFFFFFFFFFFFFFFFFFFFFFFFFFFFFFFFFFFFFFFFFFFFFFFFF0E
:2052C000FFFFFFFFFFFFFFFFFFFFFFFFFFFFFFFFFFFFFFFFFFFFFFFFFFFFFFFFFFFFFFFFEE
:2052E000FFFFFFFFFFFFFFFFFFFFFFFFFFFFFFFFFFFFFFFFFFFFFFFFFFFFFFFFFFFFFFFFCE
:20530000FFFFFFFFFFFFFFFFFFFFFFFFFFFFFFFFFFFFFFFFFFFFFFFFFFFFFFFFFFFFFFFFAD
:20532000FFFFFFFFFFFFFFFFFFFFFFFFFFFFFFFFFFFFFFFFFFFFFFFFFFFFFFFFFFFFFFFF8D
:20534000FFFFFFFFFFFFFFFFFFFFFFFFFFFFFFFFFFFFFFFFFFFFFFFFFFFFFFFFFFFFFFFF6D
:20536000FFFFFFFFFFFFFFFFFFFFFFFFFFFFFFFFFFFFFFFFFFFFFFFFFFFFFFFFFFFFFFFF4D
:20538000FFFFFFFFFFFFFFFFFFFFFFFFFFFFFFFFFFFFFFFFFFFFFFFFFFFFFFFFFFFFFFFF2D
:2053A000FFFFFFFFFFFFFFFFFFFFFFFFFFFFFFFFFFFFFFFFFFFFFFFFFFFFFFFFFFFFFFFF0D
:2053C000FFFFFFFFFFFFFFFFFFFFFFFFFFFFFFFFFFFFFFFFFFFFFFFFFFFFFFFFFFFFFFFFED
:2053E000FFFFFFFFFFFFFFFFFFFFFFFFFFFFFFFFFFFFFFFFFFFFFFFFFFFFFFFFFFFFFFFFCD
:20540000FFFFFFFFFFFFFFFFFFFFFFFFFFFFFFFFFFFFFFFFFFFFFFFFFFFFFFFFFFFFFFFFAC
:20542000FFFFFFFFFFFFFFFFFFFFFFFFFFFFFFFFFFFFFFFFFFFFFFFFFFFFFFFFFFFFFFFF8C
:20544000FFFFFFFFFFFFFFFFFFFFFFFFFFFFFFFFFFFFFFFFFFFFFFFFFFFFFFFFFFFFFFFF6C
:20546000FFFFFFFFFFFFFFFFFFFFFFFFFFFFFFFFFFFFFFFFFFFFFFFFFFFFFFFFFFFFFFFF4C
:20548000FFFFFFFFFFFFFFFFFFFFFFFFFFFFFFFFFFFFFFFFFFFFFFFFFFFFFFFFFFFFFFFF2C
:2054A000FFFFFFFFFFFFFFFFFFFFFFFFFFFFFFFFFFFFFFFFFFFFFFFFFFFFFFFFFFFFFFFF0C
:2054C000FFFFFFFFFFFFFFFFFFFFFFFFFFFFFFFFFFFFFFFFFFFFFFFFFFFFFFFFFFFFFFFFEC
:2054E000FFFFFFFFFFFFFFFFFFFFFFFFFFFFFFFFFFFFFFFFFFFFFFFFFFFFFFFFFFFFFFFFCC
:20550000FFFFFFFFFFFFFFFFFFFFFFFFFFFFFFFFFFFFFFFFFFFFFFFFFFFFFFFFFFFFFFFFAB
:20552000FFFFFFFFFFFFFFFFFFFFFFFFFFFFFFFFFFFFFFFFFFFFFFFFFFFFFFFFFFFFFFFF8B
:20554000FFFFFFFFFFFFFFFFFFFFFFFFFFFFFFFFFFFFFFFFFFFFFFFFFFFFFFFFFFFFFFFF6B
:20556000FFFFFFFFFFFFFFFFFFFFFFFFFFFFFFFFFFFFFFFFFFFFFFFFFFFFFFFFFFFFFFFF4B
:20558000FFFFFFFFFFFFFFFFFFFFFFFFFFFFFFFFFFFFFFFFFFFFFFFFFFFFFFFFFFFFFFFF2B
:2055A000FFFFFFFFFFFFFFFFFFFFFFFFFFFFFFFFFFFFFFFFFFFFFFFFFFFFFFFFFFFFFFFF0B
:2055C000FFFFFFFFFFFFFFFFFFFFFFFFFFFFFFFFFFFFFFFFFFFFFFFFFFFFFFFFFFFFFFFFEB
:2055E000FFFFFFFFFFFFFFFFFFFFFFFFFFFFFFFFFFFFFFFFFFFFFFFFFFFFFFFFFFFFFFFFCB
:20560000FFFFFFFFFFFFFFFFFFFFFFFFFFFFFFFFFFFFFFFFFFFFFFFFFFFFFFFFFFFFFFFFAA
:20562000FFFFFFFFFFFFFFFFFFFFFFFFFFFFFFFFFFFFFFFFFFFFFFFFFFFFFFFFFFFFFFFF8A
:20564000FFFFFFFFFFFFFFFFFFFFFFFFFFFFFFFFFFFFFFFFFFFFFFFFFFFFFFFFFFFFFFFF6A
:20566000FFFFFFFFFFFFFFFFFFFFFFFFFFFFFFFFFFFFFFFFFFFFFFFFFFFFFFFFFFFFFFFF4A
:20568000FFFFFFFFFFFFFFFFFFFFFFFFFFFFFFFFFFFFFFFFFFFFFFFFFFFFFFFFFFFFFFFF2A
:2056A000FFFFFFFFFFFFFFFFFFFFFFFFFFFFFFFFFFFFFFFFFFFFFFFFFFFFFFFFFFFFFFFF0A
:2056C000FFFFFFFFFFFFFFFFFFFFFFFFFFFFFFFFFFFFFFFFFFFFFFFFFFFFFFFFFFFFFFFFEA
:2056E000FFFFFFFFFFFFFFFFFFFFFFFFFFFFFFFFFFFFFFFFFFFFFFFFFFFFFFFFFFFFFFFFCA
:20570000FFFFFFFFFFFFFFFFFFFFFFFFFFFFFFFFFFFFFFFFFFFFFFFFFFFFFFFFFFFFFFFFA9
:20572000FFFFFFFFFFFFFFFFFFFFFFFFFFFFFFFFFFFFFFFFFFFFFFFFFFFFFFFFFFFFFFFF89
:20574000FFFFFFFFFFFFFFFFFFFFFFFFFFFFFFFFFFFFFFFFFFFFFFFFFFFFFFFFFFFFFFFF69
:20576000FFFFFFFFFFFFFFFFFFFFFFFFFFFFFFFFFFFFFFFFFFFFFFFFFFFFFFFFFFFFFFFF49
:20578000FFFFFFFFFFFFFFFFFFFFFFFFFFFFFFFFFFFFFFFFFFFFFFFFFFFFFFFFFFFFFFFF29
:2057A000FFFFFFFFFFFFFFFFFFFFFFFFFFFFFFFFFFFFFFFFFFFFFFFFFFFFFFFFFFFFFFFF09
:2057C000FFFFFFFFFFFFFFFFFFFFFFFFFFFFFFFFFFFFFFFFFFFFFFFFFFFFFFFFFFFFFFFFE9
:2057E000FFFFFFFFFFFFFFFFFFFFFFFFFFFFFFFFFFFFFFFFFFFFFFFFFFFFFFFFFFFFFFFFC9
:20580000FFFFFFFFFFFFFFFFFFFFFFFFFFFFFFFFFFFFFFFFFFFFFFFFFFFFFFFFFFFFFFFFA8
:20582000FFFFFFFFFFFFFFFFFFFFFFFFFFFFFFFFFFFFFFFFFFFFFFFFFFFFFFFFFFFFFFFF88
:20584000FFFFFFFFFFFFFFFFFFFFFFFFFFFFFFFFFFFFFFFFFFFFFFFFFFFFFFFFFFFFFFFF68
:20586000FFFFFFFFFFFFFFFFFFFFFFFFFFFFFFFFFFFFFFFFFFFFFFFFFFFFFFFFFFFFFFFF48
:20588000FFFFFFFFFFFFFFFFFFFFFFFFFFFFFFFFFFFFFFFFFFFFFFFFFFFFFFFFFFFFFFFF28
:2058A000FFFFFFFFFFFFFFFFFFFFFFFFFFFFFFFFFFFFFFFFFFFFFFFFFFFFFFFFFFFFFFFF08
:2058C000FFFFFFFFFFFFFFFFFFFFFFFFFFFFFFFFFFFFFFFFFFFFFFFFFFFFFFFFFFFFFFFFE8
:2058E000FFFFFFFFFFFFFFFFFFFFFFFFFFFFFFFFFFFFFFFFFFFFFFFFFFFFFFFFFFFFFFFFC8
:20590000FFFFFFFFFFFFFFFFFFFFFFFFFFFFFFFFFFFFFFFFFFFFFFFFFFFFFFFFFFFFFFFFA7
:20592000FFFFFFFFFFFFFFFFFFFFFFFFFFFFFFFFFFFFFFFFFFFFFFFFFFFFFFFFFFFFFFFF87
:20594000FFFFFFFFFFFFFFFFFFFFFFFFFFFFFFFFFFFFFFFFFFFFFFFFFFFFFFFFFFFFFFFF67
:20596000FFFFFFFFFFFFFFFFFFFFFFFFFFFFFFFFFFFFFFFFFFFFFFFFFFFFFFFFFFFFFFFF47
:20598000FFFFFFFFFFFFFFFFFFFFFFFFFFFFFFFFFFFFFFFFFFFFFFFFFFFFFFFFFFFFFFFF27
:2059A000FFFFFFFFFFFFFFFFFFFFFFFFFFFFFFFFFFFFFFFFFFFFFFFFFFFFFFFFFFFFFFFF07
:2059C000FFFFFFFFFFFFFFFFFFFFFFFFFFFFFFFFFFFFFFFFFFFFFFFFFFFFFFFFFFFFFFFFE7
:2059E000FFFFFFFFFFFFFFFFFFFFFFFFFFFFFFFFFFFFFFFFFFFFFFFFFFFFFFFFFFFFFFFFC7
:205A0000FFFFFFFFFFFFFFFFFFFFFFFFFFFFFFFFFFFFFFFFFFFFFFFFFFFFFFFFFFFFFFFFA6
:205A2000FFFFFFFFFFFFFFFFFFFFFFFFFFFFFFFFFFFFFFFFFFFFFFFFFFFFFFFFFFFFFFFF86
:205A4000FFFFFFFFFFFFFFFFFFFFFFFFFFFFFFFFFFFFFFFFFFFFFFFFFFFFFFFFFFFFFFFF66
:205A6000FFFFFFFFFFFFFFFFFFFFFFFFFFFFFFFFFFFFFFFFFFFFFFFFFFFFFFFFFFFFFFFF46
:205A8000FFFFFFFFFFFFFFFFFFFFFFFFFFFFFFFFFFFFFFFFFFFFFFFFFFFFFFFFFFFFFFFF26
:205AA000FFFFFFFFFFFFFFFFFFFFFFFFFFFFFFFFFFFFFFFFFFFFFFFFFFFFFFFFFFFFFFFF06
:205AC000FFFFFFFFFFFFFFFFFFFFFFFFFFFFFFFFFFFFFFFFFFFFFFFFFFFFFFFFFFFFFFFFE6
:205AE000FFFFFFFFFFFFFFFFFFFFFFFFFFFFFFFFFFFFFFFFFFFFFFFFFFFFFFFFFFFFFFFFC6
:205B0000FFFFFFFFFFFFFFFFFFFFFFFFFFFFFFFFFFFFFFFFFFFFFFFFFFFFFFFFFFFFFFFFA5
:205B2000FFFFFFFFFFFFFFFFFFFFFFFFFFFFFFFFFFFFFFFFFFFFFFFFFFFFFFFFFFFFFFFF85
:205B4000FFFFFFFFFFFFFFFFFFFFFFFFFFFFFFFFFFFFFFFFFFFFFFFFFFFFFFFFFFFFFFFF65
:205B6000FFFFFFFFFFFFFFFFFFFFFFFFFFFFFFFFFFFFFFFFFFFFFFFFFFFFFFFFFFFFFFFF45
:205B8000FFFFFFFFFFFFFFFFFFFFFFFFFFFFFFFFFFFFFFFFFFFFFFFFFFFFFFFFFFFFFFFF25
:205BA000FFFFFFFFFFFFFFFFFFFFFFFFFFFFFFFFFFFFFFFFFFFFFFFFFFFFFFFFFFFFFFFF05
:205BC000FFFFFFFFFFFFFFFFFFFFFFFFFFFFFFFFFFFFFFFFFFFFFFFFFFFFFFFFFFFFFFFFE5
:205BE000FFFFFFFFFFFFFFFFFFFFFFFFFFFFFFFFFFFFFFFFFFFFFFFFFFFFFFFFFFFFFFFFC5
:205C0000FFFFFFFFFFFFFFFFFFFFFFFFFFFFFFFFFFFFFFFFFFFFFFFFFFFFFFFFFFFFFFFFA4
:205C2000FFFFFFFFFFFFFFFFFFFFFFFFFFFFFFFFFFFFFFFFFFFFFFFFFFFFFFFFFFFFFFFF84
:205C4000FFFFFFFFFFFFFFFFFFFFFFFFFFFFFFFFFFFFFFFFFFFFFFFFFFFFFFFFFFFFFFFF64
:205C6000FFFFFFFFFFFFFFFFFFFFFFFFFFFFFFFFFFFFFFFFFFFFFFFFFFFFFFFFFFFFFFFF44
:205C8000FFFFFFFFFFFFFFFFFFFFFFFFFFFFFFFFFFFFFFFFFFFFFFFFFFFFFFFFFFFFFFFF24
:205CA000FFFFFFFFFFFFFFFFFFFFFFFFFFFFFFFFFFFFFFFFFFFFFFFFFFFFFFFFFFFFFFFF04
:205CC000FFFFFFFFFFFFFFFFFFFFFFFFFFFFFFFFFFFFFFFFFFFFFFFFFFFFFFFFFFFFFFFFE4
:205CE000FFFFFFFFFFFFFFFFFFFFFFFFFFFFFFFFFFFFFFFFFFFFFFFFFFFFFFFFFFFFFFFFC4
:205D0000FFFFFFFFFFFFFFFFFFFFFFFFFFFFFFFFFFFFFFFFFFFFFFFFFFFFFFFFFFFFFFFFA3
:205D2000FFFFFFFFFFFFFFFFFFFFFFFFFFFFFFFFFFFFFFFFFFFFFFFFFFFFFFFFFFFFFFFF83
:205D4000FFFFFFFFFFFFFFFFFFFFFFFFFFFFFFFFFFFFFFFFFFFFFFFFFFFFFFFFFFFFFFFF63
:205D6000FFFFFFFFFFFFFFFFFFFFFFFFFFFFFFFFFFFFFFFFFFFFFFFFFFFFFFFFFFFFFFFF43
:205D8000FFFFFFFFFFFFFFFFFFFFFFFFFFFFFFFFFFFFFFFFFFFFFFFFFFFFFFFFFFFFFFFF23
:205DA000FFFFFFFFFFFFFFFFFFFFFFFFFFFFFFFFFFFFFFFFFFFFFFFFFFFFFFFFFFFFFFFF03
:205DC000FFFFFFFFFFFFFFFFFFFFFFFFFFFFFFFFFFFFFFFFFFFFFFFFFFFFFFFFFFFFFFFFE3
:205DE000FFFFFFFFFFFFFFFFFFFFFFFFFFFFFFFFFFFFFFFFFFFFFFFFFFFFFFFFFFFFFFFFC3
:205E0000FFFFFFFFFFFFFFFFFFFFFFFFFFFFFFFFFFFFFFFFFFFFFFFFFFFFFFFFFFFFFFFFA2
:205E2000FFFFFFFFFFFFFFFFFFFFFFFFFFFFFFFFFFFFFFFFFFFFFFFFFFFFFFFFFFFFFFFF82
:205E4000FFFFFFFFFFFFFFFFFFFFFFFFFFFFFFFFFFFFFFFFFFFFFFFFFFFFFFFFFFFFFFFF62
:205E6000FFFFFFFFFFFFFFFFFFFFFFFFFFFFFFFFFFFFFFFFFFFFFFFFFFFFFFFFFFFFFFFF42
:205E8000FFFFFFFFFFFFFFFFFFFFFFFFFFFFFFFFFFFFFFFFFFFFFFFFFFFFFFFFFFFFFFFF22
:205EA000FFFFFFFFFFFFFFFFFFFFFFFFFFFFFFFFFFFFFFFFFFFFFFFFFFFFFFFFFFFFFFFF02
:205EC000FFFFFFFFFFFFFFFFFFFFFFFFFFFFFFFFFFFFFFFFFFFFFFFFFFFFFFFFFFFFFFFFE2
:205EE000FFFFFFFFFFFFFFFFFFFFFFFFFFFFFFFFFFFFFFFFFFFFFFFFFFFFFFFFFFFFFFFFC2
:205F0000FFFFFFFFFFFFFFFFFFFFFFFFFFFFFFFFFFFFFFFFFFFFFFFFFFFFFFFFFFFFFFFFA1
:205F2000FFFFFFFFFFFFFFFFFFFFFFFFFFFFFFFFFFFFFFFFFFFFFFFFFFFFFFFFFFFFFFFF81
:205F4000FFFFFFFFFFFFFFFFFFFFFFFFFFFFFFFFFFFFFFFFFFFFFFFFFFFFFFFFFFFFFFFF61
:205F6000FFFFFFFFFFFFFFFFFFFFFFFFFFFFFFFFFFFFFFFFFFFFFFFFFFFFFFFFFFFFFFFF41
:205F8000FFFFFFFFFFFFFFFFFFFFFFFFFFFFFFFFFFFFFFFFFFFFFFFFFFFFFFFFFFFFFFFF21
:205FA000FFFFFFFFFFFFFFFFFFFFFFFFFFFFFFFFFFFFFFFFFFFFFFFFFFFFFFFFFFFFFFFF01
:205FC000FFFFFFFFFFFFFFFFFFFFFFFFFFFFFFFFFFFFFFFFFFFFFFFFFFFFFFFFFFFFFFFFE1
:205FE000FFFFFFFFFFFFFFFFFFFFFFFFFFFFFFFFFFFFFFFFFFFFFFFFFFFFFFFFFFFFFFFFC1
:20600000FFFFFFFFFFFFFFFFFFFFFFFFFFFFFFFFFFFFFFFFFFFFFFFFFFFFFFFFFFFFFFFFA0
:20602000FFFFFFFFFFFFFFFFFFFFFFFFFFFFFFFFFFFFFFFFFFFFFFFFFFFFFFFFFFFFFFFF80
:20604000FFFFFFFFFFFFFFFFFFFFFFFFFFFFFFFFFFFFFFFFFFFFFFFFFFFFFFFFFFFFFFFF60
:20606000FFFFFFFFFFFFFFFFFFFFFFFFFFFFFFFFFFFFFFFFFFFFFFFFFFFFFFFFFFFFFFFF40
:20608000FFFFFFFFFFFFFFFFFFFFFFFFFFFFFFFFFFFFFFFFFFFFFFFFFFFFFFFFFFFFFFFF20
:2060A000FFFFFFFFFFFFFFFFFFFFFFFFFFFFFFFFFFFFFFFFFFFFFFFFFFFFFFFFFFFFFFFF00
:2060C000FFFFFFFFFFFFFFFFFFFFFFFFFFFFFFFFFFFFFFFFFFFFFFFFFFFFFFFFFFFFFFFFE0
:2060E000FFFFFFFFFFFFFFFFFFFFFFFFFFFFFFFFFFFFFFFFFFFFFFFFFFFFFFFFFFFFFFFFC0
:20610000FFFFFFFFFFFFFFFFFFFFFFFFFFFFFFFFFFFFFFFFFFFFFFFFFFFFFFFFFFFFFFFF9F
:20612000FFFFFFFFFFFFFFFFFFFFFFFFFFFFFFFFFFFFFFFFFFFFFFFFFFFFFFFFFFFFFFFF7F
:20614000FFFFFFFFFFFFFFFFFFFFFFFFFFFFFFFFFFFFFFFFFFFFFFFFFFFFFFFFFFFFFFFF5F
:20616000FFFFFFFFFFFFFFFFFFFFFFFFFFFFFFFFFFFFFFFFFFFFFFFFFFFFFFFFFFFFFFFF3F
:20618000FFFFFFFFFFFFFFFFFFFFFFFFFFFFFFFFFFFFFFFFFFFFFFFFFFFFFFFFFFFFFFFF1F
:2061A000FFFFFFFFFFFFFFFFFFFFFFFFFFFFFFFFFFFFFFFFFFFFFFFFFFFFFFFFFFFFFFFFFF
:2061C000FFFFFFFFFFFFFFFFFFFFFFFFFFFFFFFFFFFFFFFFFFFFFFFFFFFFFFFFFFFFFFFFDF
:2061E000FFFFFFFFFFFFFFFFFFFFFFFFFFFFFFFFFFFFFFFFFFFFFFFFFFFFFFFFFFFFFFFFBF
:20620000FFFFFFFFFFFFFFFFFFFFFFFFFFFFFFFFFFFFFFFFFFFFFFFFFFFFFFFFFFFFFFFF9E
:20622000FFFFFFFFFFFFFFFFFFFFFFFFFFFFFFFFFFFFFFFFFFFFFFFFFFFFFFFFFFFFFFFF7E
:20624000FFFFFFFFFFFFFFFFFFFFFFFFFFFFFFFFFFFFFFFFFFFFFFFFFFFFFFFFFFFFFFFF5E
:20626000FFFFFFFFFFFFFFFFFFFFFFFFFFFFFFFFFFFFFFFFFFFFFFFFFFFFFFFFFFFFFFFF3E
:20628000FFFFFFFFFFFFFFFFFFFFFFFFFFFFFFFFFFFFFFFFFFFFFFFFFFFFFFFFFFFFFFFF1E
:2062A000FFFFFFFFFFFFFFFFFFFFFFFFFFFFFFFFFFFFFFFFFFFFFFFFFFFFFFFFFFFFFFFFFE
:2062C000FFFFFFFFFFFFFFFFFFFFFFFFFFFFFFFFFFFFFFFFFFFFFFFFFFFFFFFFFFFFFFFFDE
:2062E000FFFFFFFFFFFFFFFFFFFFFFFFFFFFFFFFFFFFFFFFFFFFFFFFFFFFFFFFFFFFFFFFBE
:20630000FFFFFFFFFFFFFFFFFFFFFFFFFFFFFFFFFFFFFFFFFFFFFFFFFFFFFFFFFFFFFFFF9D
:20632000FFFFFFFFFFFFFFFFFFFFFFFFFFFFFFFFFFFFFFFFFFFFFFFFFFFFFFFFFFFFFFFF7D
:20634000FFFFFFFFFFFFFFFFFFFFFFFFFFFFFFFFFFFFFFFFFFFFFFFFFFFFFFFFFFFFFFFF5D
:20636000FFFFFFFFFFFFFFFFFFFFFFFFFFFFFFFFFFFFFFFFFFFFFFFFFFFFFFFFFFFFFFFF3D
:20638000FFFFFFFFFFFFFFFFFFFFFFFFFFFFFFFFFFFFFFFFFFFFFFFFFFFFFFFFFFFFFFFF1D
:2063A000FFFFFFFFFFFFFFFFFFFFFFFFFFFFFFFFFFFFFFFFFFFFFFFFFFFFFFFFFFFFFFFFFD
:2063C000FFFFFFFFFFFFFFFFFFFFFFFFFFFFFFFFFFFFFFFFFFFFFFFFFFFFFFFFFFFFFFFFDD
:2063E000FFFFFFFFFFFFFFFFFFFFFFFFFFFFFFFFFFFFFFFFFFFFFFFFFFFFFFFFFFFFFFFFBD
:20640000FFFFFFFFFFFFFFFFFFFFFFFFFFFFFFFFFFFFFFFFFFFFFFFFFFFFFFFFFFFFFFFF9C
:20642000FFFFFFFFFFFFFFFFFFFFFFFFFFFFFFFFFFFFFFFFFFFFFFFFFFFFFFFFFFFFFFFF7C
:20644000FFFFFFFFFFFFFFFFFFFFFFFFFFFFFFFFFFFFFFFFFFFFFFFFFFFFFFFFFFFFFFFF5C
:20646000FFFFFFFFFFFFFFFFFFFFFFFFFFFFFFFFFFFFFFFFFFFFFFFFFFFFFFFFFFFFFFFF3C
:20648000FFFFFFFFFFFFFFFFFFFFFFFFFFFFFFFFFFFFFFFFFFFFFFFFFFFFFFFFFFFFFFFF1C
:2064A000FFFFFFFFFFFFFFFFFFFFFFFFFFFFFFFFFFFFFFFFFFFFFFFFFFFFFFFFFFFFFFFFFC
:2064C000FFFFFFFFFFFFFFFFFFFFFFFFFFFFFFFFFFFFFFFFFFFFFFFFFFFFFFFFFFFFFFFFDC
:2064E000FFFFFFFFFFFFFFFFFFFFFFFFFFFFFFFFFFFFFFFFFFFFFFFFFFFFFFFFFFFFFFFFBC
:20650000FFFFFFFFFFFFFFFFFFFFFFFFFFFFFFFFFFFFFFFFFFFFFFFFFFFFFFFFFFFFFFFF9B
:20652000FFFFFFFFFFFFFFFFFFFFFFFFFFFFFFFFFFFFFFFFFFFFFFFFFFFFFFFFFFFFFFFF7B
:20654000FFFFFFFFFFFFFFFFFFFFFFFFFFFFFFFFFFFFFFFFFFFFFFFFFFFFFFFFFFFFFFFF5B
:20656000FFFFFFFFFFFFFFFFFFFFFFFFFFFFFFFFFFFFFFFFFFFFFFFFFFFFFFFFFFFFFFFF3B
:20658000FFFFFFFFFFFFFFFFFFFFFFFFFFFFFFFFFFFFFFFFFFFFFFFFFFFFFFFFFFFFFFFF1B
:2065A000FFFFFFFFFFFFFFFFFFFFFFFFFFFFFFFFFFFFFFFFFFFFFFFFFFFFFFFFFFFFFFFFFB
:2065C000FFFFFFFFFFFFFFFFFFFFFFFFFFFFFFFFFFFFFFFFFFFFFFFFFFFFFFFFFFFFFFFFDB
:2065E000FFFFFFFFFFFFFFFFFFFFFFFFFFFFFFFFFFFFFFFFFFFFFFFFFFFFFFFFFFFFFFFFBB
:20660000FFFFFFFFFFFFFFFFFFFFFFFFFFFFFFFFFFFFFFFFFFFFFFFFFFFFFFFFFFFFFFFF9A
:20662000FFFFFFFFFFFFFFFFFFFFFFFFFFFFFFFFFFFFFFFFFFFFFFFFFFFFFFFFFFFFFFFF7A
:20664000FFFFFFFFFFFFFFFFFFFFFFFFFFFFFFFFFFFFFFFFFFFFFFFFFFFFFFFFFFFFFFFF5A
:20666000FFFFFFFFFFFFFFFFFFFFFFFFFFFFFFFFFFFFFFFFFFFFFFFFFFFFFFFFFFFFFFFF3A
:20668000FFFFFFFFFFFFFFFFFFFFFFFFFFFFFFFFFFFFFFFFFFFFFFFFFFFFFFFFFFFFFFFF1A
:2066A000FFFFFFFFFFFFFFFFFFFFFFFFFFFFFFFFFFFFFFFFFFFFFFFFFFFFFFFFFFFFFFFFFA
:2066C000FFFFFFFFFFFFFFFFFFFFFFFFFFFFFFFFFFFFFFFFFFFFFFFFFFFFFFFFFFFFFFFFDA
:2066E000FFFFFFFFFFFFFFFFFFFFFFFFFFFFFFFFFFFFFFFFFFFFFFFFFFFFFFFFFFFFFFFFBA
:20670000FFFFFFFFFFFFFFFFFFFFFFFFFFFFFFFFFFFFFFFFFFFFFFFFFFFFFFFFFFFFFFFF99
:20672000FFFFFFFFFFFFFFFFFFFFFFFFFFFFFFFFFFFFFFFFFFFFFFFFFFFFFFFFFFFFFFFF79
:20674000FFFFFFFFFFFFFFFFFFFFFFFFFFFFFFFFFFFFFFFFFFFFFFFFFFFFFFFFFFFFFFFF59
:20676000FFFFFFFFFFFFFFFFFFFFFFFFFFFFFFFFFFFFFFFFFFFFFFFFFFFFFFFFFFFFFFFF39
:20678000FFFFFFFFFFFFFFFFFFFFFFFFFFFFFFFFFFFFFFFFFFFFFFFFFFFFFFFFFFFFFFFF19
:2067A000FFFFFFFFFFFFFFFFFFFFFFFFFFFFFFFFFFFFFFFFFFFFFFFFFFFFFFFFFFFFFFFFF9
:2067C000FFFFFFFFFFFFFFFFFFFFFFFFFFFFFFFFFFFFFFFFFFFFFFFFFFFFFFFFFFFFFFFFD9
:2067E000FFFFFFFFFFFFFFFFFFFFFFFFFFFFFFFFFFFFFFFFFFFFFFFFFFFFFFFFFFFFFFFFB9
:20680000FFFFFFFFFFFFFFFFFFFFFFFFFFFFFFFFFFFFFFFFFFFFFFFFFFFFFFFFFFFFFFFF98
:20682000FFFFFFFFFFFFFFFFFFFFFFFFFFFFFFFFFFFFFFFFFFFFFFFFFFFFFFFFFFFFFFFF78
:20684000FFFFFFFFFFFFFFFFFFFFFFFFFFFFFFFFFFFFFFFFFFFFFFFFFFFFFFFFFFFFFFFF58
:20686000FFFFFFFFFFFFFFFFFFFFFFFFFFFFFFFFFFFFFFFFFFFFFFFFFFFFFFFFFFFFFFFF38
:20688000FFFFFFFFFFFFFFFFFFFFFFFFFFFFFFFFFFFFFFFFFFFFFFFFFFFFFFFFFFFFFFFF18
:2068A000FFFFFFFFFFFFFFFFFFFFFFFFFFFFFFFFFFFFFFFFFFFFFFFFFFFFFFFFFFFFFFFFF8
:2068C000FFFFFFFFFFFFFFFFFFFFFFFFFFFFFFFFFFFFFFFFFFFFFFFFFFFFFFFFFFFFFFFFD8
:2068E000FFFFFFFFFFFFFFFFFFFFFFFFFFFFFFFFFFFFFFFFFFFFFFFFFFFFFFFFFFFFFFFFB8
:20690000FFFFFFFFFFFFFFFFFFFFFFFFFFFFFFFFFFFFFFFFFFFFFFFFFFFFFFFFFFFFFFFF97
:20692000FFFFFFFFFFFFFFFFFFFFFFFFFFFFFFFFFFFFFFFFFFFFFFFFFFFFFFFFFFFFFFFF77
:20694000FFFFFFFFFFFFFFFFFFFFFFFFFFFFFFFFFFFFFFFFFFFFFFFFFFFFFFFFFFFFFFFF57
:20696000FFFFFFFFFFFFFFFFFFFFFFFFFFFFFFFFFFFFFFFFFFFFFFFFFFFFFFFFFFFFFFFF37
:20698000FFFFFFFFFFFFFFFFFFFFFFFFFFFFFFFFFFFFFFFFFFFFFFFFFFFFFFFFFFFFFFFF17
:2069A000FFFFFFFFFFFFFFFFFFFFFFFFFFFFFFFFFFFFFFFFFFFFFFFFFFFFFFFFFFFFFFFFF7
:2069C000FFFFFFFFFFFFFFFFFFFFFFFFFFFFFFFFFFFFFFFFFFFFFFFFFFFFFFFFFFFFFFFFD7
:2069E000FFFFFFFFFFFFFFFFFFFFFFFFFFFFFFFFFFFFFFFFFFFFFFFFFFFFFFFFFFFFFFFFB7
:206A0000FFFFFFFFFFFFFFFFFFFFFFFFFFFFFFFFFFFFFFFFFFFFFFFFFFFFFFFFFFFFFFFF96
:206A2000FFFFFFFFFFFFFFFFFFFFFFFFFFFFFFFFFFFFFFFFFFFFFFFFFFFFFFFFFFFFFFFF76
:206A4000FFFFFFFFFFFFFFFFFFFFFFFFFFFFFFFFFFFFFFFFFFFFFFFFFFFFFFFFFFFFFFFF56
:206A6000FFFFFFFFFFFFFFFFFFFFFFFFFFFFFFFFFFFFFFFFFFFFFFFFFFFFFFFFFFFFFFFF36
:206A8000FFFFFFFFFFFFFFFFFFFFFFFFFFFFFFFFFFFFFFFFFFFFFFFFFFFFFFFFFFFFFFFF16
:206AA000FFFFFFFFFFFFFFFFFFFFFFFFFFFFFFFFFFFFFFFFFFFFFFFFFFFFFFFFFFFFFFFFF6
:206AC000FFFFFFFFFFFFFFFFFFFFFFFFFFFFFFFFFFFFFFFFFFFFFFFFFFFFFFFFFFFFFFFFD6
:206AE000FFFFFFFFFFFFFFFFFFFFFFFFFFFFFFFFFFFFFFFFFFFFFFFFFFFFFFFFFFFFFFFFB6
:206B0000FFFFFFFFFFFFFFFFFFFFFFFFFFFFFFFFFFFFFFFFFFFFFFFFFFFFFFFFFFFFFFFF95
:206B2000FFFFFFFFFFFFFFFFFFFFFFFFFFFFFFFFFFFFFFFFFFFFFFFFFFFFFFFFFFFFFFFF75
:206B4000FFFFFFFFFFFFFFFFFFFFFFFFFFFFFFFFFFFFFFFFFFFFFFFFFFFFFFFFFFFFFFFF55
:206B6000FFFFFFFFFFFFFFFFFFFFFFFFFFFFFFFFFFFFFFFFFFFFFFFFFFFFFFFFFFFFFFFF35
:206B8000FFFFFFFFFFFFFFFFFFFFFFFFFFFFFFFFFFFFFFFFFFFFFFFFFFFFFFFFFFFFFFFF15
:206BA000FFFFFFFFFFFFFFFFFFFFFFFFFFFFFFFFFFFFFFFFFFFFFFFFFFFFFFFFFFFFFFFFF5
:206BC000FFFFFFFFFFFFFFFFFFFFFFFFFFFFFFFFFFFFFFFFFFFFFFFFFFFFFFFFFFFFFFFFD5
:206BE000FFFFFFFFFFFFFFFFFFFFFFFFFFFFFFFFFFFFFFFFFFFFFFFFFFFFFFFFFFFFFFFFB5
:206C0000FFFFFFFFFFFFFFFFFFFFFFFFFFFFFFFFFFFFFFFFFFFFFFFFFFFFFFFFFFFFFFFF94
:206C2000FFFFFFFFFFFFFFFFFFFFFFFFFFFFFFFFFFFFFFFFFFFFFFFFFFFFFFFFFFFFFFFF74
:206C4000FFFFFFFFFFFFFFFFFFFFFFFFFFFFFFFFFFFFFFFFFFFFFFFFFFFFFFFFFFFFFFFF54
:206C6000FFFFFFFFFFFFFFFFFFFFFFFFFFFFFFFFFFFFFFFFFFFFFFFFFFFFFFFFFFFFFFFF34
:206C8000FFFFFFFFFFFFFFFFFFFFFFFFFFFFFFFFFFFFFFFFFFFFFFFFFFFFFFFFFFFFFFFF14
:206CA000FFFFFFFFFFFFFFFFFFFFFFFFFFFFFFFFFFFFFFFFFFFFFFFFFFFFFFFFFFFFFFFFF4
:206CC000FFFFFFFFFFFFFFFFFFFFFFFFFFFFFFFFFFFFFFFFFFFFFFFFFFFFFFFFFFFFFFFFD4
:206CE000FFFFFFFFFFFFFFFFFFFFFFFFFFFFFFFFFFFFFFFFFFFFFFFFFFFFFFFFFFFFFFFFB4
:206D0000FFFFFFFFFFFFFFFFFFFFFFFFFFFFFFFFFFFFFFFFFFFFFFFFFFFFFFFFFFFFFFFF93
:206D2000FFFFFFFFFFFFFFFFFFFFFFFFFFFFFFFFFFFFFFFFFFFFFFFFFFFFFFFFFFFFFFFF73
:206D4000FFFFFFFFFFFFFFFFFFFFFFFFFFFFFFFFFFFFFFFFFFFFFFFFFFFFFFFFFFFFFFFF53
:206D6000FFFFFFFFFFFFFFFFFFFFFFFFFFFFFFFFFFFFFFFFFFFFFFFFFFFFFFFFFFFFFFFF33
:206D8000FFFFFFFFFFFFFFFFFFFFFFFFFFFFFFFFFFFFFFFFFFFFFFFFFFFFFFFFFFFFFFFF13
:206DA000FFFFFFFFFFFFFFFFFFFFFFFFFFFFFFFFFFFFFFFFFFFFFFFFFFFFFFFFFFFFFFFFF3
:206DC000FFFFFFFFFFFFFFFFFFFFFFFFFFFFFFFFFFFFFFFFFFFFFFFFFFFFFFFFFFFFFFFFD3
:206DE000FFFFFFFFFFFFFFFFFFFFFFFFFFFFFFFFFFFFFFFFFFFFFFFFFFFFFFFFFFFFFFFFB3
:206E0000FFFFFFFFFFFFFFFFFFFFFFFFFFFFFFFFFFFFFFFFFFFFFFFFFFFFFFFFFFFFFFFF92
:206E2000FFFFFFFFFFFFFFFFFFFFFFFFFFFFFFFFFFFFFFFFFFFFFFFFFFFFFFFFFFFFFFFF72
:206E4000FFFFFFFFFFFFFFFFFFFFFFFFFFFFFFFFFFFFFFFFFFFFFFFFFFFFFFFFFFFFFFFF52
:206E6000FFFFFFFFFFFFFFFFFFFFFFFFFFFFFFFFFFFFFFFFFFFFFFFFFFFFFFFFFFFFFFFF32
:206E8000FFFFFFFFFFFFFFFFFFFFFFFFFFFFFFFFFFFFFFFFFFFFFFFFFFFFFFFFFFFFFFFF12
:206EA000FFFFFFFFFFFFFFFFFFFFFFFFFFFFFFFFFFFFFFFFFFFFFFFFFFFFFFFFFFFFFFFFF2
:206EC000FFFFFFFFFFFFFFFFFFFFFFFFFFFFFFFFFFFFFFFFFFFFFFFFFFFFFFFFFFFFFFFFD2
:206EE000FFFFFFFFFFFFFFFFFFFFFFFFFFFFFFFFFFFFFFFFFFFFFFFFFFFFFFFFFFFFFFFFB2
:206F0000FFFFFFFFFFFFFFFFFFFFFFFFFFFFFFFFFFFFFFFFFFFFFFFFFFFFFFFFFFFFFFFF91
:206F2000FFFFFFFFFFFFFFFFFFFFFFFFFFFFFFFFFFFFFFFFFFFFFFFFFFFFFFFFFFFFFFFF71
:206F4000FFFFFFFFFFFFFFFFFFFFFFFFFFFFFFFFFFFFFFFFFFFFFFFFFFFFFFFFFFFFFFFF51
:206F6000FFFFFFFFFFFFFFFFFFFFFFFFFFFFFFFFFFFFFFFFFFFFFFFFFFFFFFFFFFFFFFFF31
:206F8000FFFFFFFFFFFFFFFFFFFFFFFFFFFFFFFFFFFFFFFFFFFFFFFFFFFFFFFFFFFFFFFF11
:206FA000FFFFFFFFFFFFFFFFFFFFFFFFFFFFFFFFFFFFFFFFFFFFFFFFFFFFFFFFFFFFFFFFF1
:206FC000FFFFFFFFFFFFFFFFFFFFFFFFFFFFFFFFFFFFFFFFFFFFFFFFFFFFFFFFFFFFFFFFD1
:206FE000FFFFFFFFFFFFFFFFFFFFFFFFFFFFFFFFFFFFFFFFFFFFFFFFFFFFFFFFFFFFFFFFB1
:20700000FFFFFFFFFFFFFFFFFFFFFFFFFFFFFFFFFFFFFFFFFFFFFFFFFFFFFFFFFFFFFFFF90
:20702000FFFFFFFFFFFFFFFFFFFFFFFFFFFFFFFFFFFFFFFFFFFFFFFFFFFFFFFFFFFFFFFF70
:20704000FFFFFFFFFFFFFFFFFFFFFFFFFFFFFFFFFFFFFFFFFFFFFFFFFFFFFFFFFFFFFFFF50
:20706000FFFFFFFFFFFFFFFFFFFFFFFFFFFFFFFFFFFFFFFFFFFFFFFFFFFFFFFFFFFFFFFF30
:20708000FFFFFFFFFFFFFFFFFFFFFFFFFFFFFFFFFFFFFFFFFFFFFFFFFFFFFFFFFFFFFFFF10
:2070A000FFFFFFFFFFFFFFFFFFFFFFFFFFFFFFFFFFFFFFFFFFFFFFFFFFFFFFFFFFFFFFFFF0
:2070C000FFFFFFFFFFFFFFFFFFFFFFFFFFFFFFFFFFFFFFFFFFFFFFFFFFFFFFFFFFFFFFFFD0
:2070E000FFFFFFFFFFFFFFFFFFFFFFFFFFFFFFFFFFFFFFFFFFFFFFFFFFFFFFFFFFFFFFFFB0
:20710000FFFFFFFFFFFFFFFFFFFFFFFFFFFFFFFFFFFFFFFFFFFFFFFFFFFFFFFFFFFFFFFF8F
:20712000FFFFFFFFFFFFFFFFFFFFFFFFFFFFFFFFFFFFFFFFFFFFFFFFFFFFFFFFFFFFFFFF6F
:20714000FFFFFFFFFFFFFFFFFFFFFFFFFFFFFFFFFFFFFFFFFFFFFFFFFFFFFFFFFFFFFFFF4F
:20716000FFFFFFFFFFFFFFFFFFFFFFFFFFFFFFFFFFFFFFFFFFFFFFFFFFFFFFFFFFFFFFFF2F
:20718000FFFFFFFFFFFFFFFFFFFFFFFFFFFFFFFFFFFFFFFFFFFFFFFFFFFFFFFFFFFFFFFF0F
:2071A000FFFFFFFFFFFFFFFFFFFFFFFFFFFFFFFFFFFFFFFFFFFFFFFFFFFFFFFFFFFFFFFFEF
:2071C000FFFFFFFFFFFFFFFFFFFFFFFFFFFFFFFFFFFFFFFFFFFFFFFFFFFFFFFFFFFFFFFFCF
:2071E000FFFFFFFFFFFFFFFFFFFFFFFFFFFFFFFFFFFFFFFFFFFFFFFFFFFFFFFFFFFFFFFFAF
:20720000FFFFFFFFFFFFFFFFFFFFFFFFFFFFFFFFFFFFFFFFFFFFFFFFFFFFFFFFFFFFFFFF8E
:20722000FFFFFFFFFFFFFFFFFFFFFFFFFFFFFFFFFFFFFFFFFFFFFFFFFFFFFFFFFFFFFFFF6E
:20724000FFFFFFFFFFFFFFFFFFFFFFFFFFFFFFFFFFFFFFFFFFFFFFFFFFFFFFFFFFFFFFFF4E
:20726000FFFFFFFFFFFFFFFFFFFFFFFFFFFFFFFFFFFFFFFFFFFFFFFFFFFFFFFFFFFFFFFF2E
:20728000FFFFFFFFFFFFFFFFFFFFFFFFFFFFFFFFFFFFFFFFFFFFFFFFFFFFFFFFFFFFFFFF0E
:2072A000FFFFFFFFFFFFFFFFFFFFFFFFFFFFFFFFFFFFFFFFFFFFFFFFFFFFFFFFFFFFFFFFEE
:2072C000FFFFFFFFFFFFFFFFFFFFFFFFFFFFFFFFFFFFFFFFFFFFFFFFFFFFFFFFFFFFFFFFCE
:2072E000FFFFFFFFFFFFFFFFFFFFFFFFFFFFFFFFFFFFFFFFFFFFFFFFFFFFFFFFFFFFFFFFAE
:20730000FFFFFFFFFFFFFFFFFFFFFFFFFFFFFFFFFFFFFFFFFFFFFFFFFFFFFFFFFFFFFFFF8D
:20732000FFFFFFFFFFFFFFFFFFFFFFFFFFFFFFFFFFFFFFFFFFFFFFFFFFFFFFFFFFFFFFFF6D
:20734000FFFFFFFFFFFFFFFFFFFFFFFFFFFFFFFFFFFFFFFFFFFFFFFFFFFFFFFFFFFFFFFF4D
:20736000FFFFFFFFFFFFFFFFFFFFFFFFFFFFFFFFFFFFFFFFFFFFFFFFFFFFFFFFFFFFFFFF2D
:20738000FFFFFFFFFFFFFFFFFFFFFFFFFFFFFFFFFFFFFFFFFFFFFFFFFFFFFFFFFFFFFFFF0D
:2073A000FFFFFFFFFFFFFFFFFFFFFFFFFFFFFFFFFFFFFFFFFFFFFFFFFFFFFFFFFFFFFFFFED
:2073C000FFFFFFFFFFFFFFFFFFFFFFFFFFFFFFFFFFFFFFFFFFFFFFFFFFFFFFFFFFFFFFFFCD
:2073E000FFFFFFFFFFFFFFFFFFFFFFFFFFFFFFFFFFFFFFFFFFFFFFFFFFFFFFFFFFFFFFFFAD
:20740000FFFFFFFFFFFFFFFFFFFFFFFFFFFFFFFFFFFFFFFFFFFFFFFFFFFFFFFFFFFFFFFF8C
:20742000FFFFFFFFFFFFFFFFFFFFFFFFFFFFFFFFFFFFFFFFFFFFFFFFFFFFFFFFFFFFFFFF6C
:20744000FFFFFFFFFFFFFFFFFFFFFFFFFFFFFFFFFFFFFFFFFFFFFFFFFFFFFFFFFFFFFFFF4C
:20746000FFFFFFFFFFFFFFFFFFFFFFFFFFFFFFFFFFFFFFFFFFFFFFFFFFFFFFFFFFFFFFFF2C
:20748000FFFFFFFFFFFFFFFFFFFFFFFFFFFFFFFFFFFFFFFFFFFFFFFFFFFFFFFFFFFFFFFF0C
:2074A000FFFFFFFFFFFFFFFFFFFFFFFFFFFFFFFFFFFFFFFFFFFFFFFFFFFFFFFFFFFFFFFFEC
:2074C000FFFFFFFFFFFFFFFFFFFFFFFFFFFFFFFFFFFFFFFFFFFFFFFFFFFFFFFFFFFFFFFFCC
:2074E000FFFFFFFFFFFFFFFFFFFFFFFFFFFFFFFFFFFFFFFFFFFFFFFFFFFFFFFFFFFFFFFFAC
:20750000FFFFFFFFFFFFFFFFFFFFFFFFFFFFFFFFFFFFFFFFFFFFFFFFFFFFFFFFFFFFFFFF8B
:20752000FFFFFFFFFFFFFFFFFFFFFFFFFFFFFFFFFFFFFFFFFFFFFFFFFFFFFFFFFFFFFFFF6B
:20754000FFFFFFFFFFFFFFFFFFFFFFFFFFFFFFFFFFFFFFFFFFFFFFFFFFFFFFFFFFFFFFFF4B
:20756000FFFFFFFFFFFFFFFFFFFFFFFFFFFFFFFFFFFFFFFFFFFFFFFFFFFFFFFFFFFFFFFF2B
:20758000FFFFFFFFFFFFFFFFFFFFFFFFFFFFFFFFFFFFFFFFFFFFFFFFFFFFFFFFFFFFFFFF0B
:2075A000FFFFFFFFFFFFFFFFFFFFFFFFFFFFFFFFFFFFFFFFFFFFFFFFFFFFFFFFFFFFFFFFEB
:2075C000FFFFFFFFFFFFFFFFFFFFFFFFFFFFFFFFFFFFFFFFFFFFFFFFFFFFFFFFFFFFFFFFCB
:2075E000FFFFFFFFFFFFFFFFFFFFFFFFFFFFFFFFFFFFFFFFFFFFFFFFFFFFFFFFFFFFFFFFAB
:20760000FFFFFFFFFFFFFFFFFFFFFFFFFFFFFFFFFFFFFFFFFFFFFFFFFFFFFFFFFFFFFFFF8A
:20762000FFFFFFFFFFFFFFFFFFFFFFFFFFFFFFFFFFFFFFFFFFFFFFFFFFFFFFFFFFFFFFFF6A
:20764000FFFFFFFFFFFFFFFFFFFFFFFFFFFFFFFFFFFFFFFFFFFFFFFFFFFFFFFFFFFFFFFF4A
:20766000FFFFFFFFFFFFFFFFFFFFFFFFFFFFFFFFFFFFFFFFFFFFFFFFFFFFFFFFFFFFFFFF2A
:20768000FFFFFFFFFFFFFFFFFFFFFFFFFFFFFFFFFFFFFFFFFFFFFFFFFFFFFFFFFFFFFFFF0A
:2076A000FFFFFFFFFFFFFFFFFFFFFFFFFFFFFFFFFFFFFFFFFFFFFFFFFFFFFFFFFFFFFFFFEA
:2076C000FFFFFFFFFFFFFFFFFFFFFFFFFFFFFFFFFFFFFFFFFFFFFFFFFFFFFFFFFFFFFFFFCA
:2076E000FFFFFFFFFFFFFFFFFFFFFFFFFFFFFFFFFFFFFFFFFFFFFFFFFFFFFFFFFFFFFFFFAA
:20770000FFFFFFFFFFFFFFFFFFFFFFFFFFFFFFFFFFFFFFFFFFFFFFFFFFFFFFFFFFFFFFFF89
:20772000FFFFFFFFFFFFFFFFFFFFFFFFFFFFFFFFFFFFFFFFFFFFFFFFFFFFFFFFFFFFFFFF69
:20774000FFFFFFFFFFFFFFFFFFFFFFFFFFFFFFFFFFFFFFFFFFFFFFFFFFFFFFFFFFFFFFFF49
:20776000FFFFFFFFFFFFFFFFFFFFFFFFFFFFFFFFFFFFFFFFFFFFFFFFFFFFFFFFFFFFFFFF29
:20778000FFFFFFFFFFFFFFFFFFFFFFFFFFFFFFFFFFFFFFFFFFFFFFFFFFFFFFFFFFFFFFFF09
:2077A000FFFFFFFFFFFFFFFFFFFFFFFFFFFFFFFFFFFFFFFFFFFFFFFFFFFFFFFFFFFFFFFFE9
:2077C000FFFFFFFFFFFFFFFFFFFFFFFFFFFFFFFFFFFFFFFFFFFFFFFFFFFFFFFFFFFFFFFFC9
:2077E000FFFFFFFFFFFFFFFFFFFFFFFFFFFFFFFFFFFFFFFFFFFFFFFFFFFFFFFFFFFFFFFFA9
:20780000FFFFFFFFFFFFFFFFFFFFFFFFFFFFFFFFFFFFFFFFFFFFFFFFFFFFFFFFFFFFFFFF88
:20782000FFFFFFFFFFFFFFFFFFFFFFFFFFFFFFFFFFFFFFFFFFFFFFFFFFFFFFFFFFFFFFFF68
:20784000FFFFFFFFFFFFFFFFFFFFFFFFFFFFFFFFFFFFFFFFFFFFFFFFFFFFFFFFFFFFFFFF48
:20786000FFFFFFFFFFFFFFFFFFFFFFFFFFFFFFFFFFFFFFFFFFFFFFFFFFFFFFFFFFFFFFFF28
:20788000FFFFFFFFFFFFFFFFFFFFFFFFFFFFFFFFFFFFFFFFFFFFFFFFFFFFFFFFFFFFFFFF08
:2078A000FFFFFFFFFFFFFFFFFFFFFFFFFFFFFFFFFFFFFFFFFFFFFFFFFFFFFFFFFFFFFFFFE8
:2078C000FFFFFFFFFFFFFFFFFFFFFFFFFFFFFFFFFFFFFFFFFFFFFFFFFFFFFFFFFFFFFFFFC8
:2078E000FFFFFFFFFFFFFFFFFFFFFFFFFFFFFFFFFFFFFFFFFFFFFFFFFFFFFFFFFFFFFFFFA8
:20790000FFFFFFFFFFFFFFFFFFFFFFFFFFFFFFFFFFFFFFFFFFFFFFFFFFFFFFFFFFFFFFFF87
:20792000FFFFFFFFFFFFFFFFFFFFFFFFFFFFFFFFFFFFFFFFFFFFFFFFFFFFFFFFFFFFFFFF67
:20794000FFFFFFFFFFFFFFFFFFFFFFFFFFFFFFFFFFFFFFFFFFFFFFFFFFFFFFFFFFFFFFFF47
:20796000FFFFFFFFFFFFFFFFFFFFFFFFFFFFFFFFFFFFFFFFFFFFFFFFFFFFFFFFFFFFFFFF27
:20798000FFFFFFFFFFFFFFFFFFFFFFFFFFFFFFFFFFFFFFFFFFFFFFFFFFFFFFFFFFFFFFFF07
:2079A000FFFFFFFFFFFFFFFFFFFFFFFFFFFFFFFFFFFFFFFFFFFFFFFFFFFFFFFFFFFFFFFFE7
:2079C000FFFFFFFFFFFFFFFFFFFFFFFFFFFFFFFFFFFFFFFFFFFFFFFFFFFFFFFFFFFFFFFFC7
:2079E000FFFFFFFFFFFFFFFFFFFFFFFFFFFFFFFFFFFFFFFFFFFFFFFFFFFFFFFFFFFFFFFFA7
:207A0000FFFFFFFFFFFFFFFFFFFFFFFFFFFFFFFFFFFFFFFFFFFFFFFFFFFFFFFFFFFFFFFF86
:207A2000FFFFFFFFFFFFFFFFFFFFFFFFFFFFFFFFFFFFFFFFFFFFFFFFFFFFFFFFFFFFFFFF66
:207A4000FFFFFFFFFFFFFFFFFFFFFFFFFFFFFFFFFFFFFFFFFFFFFFFFFFFFFFFFFFFFFFFF46
:207A6000FFFFFFFFFFFFFFFFFFFFFFFFFFFFFFFFFFFFFFFFFFFFFFFFFFFFFFFFFFFFFFFF26
:207A8000FFFFFFFFFFFFFFFFFFFFFFFFFFFFFFFFFFFFFFFFFFFFFFFFFFFFFFFFFFFFFFFF06
:207AA000FFFFFFFFFFFFFFFFFFFFFFFFFFFFFFFFFFFFFFFFFFFFFFFFFFFFFFFFFFFFFFFFE6
:207AC000FFFFFFFFFFFFFFFFFFFFFFFFFFFFFFFFFFFFFFFFFFFFFFFFFFFFFFFFFFFFFFFFC6
:207AE000FFFFFFFFFFFFFFFFFFFFFFFFFFFFFFFFFFFFFFFFFFFFFFFFFFFFFFFFFFFFFFFFA6
:207B0000FFFFFFFFFFFFFFFFFFFFFFFFFFFFFFFFFFFFFFFFFFFFFFFFFFFFFFFFFFFFFFFF85
:207B2000FFFFFFFFFFFFFFFFFFFFFFFFFFFFFFFFFFFFFFFFFFFFFFFFFFFFFFFFFFFFFFFF65
:207B4000FFFFFFFFFFFFFFFFFFFFFFFFFFFFFFFFFFFFFFFFFFFFFFFFFFFFFFFFFFFFFFFF45
:207B6000FFFFFFFFFFFFFFFFFFFFFFFFFFFFFFFFFFFFFFFFFFFFFFFFFFFFFFFFFFFFFFFF25
:207B8000FFFFFFFFFFFFFFFFFFFFFFFFFFFFFFFFFFFFFFFFFFFFFFFFFFFFFFFFFFFFFFFF05
:207BA000FFFFFFFFFFFFFFFFFFFFFFFFFFFFFFFFFFFFFFFFFFFFFFFFFFFFFFFFFFFFFFFFE5
:207BC000FFFFFFFFFFFFFFFFFFFFFFFFFFFFFFFFFFFFFFFFFFFFFFFFFFFFFFFFFFFFFFFFC5
:207BE000FFFFFFFFFFFFFFFFFFFFFFFFFFFFFFFFFFFFFFFFFFFFFFFFFFFFFFFFFFFFFFFFA5
:207C0000FFFFFFFFFFFFFFFFFFFFFFFFFFFFFFFFFFFFFFFFFFFFFFFFFFFFFFFFFFFFFFFF84
:207C2000FFFFFFFFFFFFFFFFFFFFFFFFFFFFFFFFFFFFFFFFFFFFFFFFFFFFFFFFFFFFFFFF64
:207C4000FFFFFFFFFFFFFFFFFFFFFFFFFFFFFFFFFFFFFFFFFFFFFFFFFFFFFFFFFFFFFFFF44
:207C6000FFFFFFFFFFFFFFFFFFFFFFFFFFFFFFFFFFFFFFFFFFFFFFFFFFFFFFFFFFFFFFFF24
:207C8000FFFFFFFFFFFFFFFFFFFFFFFFFFFFFFFFFFFFFFFFFFFFFFFFFFFFFFFFFFFFFFFF04
:207CA000FFFFFFFFFFFFFFFFFFFFFFFFFFFFFFFFFFFFFFFFFFFFFFFFFFFFFFFFFFFFFFFFE4
:207CC000FFFFFFFFFFFFFFFFFFFFFFFFFFFFFFFFFFFFFFFFFFFFFFFFFFFFFFFFFFFFFFFFC4
:207CE000FFFFFFFFFFFFFFFFFFFFFFFFFFFFFFFFFFFFFFFFFFFFFFFFFFFFFFFFFFFFFFFFA4
:207D0000FFFFFFFFFFFFFFFFFFFFFFFFFFFFFFFFFFFFFFFFFFFFFFFFFFFFFFFFFFFFFFFF83
:207D2000FFFFFFFFFFFFFFFFFFFFFFFFFFFFFFFFFFFFFFFFFFFFFFFFFFFFFFFFFFFFFFFF63
:207D4000FFFFFFFFFFFFFFFFFFFFFFFFFFFFFFFFFFFFFFFFFFFFFFFFFFFFFFFFFFFFFFFF43
:207D6000FFFFFFFFFFFFFFFFFFFFFFFFFFFFFFFFFFFFFFFFFFFFFFFFFFFFFFFFFFFFFFFF23
:207D8000FFFFFFFFFFFFFFFFFFFFFFFFFFFFFFFFFFFFFFFFFFFFFFFFFFFFFFFFFFFFFFFF03
:207DA000FFFFFFFFFFFFFFFFFFFFFFFFFFFFFFFFFFFFFFFFFFFFFFFFFFFFFFFFFFFFFFFFE3
:207DC000FFFFFFFFFFFFFFFFFFFFFFFFFFFFFFFFFFFFFFFFFFFFFFFFFFFFFFFFFFFFFFFFC3
:207DE000FFFFFFFFFFFFFFFFFFFFFFFFFFFFFFFFFFFFFFFFFFFFFFFFFFFFFFFFFFFFFFFFA3
:207E0000FFFFFFFFFFFFFFFFFFFFFFFFFFFFFFFFFFFFFFFFFFFFFFFFFFFFFFFFFFFFFFFF82
:207E2000FFFFFFFFFFFFFFFFFFFFFFFFFFFFFFFFFFFFFFFFFFFFFFFFFFFFFFFFFFFFFFFF62
:207E4000FFFFFFFFFFFFFFFFFFFFFFFFFFFFFFFFFFFFFFFFFFFFFFFFFFFFFFFFFFFFFFFF42
:207E6000FFFFFFFFFFFFFFFFFFFFFFFFFFFFFFFFFFFFFFFFFFFFFFFFFFFFFFFFFFFFFFFF22
:207E8000FFFFFFFFFFFFFFFFFFFFFFFFFFFFFFFFFFFFFFFFFFFFFFFFFFFFFFFFFFFFFFFF02
:207EA000FFFFFFFFFFFFFFFFFFFFFFFFFFFFFFFFFFFFFFFFFFFFFFFFFFFFFFFFFFFFFFFFE2
:207EC000FFFFFFFFFFFFFFFFFFFFFFFFFFFFFFFFFFFFFFFFFFFFFFFFFFFFFFFFFFFFFFFFC2
:207EE000FFFFFFFFFFFFFFFFFFFFFFFFFFFFFFFFFFFFFFFFFFFFFFFFFFFFFFFFFFFFFFFFA2
:207F0000FFFFFFFFFFFFFFFFFFFFFFFFFFFFFFFFFFFFFFFFFFFFFFFFFFFFFFFFFFFFFFFF81
:207F2000FFFFFFFFFFFFFFFFFFFFFFFFFFFFFFFFFFFFFFFFFFFFFFFFFFFFFFFFFFFFFFFF61
:207F4000FFFFFFFFFFFFFFFFFFFFFFFFFFFFFFFFFFFFFFFFFFFFFFFFFFFFFFFFFFFFFFFF41
:207F6000FFFFFFFFFFFFFFFFFFFFFFFFFFFFFFFFFFFFFFFFFFFFFFFFFFFFFFFFFFFFFFFF21
:207F8000FFFFFFFFFFFFFFFFFFFFFFFFFFFFFFFFFFFFFFFFFFFFFFFFFFFFFFFFFFFFFFFF01
:207FA000FFFFFFFFFFFFFFFFFFFFFFFFFFFFFFFFFFFFFFFFFFFFFFFFFFFFFFFFFFFFFFFFE1
:207FC000FFFFFFFFFFFFFFFFFFFFFFFFFFFFFFFFFFFFFFFFFFFFFFFFFFFFFFFFFFFFFFFFC1
:207FE000FFFFFFFFFFFFFFFFFFFFFFFFFFFFFFFFFFFFFFFFFFFFFFFFFFFFFFFFFFFFFFFFA1
:20800000FFFFFFFFFFFFFFFFFFFFFFFFFFFFFFFFFFFFFFFFFFFFFFFFFFFFFFFFFFFFFFFF80
:20802000FFFFFFFFFFFFFFFFFFFFFFFFFFFFFFFFFFFFFFFFFFFFFFFFFFFFFFFFFFFFFFFF60
:20804000FFFFFFFFFFFFFFFFFFFFFFFFFFFFFFFFFFFFFFFFFFFFFFFFFFFFFFFFFFFFFFFF40
:20806000FFFFFFFFFFFFFFFFFFFFFFFFFFFFFFFFFFFFFFFFFFFFFFFFFFFFFFFFFFFFFFFF20
:20808000FFFFFFFFFFFFFFFFFFFFFFFFFFFFFFFFFFFFFFFFFFFFFFFFFFFFFFFFFFFFFFFF00
:2080A000FFFFFFFFFFFFFFFFFFFFFFFFFFFFFFFFFFFFFFFFFFFFFFFFFFFFFFFFFFFFFFFFE0
:2080C000FFFFFFFFFFFFFFFFFFFFFFFFFFFFFFFFFFFFFFFFFFFFFFFFFFFFFFFFFFFFFFFFC0
:2080E000FFFFFFFFFFFFFFFFFFFFFFFFFFFFFFFFFFFFFFFFFFFFFFFFFFFFFFFFFFFFFFFFA0
:20810000FFFFFFFFFFFFFFFFFFFFFFFFFFFFFFFFFFFFFFFFFFFFFFFFFFFFFFFFFFFFFFFF7F
:20812000FFFFFFFFFFFFFFFFFFFFFFFFFFFFFFFFFFFFFFFFFFFFFFFFFFFFFFFFFFFFFFFF5F
:20814000FFFFFFFFFFFFFFFFFFFFFFFFFFFFFFFFFFFFFFFFFFFFFFFFFFFFFFFFFFFFFFFF3F
:20816000FFFFFFFFFFFFFFFFFFFFFFFFFFFFFFFFFFFFFFFFFFFFFFFFFFFFFFFFFFFFFFFF1F
:20818000FFFFFFFFFFFFFFFFFFFFFFFFFFFFFFFFFFFFFFFFFFFFFFFFFFFFFFFFFFFFFFFFFF
:2081A000FFFFFFFFFFFFFFFFFFFFFFFFFFFFFFFFFFFFFFFFFFFFFFFFFFFFFFFFFFFFFFFFDF
:2081C000FFFFFFFFFFFFFFFFFFFFFFFFFFFFFFFFFFFFFFFFFFFFFFFFFFFFFFFFFFFFFFFFBF
:2081E000FFFFFFFFFFFFFFFFFFFFFFFFFFFFFFFFFFFFFFFFFFFFFFFFFFFFFFFFFFFFFFFF9F
:20820000FFFFFFFFFFFFFFFFFFFFFFFFFFFFFFFFFFFFFFFFFFFFFFFFFFFFFFFFFFFFFFFF7E
:20822000FFFFFFFFFFFFFFFFFFFFFFFFFFFFFFFFFFFFFFFFFFFFFFFFFFFFFFFFFFFFFFFF5E
:20824000FFFFFFFFFFFFFFFFFFFFFFFFFFFFFFFFFFFFFFFFFFFFFFFFFFFFFFFFFFFFFFFF3E
:20826000FFFFFFFFFFFFFFFFFFFFFFFFFFFFFFFFFFFFFFFFFFFFFFFFFFFFFFFFFFFFFFFF1E
:20828000FFFFFFFFFFFFFFFFFFFFFFFFFFFFFFFFFFFFFFFFFFFFFFFFFFFFFFFFFFFFFFFFFE
:2082A000FFFFFFFFFFFFFFFFFFFFFFFFFFFFFFFFFFFFFFFFFFFFFFFFFFFFFFFFFFFFFFFFDE
:2082C000FFFFFFFFFFFFFFFFFFFFFFFFFFFFFFFFFFFFFFFFFFFFFFFFFFFFFFFFFFFFFFFFBE
:2082E000FFFFFFFFFFFFFFFFFFFFFFFFFFFFFFFFFFFFFFFFFFFFFFFFFFFFFFFFFFFFFFFF9E
:20830000FFFFFFFFFFFFFFFFFFFFFFFFFFFFFFFFFFFFFFFFFFFFFFFFFFFFFFFFFFFFFFFF7D
:20832000FFFFFFFFFFFFFFFFFFFFFFFFFFFFFFFFFFFFFFFFFFFFFFFFFFFFFFFFFFFFFFFF5D
:20834000FFFFFFFFFFFFFFFFFFFFFFFFFFFFFFFFFFFFFFFFFFFFFFFFFFFFFFFFFFFFFFFF3D
:20836000FFFFFFFFFFFFFFFFFFFFFFFFFFFFFFFFFFFFFFFFFFFFFFFFFFFFFFFFFFFFFFFF1D
:20838000FFFFFFFFFFFFFFFFFFFFFFFFFFFFFFFFFFFFFFFFFFFFFFFFFFFFFFFFFFFFFFFFFD
:2083A000FFFFFFFFFFFFFFFFFFFFFFFFFFFFFFFFFFFFFFFFFFFFFFFFFFFFFFFFFFFFFFFFDD
:2083C000FFFFFFFFFFFFFFFFFFFFFFFFFFFFFFFFFFFFFFFFFFFFFFFFFFFFFFFFFFFFFFFFBD
:2083E000FFFFFFFFFFFFFFFFFFFFFFFFFFFFFFFFFFFFFFFFFFFFFFFFFFFFFFFFFFFFFFFF9D
:20840000FFFFFFFFFFFFFFFFFFFFFFFFFFFFFFFFFFFFFFFFFFFFFFFFFFFFFFFFFFFFFFFF7C
:20842000FFFFFFFFFFFFFFFFFFFFFFFFFFFFFFFFFFFFFFFFFFFFFFFFFFFFFFFFFFFFFFFF5C
:20844000FFFFFFFFFFFFFFFFFFFFFFFFFFFFFFFFFFFFFFFFFFFFFFFFFFFFFFFFFFFFFFFF3C
:20846000FFFFFFFFFFFFFFFFFFFFFFFFFFFFFFFFFFFFFFFFFFFFFFFFFFFFFFFFFFFFFFFF1C
:20848000FFFFFFFFFFFFFFFFFFFFFFFFFFFFFFFFFFFFFFFFFFFFFFFFFFFFFFFFFFFFFFFFFC
:2084A000FFFFFFFFFFFFFFFFFFFFFFFFFFFFFFFFFFFFFFFFFFFFFFFFFFFFFFFFFFFFFFFFDC
:2084C000FFFFFFFFFFFFFFFFFFFFFFFFFFFFFFFFFFFFFFFFFFFFFFFFFFFFFFFFFFFFFFFFBC
:2084E000FFFFFFFFFFFFFFFFFFFFFFFFFFFFFFFFFFFFFFFFFFFFFFFFFFFFFFFFFFFFFFFF9C
:20850000FFFFFFFFFFFFFFFFFFFFFFFFFFFFFFFFFFFFFFFFFFFFFFFFFFFFFFFFFFFFFFFF7B
:20852000FFFFFFFFFFFFFFFFFFFFFFFFFFFFFFFFFFFFFFFFFFFFFFFFFFFFFFFFFFFFFFFF5B
:20854000FFFFFFFFFFFFFFFFFFFFFFFFFFFFFFFFFFFFFFFFFFFFFFFFFFFFFFFFFFFFFFFF3B
:20856000FFFFFFFFFFFFFFFFFFFFFFFFFFFFFFFFFFFFFFFFFFFFFFFFFFFFFFFFFFFFFFFF1B
:20858000FFFFFFFFFFFFFFFFFFFFFFFFFFFFFFFFFFFFFFFFFFFFFFFFFFFFFFFFFFFFFFFFFB
:2085A000FFFFFFFFFFFFFFFFFFFFFFFFFFFFFFFFFFFFFFFFFFFFFFFFFFFFFFFFFFFFFFFFDB
:2085C000FFFFFFFFFFFFFFFFFFFFFFFFFFFFFFFFFFFFFFFFFFFFFFFFFFFFFFFFFFFFFFFFBB
:2085E000FFFFFFFFFFFFFFFFFFFFFFFFFFFFFFFFFFFFFFFFFFFFFFFFFFFFFFFFFFFFFFFF9B
:20860000FFFFFFFFFFFFFFFFFFFFFFFFFFFFFFFFFFFFFFFFFFFFFFFFFFFFFFFFFFFFFFFF7A
:20862000FFFFFFFFFFFFFFFFFFFFFFFFFFFFFFFFFFFFFFFFFFFFFFFFFFFFFFFFFFFFFFFF5A
:20864000FFFFFFFFFFFFFFFFFFFFFFFFFFFFFFFFFFFFFFFFFFFFFFFFFFFFFFFFFFFFFFFF3A
:20866000FFFFFFFFFFFFFFFFFFFFFFFFFFFFFFFFFFFFFFFFFFFFFFFFFFFFFFFFFFFFFFFF1A
:20868000FFFFFFFFFFFFFFFFFFFFFFFFFFFFFFFFFFFFFFFFFFFFFFFFFFFFFFFFFFFFFFFFFA
:2086A000FFFFFFFFFFFFFFFFFFFFFFFFFFFFFFFFFFFFFFFFFFFFFFFFFFFFFFFFFFFFFFFFDA
:2086C000FFFFFFFFFFFFFFFFFFFFFFFFFFFFFFFFFFFFFFFFFFFFFFFFFFFFFFFFFFFFFFFFBA
:2086E000FFFFFFFFFFFFFFFFFFFFFFFFFFFFFFFFFFFFFFFFFFFFFFFFFFFFFFFFFFFFFFFF9A
:20870000FFFFFFFFFFFFFFFFFFFFFFFFFFFFFFFFFFFFFFFFFFFFFFFFFFFFFFFFFFFFFFFF79
:20872000FFFFFFFFFFFFFFFFFFFFFFFFFFFFFFFFFFFFFFFFFFFFFFFFFFFFFFFFFFFFFFFF59
:20874000FFFFFFFFFFFFFFFFFFFFFFFFFFFFFFFFFFFFFFFFFFFFFFFFFFFFFFFFFFFFFFFF39
:20876000FFFFFFFFFFFFFFFFFFFFFFFFFFFFFFFFFFFFFFFFFFFFFFFFFFFFFFFFFFFFFFFF19
:20878000FFFFFFFFFFFFFFFFFFFFFFFFFFFFFFFFFFFFFFFFFFFFFFFFFFFFFFFFFFFFFFFFF9
:2087A000FFFFFFFFFFFFFFFFFFFFFFFFFFFFFFFFFFFFFFFFFFFFFFFFFFFFFFFFFFFFFFFFD9
:2087C000FFFFFFFFFFFFFFFFFFFFFFFFFFFFFFFFFFFFFFFFFFFFFFFFFFFFFFFFFFFFFFFFB9
:2087E000FFFFFFFFFFFFFFFFFFFFFFFFFFFFFFFFFFFFFFFFFFFFFFFFFFFFFFFFFFFFFFFF99
:20880000FFFFFFFFFFFFFFFFFFFFFFFFFFFFFFFFFFFFFFFFFFFFFFFFFFFFFFFFFFFFFFFF78
:20882000FFFFFFFFFFFFFFFFFFFFFFFFFFFFFFFFFFFFFFFFFFFFFFFFFFFFFFFFFFFFFFFF58
:20884000FFFFFFFFFFFFFFFFFFFFFFFFFFFFFFFFFFFFFFFFFFFFFFFFFFFFFFFFFFFFFFFF38
:20886000FFFFFFFFFFFFFFFFFFFFFFFFFFFFFFFFFFFFFFFFFFFFFFFFFFFFFFFFFFFFFFFF18
:20888000FFFFFFFFFFFFFFFFFFFFFFFFFFFFFFFFFFFFFFFFFFFFFFFFFFFFFFFFFFFFFFFFF8
:2088A000FFFFFFFFFFFFFFFFFFFFFFFFFFFFFFFFFFFFFFFFFFFFFFFFFFFFFFFFFFFFFFFFD8
:2088C000FFFFFFFFFFFFFFFFFFFFFFFFFFFFFFFFFFFFFFFFFFFFFFFFFFFFFFFFFFFFFFFFB8
:2088E000FFFFFFFFFFFFFFFFFFFFFFFFFFFFFFFFFFFFFFFFFFFFFFFFFFFFFFFFFFFFFFFF98
:20890000FFFFFFFFFFFFFFFFFFFFFFFFFFFFFFFFFFFFFFFFFFFFFFFFFFFFFFFFFFFFFFFF77
:20892000FFFFFFFFFFFFFFFFFFFFFFFFFFFFFFFFFFFFFFFFFFFFFFFFFFFFFFFFFFFFFFFF57
:20894000FFFFFFFFFFFFFFFFFFFFFFFFFFFFFFFFFFFFFFFFFFFFFFFFFFFFFFFFFFFFFFFF37
:20896000FFFFFFFFFFFFFFFFFFFFFFFFFFFFFFFFFFFFFFFFFFFFFFFFFFFFFFFFFFFFFFFF17
:20898000FFFFFFFFFFFFFFFFFFFFFFFFFFFFFFFFFFFFFFFFFFFFFFFFFFFFFFFFFFFFFFFFF7
:2089A000FFFFFFFFFFFFFFFFFFFFFFFFFFFFFFFFFFFFFFFFFFFFFFFFFFFFFFFFFFFFFFFFD7
:2089C000FFFFFFFFFFFFFFFFFFFFFFFFFFFFFFFFFFFFFFFFFFFFFFFFFFFFFFFFFFFFFFFFB7
:2089E000FFFFFFFFFFFFFFFFFFFFFFFFFFFFFFFFFFFFFFFFFFFFFFFFFFFFFFFFFFFFFFFF97
:208A0000FFFFFFFFFFFFFFFFFFFFFFFFFFFFFFFFFFFFFFFFFFFFFFFFFFFFFFFFFFFFFFFF76
:208A2000FFFFFFFFFFFFFFFFFFFFFFFFFFFFFFFFFFFFFFFFFFFFFFFFFFFFFFFFFFFFFFFF56
:208A4000FFFFFFFFFFFFFFFFFFFFFFFFFFFFFFFFFFFFFFFFFFFFFFFFFFFFFFFFFFFFFFFF36
:208A6000FFFFFFFFFFFFFFFFFFFFFFFFFFFFFFFFFFFFFFFFFFFFFFFFFFFFFFFFFFFFFFFF16
:208A8000FFFFFFFFFFFFFFFFFFFFFFFFFFFFFFFFFFFFFFFFFFFFFFFFFFFFFFFFFFFFFFFFF6
:208AA000FFFFFFFFFFFFFFFFFFFFFFFFFFFFFFFFFFFFFFFFFFFFFFFFFFFFFFFFFFFFFFFFD6
:208AC000FFFFFFFFFFFFFFFFFFFFFFFFFFFFFFFFFFFFFFFFFFFFFFFFFFFFFFFFFFFFFFFFB6
:208AE000FFFFFFFFFFFFFFFFFFFFFFFFFFFFFFFFFFFFFFFFFFFFFFFFFFFFFFFFFFFFFFFF96
:208B0000FFFFFFFFFFFFFFFFFFFFFFFFFFFFFFFFFFFFFFFFFFFFFFFFFFFFFFFFFFFFFFFF75
:208B2000FFFFFFFFFFFFFFFFFFFFFFFFFFFFFFFFFFFFFFFFFFFFFFFFFFFFFFFFFFFFFFFF55
:208B4000FFFFFFFFFFFFFFFFFFFFFFFFFFFFFFFFFFFFFFFFFFFFFFFFFFFFFFFFFFFFFFFF35
:208B6000FFFFFFFFFFFFFFFFFFFFFFFFFFFFFFFFFFFFFFFFFFFFFFFFFFFFFFFFFFFFFFFF15
:208B8000FFFFFFFFFFFFFFFFFFFFFFFFFFFFFFFFFFFFFFFFFFFFFFFFFFFFFFFFFFFFFFFFF5
:208BA000FFFFFFFFFFFFFFFFFFFFFFFFFFFFFFFFFFFFFFFFFFFFFFFFFFFFFFFFFFFFFFFFD5
:208BC000FFFFFFFFFFFFFFFFFFFFFFFFFFFFFFFFFFFFFFFFFFFFFFFFFFFFFFFFFFFFFFFFB5
:208BE000FFFFFFFFFFFFFFFFFFFFFFFFFFFFFFFFFFFFFFFFFFFFFFFFFFFFFFFFFFFFFFFF95
:208C0000FFFFFFFFFFFFFFFFFFFFFFFFFFFFFFFFFFFFFFFFFFFFFFFFFFFFFFFFFFFFFFFF74
:208C2000FFFFFFFFFFFFFFFFFFFFFFFFFFFFFFFFFFFFFFFFFFFFFFFFFFFFFFFFFFFFFFFF54
:208C4000FFFFFFFFFFFFFFFFFFFFFFFFFFFFFFFFFFFFFFFFFFFFFFFFFFFFFFFFFFFFFFFF34
:208C6000FFFFFFFFFFFFFFFFFFFFFFFFFFFFFFFFFFFFFFFFFFFFFFFFFFFFFFFFFFFFFFFF14
:208C8000FFFFFFFFFFFFFFFFFFFFFFFFFFFFFFFFFFFFFFFFFFFFFFFFFFFFFFFFFFFFFFFFF4
:208CA000FFFFFFFFFFFFFFFFFFFFFFFFFFFFFFFFFFFFFFFFFFFFFFFFFFFFFFFFFFFFFFFFD4
:208CC000FFFFFFFFFFFFFFFFFFFFFFFFFFFFFFFFFFFFFFFFFFFFFFFFFFFFFFFFFFFFFFFFB4
:208CE000FFFFFFFFFFFFFFFFFFFFFFFFFFFFFFFFFFFFFFFFFFFFFFFFFFFFFFFFFFFFFFFF94
:208D0000FFFFFFFFFFFFFFFFFFFFFFFFFFFFFFFFFFFFFFFFFFFFFFFFFFFFFFFFFFFFFFFF73
:208D2000FFFFFFFFFFFFFFFFFFFFFFFFFFFFFFFFFFFFFFFFFFFFFFFFFFFFFFFFFFFFFFFF53
:208D4000FFFFFFFFFFFFFFFFFFFFFFFFFFFFFFFFFFFFFFFFFFFFFFFFFFFFFFFFFFFFFFFF33
:208D6000FFFFFFFFFFFFFFFFFFFFFFFFFFFFFFFFFFFFFFFFFFFFFFFFFFFFFFFFFFFFFFFF13
:208D8000FFFFFFFFFFFFFFFFFFFFFFFFFFFFFFFFFFFFFFFFFFFFFFFFFFFFFFFFFFFFFFFFF3
:208DA000FFFFFFFFFFFFFFFFFFFFFFFFFFFFFFFFFFFFFFFFFFFFFFFFFFFFFFFFFFFFFFFFD3
:208DC000FFFFFFFFFFFFFFFFFFFFFFFFFFFFFFFFFFFFFFFFFFFFFFFFFFFFFFFFFFFFFFFFB3
:208DE000FFFFFFFFFFFFFFFFFFFFFFFFFFFFFFFFFFFFFFFFFFFFFFFFFFFFFFFFFFFFFFFF93
:208E0000FFFFFFFFFFFFFFFFFFFFFFFFFFFFFFFFFFFFFFFFFFFFFFFFFFFFFFFFFFFFFFFF72
:208E2000FFFFFFFFFFFFFFFFFFFFFFFFFFFFFFFFFFFFFFFFFFFFFFFFFFFFFFFFFFFFFFFF52
:208E4000FFFFFFFFFFFFFFFFFFFFFFFFFFFFFFFFFFFFFFFFFFFFFFFFFFFFFFFFFFFFFFFF32
:208E6000FFFFFFFFFFFFFFFFFFFFFFFFFFFFFFFFFFFFFFFFFFFFFFFFFFFFFFFFFFFFFFFF12
:208E8000FFFFFFFFFFFFFFFFFFFFFFFFFFFFFFFFFFFFFFFFFFFFFFFFFFFFFFFFFFFFFFFFF2
:208EA000FFFFFFFFFFFFFFFFFFFFFFFFFFFFFFFFFFFFFFFFFFFFFFFFFFFFFFFFFFFFFFFFD2
:208EC000FFFFFFFFFFFFFFFFFFFFFFFFFFFFFFFFFFFFFFFFFFFFFFFFFFFFFFFFFFFFFFFFB2
:208EE000FFFFFFFFFFFFFFFFFFFFFFFFFFFFFFFFFFFFFFFFFFFFFFFFFFFFFFFFFFFFFFFF92
:208F0000FFFFFFFFFFFFFFFFFFFFFFFFFFFFFFFFFFFFFFFFFFFFFFFFFFFFFFFFFFFFFFFF71
:208F2000FFFFFFFFFFFFFFFFFFFFFFFFFFFFFFFFFFFFFFFFFFFFFFFFFFFFFFFFFFFFFFFF51
:208F4000FFFFFFFFFFFFFFFFFFFFFFFFFFFFFFFFFFFFFFFFFFFFFFFFFFFFFFFFFFFFFFFF31
:208F6000FFFFFFFFFFFFFFFFFFFFFFFFFFFFFFFFFFFFFFFFFFFFFFFFFFFFFFFFFFFFFFFF11
:208F8000FFFFFFFFFFFFFFFFFFFFFFFFFFFFFFFFFFFFFFFFFFFFFFFFFFFFFFFFFFFFFFFFF1
:208FA000FFFFFFFFFFFFFFFFFFFFFFFFFFFFFFFFFFFFFFFFFFFFFFFFFFFFFFFFFFFFFFFFD1
:208FC000FFFFFFFFFFFFFFFFFFFFFFFFFFFFFFFFFFFFFFFFFFFFFFFFFFFFFFFFFFFFFFFFB1
:208FE000FFFFFFFFFFFFFFFFFFFFFFFFFFFFFFFFFFFFFFFFFFFFFFFFFFFFFFFFFFFFFFFF91
:20900000FFFFFFFFFFFFFFFFFFFFFFFFFFFFFFFFFFFFFFFFFFFFFFFFFFFFFFFFFFFFFFFF70
:20902000FFFFFFFFFFFFFFFFFFFFFFFFFFFFFFFFFFFFFFFFFFFFFFFFFFFFFFFFFFFFFFFF50
:20904000FFFFFFFFFFFFFFFFFFFFFFFFFFFFFFFFFFFFFFFFFFFFFFFFFFFFFFFFFFFFFFFF30
:20906000FFFFFFFFFFFFFFFFFFFFFFFFFFFFFFFFFFFFFFFFFFFFFFFFFFFFFFFFFFFFFFFF10
:20908000FFFFFFFFFFFFFFFFFFFFFFFFFFFFFFFFFFFFFFFFFFFFFFFFFFFFFFFFFFFFFFFFF0
:2090A000FFFFFFFFFFFFFFFFFFFFFFFFFFFFFFFFFFFFFFFFFFFFFFFFFFFFFFFFFFFFFFFFD0
:2090C000FFFFFFFFFFFFFFFFFFFFFFFFFFFFFFFFFFFFFFFFFFFFFFFFFFFFFFFFFFFFFFFFB0
:2090E000FFFFFFFFFFFFFFFFFFFFFFFFFFFFFFFFFFFFFFFFFFFFFFFFFFFFFFFFFFFFFFFF90
:20910000FFFFFFFFFFFFFFFFFFFFFFFFFFFFFFFFFFFFFFFFFFFFFFFFFFFFFFFFFFFFFFFF6F
:20912000FFFFFFFFFFFFFFFFFFFFFFFFFFFFFFFFFFFFFFFFFFFFFFFFFFFFFFFFFFFFFFFF4F
:20914000FFFFFFFFFFFFFFFFFFFFFFFFFFFFFFFFFFFFFFFFFFFFFFFFFFFFFFFFFFFFFFFF2F
:20916000FFFFFFFFFFFFFFFFFFFFFFFFFFFFFFFFFFFFFFFFFFFFFFFFFFFFFFFFFFFFFFFF0F
:20918000FFFFFFFFFFFFFFFFFFFFFFFFFFFFFFFFFFFFFFFFFFFFFFFFFFFFFFFFFFFFFFFFEF
:2091A000FFFFFFFFFFFFFFFFFFFFFFFFFFFFFFFFFFFFFFFFFFFFFFFFFFFFFFFFFFFFFFFFCF
:2091C000FFFFFFFFFFFFFFFFFFFFFFFFFFFFFFFFFFFFFFFFFFFFFFFFFFFFFFFFFFFFFFFFAF
:2091E000FFFFFFFFFFFFFFFFFFFFFFFFFFFFFFFFFFFFFFFFFFFFFFFFFFFFFFFFFFFFFFFF8F
:20920000FFFFFFFFFFFFFFFFFFFFFFFFFFFFFFFFFFFFFFFFFFFFFFFFFFFFFFFFFFFFFFFF6E
:20922000FFFFFFFFFFFFFFFFFFFFFFFFFFFFFFFFFFFFFFFFFFFFFFFFFFFFFFFFFFFFFFFF4E
:20924000FFFFFFFFFFFFFFFFFFFFFFFFFFFFFFFFFFFFFFFFFFFFFFFFFFFFFFFFFFFFFFFF2E
:20926000FFFFFFFFFFFFFFFFFFFFFFFFFFFFFFFFFFFFFFFFFFFFFFFFFFFFFFFFFFFFFFFF0E
:20928000FFFFFFFFFFFFFFFFFFFFFFFFFFFFFFFFFFFFFFFFFFFFFFFFFFFFFFFFFFFFFFFFEE
:2092A000FFFFFFFFFFFFFFFFFFFFFFFFFFFFFFFFFFFFFFFFFFFFFFFFFFFFFFFFFFFFFFFFCE
:2092C000FFFFFFFFFFFFFFFFFFFFFFFFFFFFFFFFFFFFFFFFFFFFFFFFFFFFFFFFFFFFFFFFAE
:2092E000FFFFFFFFFFFFFFFFFFFFFFFFFFFFFFFFFFFFFFFFFFFFFFFFFFFFFFFFFFFFFFFF8E
:20930000FFFFFFFFFFFFFFFFFFFFFFFFFFFFFFFFFFFFFFFFFFFFFFFFFFFFFFFFFFFFFFFF6D
:20932000FFFFFFFFFFFFFFFFFFFFFFFFFFFFFFFFFFFFFFFFFFFFFFFFFFFFFFFFFFFFFFFF4D
:20934000FFFFFFFFFFFFFFFFFFFFFFFFFFFFFFFFFFFFFFFFFFFFFFFFFFFFFFFFFFFFFFFF2D
:20936000FFFFFFFFFFFFFFFFFFFFFFFFFFFFFFFFFFFFFFFFFFFFFFFFFFFFFFFFFFFFFFFF0D
:20938000FFFFFFFFFFFFFFFFFFFFFFFFFFFFFFFFFFFFFFFFFFFFFFFFFFFFFFFFFFFFFFFFED
:2093A000FFFFFFFFFFFFFFFFFFFFFFFFFFFFFFFFFFFFFFFFFFFFFFFFFFFFFFFFFFFFFFFFCD
:2093C000FFFFFFFFFFFFFFFFFFFFFFFFFFFFFFFFFFFFFFFFFFFFFFFFFFFFFFFFFFFFFFFFAD
:2093E000FFFFFFFFFFFFFFFFFFFFFFFFFFFFFFFFFFFFFFFFFFFFFFFFFFFFFFFFFFFFFFFF8D
:20940000FFFFFFFFFFFFFFFFFFFFFFFFFFFFFFFFFFFFFFFFFFFFFFFFFFFFFFFFFFFFFFFF6C
:20942000FFFFFFFFFFFFFFFFFFFFFFFFFFFFFFFFFFFFFFFFFFFFFFFFFFFFFFFFFFFFFFFF4C
:20944000FFFFFFFFFFFFFFFFFFFFFFFFFFFFFFFFFFFFFFFFFFFFFFFFFFFFFFFFFFFFFFFF2C
:20946000FFFFFFFFFFFFFFFFFFFFFFFFFFFFFFFFFFFFFFFFFFFFFFFFFFFFFFFFFFFFFFFF0C
:20948000FFFFFFFFFFFFFFFFFFFFFFFFFFFFFFFFFFFFFFFFFFFFFFFFFFFFFFFFFFFFFFFFEC
:2094A000FFFFFFFFFFFFFFFFFFFFFFFFFFFFFFFFFFFFFFFFFFFFFFFFFFFFFFFFFFFFFFFFCC
:2094C000FFFFFFFFFFFFFFFFFFFFFFFFFFFFFFFFFFFFFFFFFFFFFFFFFFFFFFFFFFFFFFFFAC
:2094E000FFFFFFFFFFFFFFFFFFFFFFFFFFFFFFFFFFFFFFFFFFFFFFFFFFFFFFFFFFFFFFFF8C
:20950000FFFFFFFFFFFFFFFFFFFFFFFFFFFFFFFFFFFFFFFFFFFFFFFFFFFFFFFFFFFFFFFF6B
:20952000FFFFFFFFFFFFFFFFFFFFFFFFFFFFFFFFFFFFFFFFFFFFFFFFFFFFFFFFFFFFFFFF4B
:20954000FFFFFFFFFFFFFFFFFFFFFFFFFFFFFFFFFFFFFFFFFFFFFFFFFFFFFFFFFFFFFFFF2B
:20956000FFFFFFFFFFFFFFFFFFFFFFFFFFFFFFFFFFFFFFFFFFFFFFFFFFFFFFFFFFFFFFFF0B
:20958000FFFFFFFFFFFFFFFFFFFFFFFFFFFFFFFFFFFFFFFFFFFFFFFFFFFFFFFFFFFFFFFFEB
:2095A000FFFFFFFFFFFFFFFFFFFFFFFFFFFFFFFFFFFFFFFFFFFFFFFFFFFFFFFFFFFFFFFFCB
:2095C000FFFFFFFFFFFFFFFFFFFFFFFFFFFFFFFFFFFFFFFFFFFFFFFFFFFFFFFFFFFFFFFFAB
:2095E000FFFFFFFFFFFFFFFFFFFFFFFFFFFFFFFFFFFFFFFFFFFFFFFFFFFFFFFFFFFFFFFF8B
:20960000FFFFFFFFFFFFFFFFFFFFFFFFFFFFFFFFFFFFFFFFFFFFFFFFFFFFFFFFFFFFFFFF6A
:20962000FFFFFFFFFFFFFFFFFFFFFFFFFFFFFFFFFFFFFFFFFFFFFFFFFFFFFFFFFFFFFFFF4A
:20964000FFFFFFFFFFFFFFFFFFFFFFFFFFFFFFFFFFFFFFFFFFFFFFFFFFFFFFFFFFFFFFFF2A
:20966000FFFFFFFFFFFFFFFFFFFFFFFFFFFFFFFFFFFFFFFFFFFFFFFFFFFFFFFFFFFFFFFF0A
:20968000FFFFFFFFFFFFFFFFFFFFFFFFFFFFFFFFFFFFFFFFFFFFFFFFFFFFFFFFFFFFFFFFEA
:2096A000FFFFFFFFFFFFFFFFFFFFFFFFFFFFFFFFFFFFFFFFFFFFFFFFFFFFFFFFFFFFFFFFCA
:2096C000FFFFFFFFFFFFFFFFFFFFFFFFFFFFFFFFFFFFFFFFFFFFFFFFFFFFFFFFFFFFFFFFAA
:2096E000FFFFFFFFFFFFFFFFFFFFFFFFFFFFFFFFFFFFFFFFFFFFFFFFFFFFFFFFFFFFFFFF8A
:20970000FFFFFFFFFFFFFFFFFFFFFFFFFFFFFFFFFFFFFFFFFFFFFFFFFFFFFFFFFFFFFFFF69
:20972000FFFFFFFFFFFFFFFFFFFFFFFFFFFFFFFFFFFFFFFFFFFFFFFFFFFFFFFFFFFFFFFF49
:20974000FFFFFFFFFFFFFFFFFFFFFFFFFFFFFFFFFFFFFFFFFFFFFFFFFFFFFFFFFFFFFFFF29
:20976000FFFFFFFFFFFFFFFFFFFFFFFFFFFFFFFFFFFFFFFFFFFFFFFFFFFFFFFFFFFFFFFF09
:20978000FFFFFFFFFFFFFFFFFFFFFFFFFFFFFFFFFFFFFFFFFFFFFFFFFFFFFFFFFFFFFFFFE9
:2097A000FFFFFFFFFFFFFFFFFFFFFFFFFFFFFFFFFFFFFFFFFFFFFFFFFFFFFFFFFFFFFFFFC9
:2097C000FFFFFFFFFFFFFFFFFFFFFFFFFFFFFFFFFFFFFFFFFFFFFFFFFFFFFFFFFFFFFFFFA9
:2097E000FFFFFFFFFFFFFFFFFFFFFFFFFFFFFFFFFFFFFFFFFFFFFFFFFFFFFFFFFFFFFFFF89
:20980000FFFFFFFFFFFFFFFFFFFFFFFFFFFFFFFFFFFFFFFFFFFFFFFFFFFFFFFFFFFFFFFF68
:20982000FFFFFFFFFFFFFFFFFFFFFFFFFFFFFFFFFFFFFFFFFFFFFFFFFFFFFFFFFFFFFFFF48
:20984000FFFFFFFFFFFFFFFFFFFFFFFFFFFFFFFFFFFFFFFFFFFFFFFFFFFFFFFFFFFFFFFF28
:20986000FFFFFFFFFFFFFFFFFFFFFFFFFFFFFFFFFFFFFFFFFFFFFFFFFFFFFFFFFFFFFFFF08
:20988000FFFFFFFFFFFFFFFFFFFFFFFFFFFFFFFFFFFFFFFFFFFFFFFFFFFFFFFFFFFFFFFFE8
:2098A000FFFFFFFFFFFFFFFFFFFFFFFFFFFFFFFFFFFFFFFFFFFFFFFFFFFFFFFFFFFFFFFFC8
:2098C000FFFFFFFFFFFFFFFFFFFFFFFFFFFFFFFFFFFFFFFFFFFFFFFFFFFFFFFFFFFFFFFFA8
:2098E000FFFFFFFFFFFFFFFFFFFFFFFFFFFFFFFFFFFFFFFFFFFFFFFFFFFFFFFFFFFFFFFF88
:20990000FFFFFFFFFFFFFFFFFFFFFFFFFFFFFFFFFFFFFFFFFFFFFFFFFFFFFFFFFFFFFFFF67
:20992000FFFFFFFFFFFFFFFFFFFFFFFFFFFFFFFFFFFFFFFFFFFFFFFFFFFFFFFFFFFFFFFF47
:20994000FFFFFFFFFFFFFFFFFFFFFFFFFFFFFFFFFFFFFFFFFFFFFFFFFFFFFFFFFFFFFFFF27
:20996000FFFFFFFFFFFFFFFFFFFFFFFFFFFFFFFFFFFFFFFFFFFFFFFFFFFFFFFFFFFFFFFF07
:20998000FFFFFFFFFFFFFFFFFFFFFFFFFFFFFFFFFFFFFFFFFFFFFFFFFFFFFFFFFFFFFFFFE7
:2099A000FFFFFFFFFFFFFFFFFFFFFFFFFFFFFFFFFFFFFFFFFFFFFFFFFFFFFFFFFFFFFFFFC7
:2099C000FFFFFFFFFFFFFFFFFFFFFFFFFFFFFFFFFFFFFFFFFFFFFFFFFFFFFFFFFFFFFFFFA7
:2099E000FFFFFFFFFFFFFFFFFFFFFFFFFFFFFFFFFFFFFFFFFFFFFFFFFFFFFFFFFFFFFFFF87
:209A0000FFFFFFFFFFFFFFFFFFFFFFFFFFFFFFFFFFFFFFFFFFFFFFFFFFFFFFFFFFFFFFFF66
:209A2000FFFFFFFFFFFFFFFFFFFFFFFFFFFFFFFFFFFFFFFFFFFFFFFFFFFFFFFFFFFFFFFF46
:209A4000FFFFFFFFFFFFFFFFFFFFFFFFFFFFFFFFFFFFFFFFFFFFFFFFFFFFFFFFFFFFFFFF26
:209A6000FFFFFFFFFFFFFFFFFFFFFFFFFFFFFFFFFFFFFFFFFFFFFFFFFFFFFFFFFFFFFFFF06
:209A8000FFFFFFFFFFFFFFFFFFFFFFFFFFFFFFFFFFFFFFFFFFFFFFFFFFFFFFFFFFFFFFFFE6
:209AA000FFFFFFFFFFFFFFFFFFFFFFFFFFFFFFFFFFFFFFFFFFFFFFFFFFFFFFFFFFFFFFFFC6
:209AC000FFFFFFFFFFFFFFFFFFFFFFFFFFFFFFFFFFFFFFFFFFFFFFFFFFFFFFFFFFFFFFFFA6
:209AE000FFFFFFFFFFFFFFFFFFFFFFFFFFFFFFFFFFFFFFFFFFFFFFFFFFFFFFFFFFFFFFFF86
:209B0000FFFFFFFFFFFFFFFFFFFFFFFFFFFFFFFFFFFFFFFFFFFFFFFFFFFFFFFFFFFFFFFF65
:209B2000FFFFFFFFFFFFFFFFFFFFFFFFFFFFFFFFFFFFFFFFFFFFFFFFFFFFFFFFFFFFFFFF45
:209B4000FFFFFFFFFFFFFFFFFFFFFFFFFFFFFFFFFFFFFFFFFFFFFFFFFFFFFFFFFFFFFFFF25
:209B6000FFFFFFFFFFFFFFFFFFFFFFFFFFFFFFFFFFFFFFFFFFFFFFFFFFFFFFFFFFFFFFFF05
:209B8000FFFFFFFFFFFFFFFFFFFFFFFFFFFFFFFFFFFFFFFFFFFFFFFFFFFFFFFFFFFFFFFFE5
:209BA000FFFFFFFFFFFFFFFFFFFFFFFFFFFFFFFFFFFFFFFFFFFFFFFFFFFFFFFFFFFFFFFFC5
:209BC000FFFFFFFFFFFFFFFFFFFFFFFFFFFFFFFFFFFFFFFFFFFFFFFFFFFFFFFFFFFFFFFFA5
:209BE000FFFFFFFFFFFFFFFFFFFFFFFFFFFFFFFFFFFFFFFFFFFFFFFFFFFFFFFFFFFFFFFF85
:209C0000FFFFFFFFFFFFFFFFFFFFFFFFFFFFFFFFFFFFFFFFFFFFFFFFFFFFFFFFFFFFFFFF64
:209C2000FFFFFFFFFFFFFFFFFFFFFFFFFFFFFFFFFFFFFFFFFFFFFFFFFFFFFFFFFFFFFFFF44
:209C4000FFFFFFFFFFFFFFFFFFFFFFFFFFFFFFFFFFFFFFFFFFFFFFFFFFFFFFFFFFFFFFFF24
:209C6000FFFFFFFFFFFFFFFFFFFFFFFFFFFFFFFFFFFFFFFFFFFFFFFFFFFFFFFFFFFFFFFF04
:209C8000FFFFFFFFFFFFFFFFFFFFFFFFFFFFFFFFFFFFFFFFFFFFFFFFFFFFFFFFFFFFFFFFE4
:209CA000FFFFFFFFFFFFFFFFFFFFFFFFFFFFFFFFFFFFFFFFFFFFFFFFFFFFFFFFFFFFFFFFC4
:209CC000FFFFFFFFFFFFFFFFFFFFFFFFFFFFFFFFFFFFFFFFFFFFFFFFFFFFFFFFFFFFFFFFA4
:209CE000FFFFFFFFFFFFFFFFFFFFFFFFFFFFFFFFFFFFFFFFFFFFFFFFFFFFFFFFFFFFFFFF84
:209D0000FFFFFFFFFFFFFFFFFFFFFFFFFFFFFFFFFFFFFFFFFFFFFFFFFFFFFFFFFFFFFFFF63
:209D2000FFFFFFFFFFFFFFFFFFFFFFFFFFFFFFFFFFFFFFFFFFFFFFFFFFFFFFFFFFFFFFFF43
:209D4000FFFFFFFFFFFFFFFFFFFFFFFFFFFFFFFFFFFFFFFFFFFFFFFFFFFFFFFFFFFFFFFF23
:209D6000FFFFFFFFFFFFFFFFFFFFFFFFFFFFFFFFFFFFFFFFFFFFFFFFFFFFFFFFFFFFFFFF03
:209D8000FFFFFFFFFFFFFFFFFFFFFFFFFFFFFFFFFFFFFFFFFFFFFFFFFFFFFFFFFFFFFFFFE3
:209DA000FFFFFFFFFFFFFFFFFFFFFFFFFFFFFFFFFFFFFFFFFFFFFFFFFFFFFFFFFFFFFFFFC3
:209DC000FFFFFFFFFFFFFFFFFFFFFFFFFFFFFFFFFFFFFFFFFFFFFFFFFFFFFFFFFFFFFFFFA3
:209DE000FFFFFFFFFFFFFFFFFFFFFFFFFFFFFFFFFFFFFFFFFFFFFFFFFFFFFFFFFFFFFFFF83
:209E0000FFFFFFFFFFFFFFFFFFFFFFFFFFFFFFFFFFFFFFFFFFFFFFFFFFFFFFFFFFFFFFFF62
:209E2000FFFFFFFFFFFFFFFFFFFFFFFFFFFFFFFFFFFFFFFFFFFFFFFFFFFFFFFFFFFFFFFF42
:209E4000FFFFFFFFFFFFFFFFFFFFFFFFFFFFFFFFFFFFFFFFFFFFFFFFFFFFFFFFFFFFFFFF22
:209E6000FFFFFFFFFFFFFFFFFFFFFFFFFFFFFFFFFFFFFFFFFFFFFFFFFFFFFFFFFFFFFFFF02
:209E8000FFFFFFFFFFFFFFFFFFFFFFFFFFFFFFFFFFFFFFFFFFFFFFFFFFFFFFFFFFFFFFFFE2
:209EA000FFFFFFFFFFFFFFFFFFFFFFFFFFFFFFFFFFFFFFFFFFFFFFFFFFFFFFFFFFFFFFFFC2
:209EC000FFFFFFFFFFFFFFFFFFFFFFFFFFFFFFFFFFFFFFFFFFFFFFFFFFFFFFFFFFFFFFFFA2
:209EE000FFFFFFFFFFFFFFFFFFFFFFFFFFFFFFFFFFFFFFFFFFFFFFFFFFFFFFFFFFFFFFFF82
:209F0000FFFFFFFFFFFFFFFFFFFFFFFFFFFFFFFFFFFFFFFFFFFFFFFFFFFFFFFFFFFFFFFF61
:209F2000FFFFFFFFFFFFFFFFFFFFFFFFFFFFFFFFFFFFFFFFFFFFFFFFFFFFFFFFFFFFFFFF41
:209F4000FFFFFFFFFFFFFFFFFFFFFFFFFFFFFFFFFFFFFFFFFFFFFFFFFFFFFFFFFFFFFFFF21
:209F6000FFFFFFFFFFFFFFFFFFFFFFFFFFFFFFFFFFFFFFFFFFFFFFFFFFFFFFFFFFFFFFFF01
:209F8000FFFFFFFFFFFFFFFFFFFFFFFFFFFFFFFFFFFFFFFFFFFFFFFFFFFFFFFFFFFFFFFFE1
:209FA000FFFFFFFFFFFFFFFFFFFFFFFFFFFFFFFFFFFFFFFFFFFFFFFFFFFFFFFFFFFFFFFFC1
:209FC000FFFFFFFFFFFFFFFFFFFFFFFFFFFFFFFFFFFFFFFFFFFFFFFFFFFFFFFFFFFFFFFFA1
:209FE000FFFFFFFFFFFFFFFFFFFFFFFFFFFFFFFFFFFFFFFFFFFFFFFFFFFFFFFFFFFFFFFF81
:20A00000FFFFFFFFFFFFFFFFFFFFFFFFFFFFFFFFFFFFFFFFFFFFFFFFFFFFFFFFFFFFFFFF60
:20A02000FFFFFFFFFFFFFFFFFFFFFFFFFFFFFFFFFFFFFFFFFFFFFFFFFFFFFFFFFFFFFFFF40
:20A04000FFFFFFFFFFFFFFFFFFFFFFFFFFFFFFFFFFFFFFFFFFFFFFFFFFFFFFFFFFFFFFFF20
:20A06000FFFFFFFFFFFFFFFFFFFFFFFFFFFFFFFFFFFFFFFFFFFFFFFFFFFFFFFFFFFFFFFF00
:20A08000FFFFFFFFFFFFFFFFFFFFFFFFFFFFFFFFFFFFFFFFFFFFFFFFFFFFFFFFFFFFFFFFE0
:20A0A000FFFFFFFFFFFFFFFFFFFFFFFFFFFFFFFFFFFFFFFFFFFFFFFFFFFFFFFFFFFFFFFFC0
:20A0C000FFFFFFFFFFFFFFFFFFFFFFFFFFFFFFFFFFFFFFFFFFFFFFFFFFFFFFFFFFFFFFFFA0
:20A0E000FFFFFFFFFFFFFFFFFFFFFFFFFFFFFFFFFFFFFFFFFFFFFFFFFFFFFFFFFFFFFFFF80
:20A10000FFFFFFFFFFFFFFFFFFFFFFFFFFFFFFFFFFFFFFFFFFFFFFFFFFFFFFFFFFFFFFFF5F
:20A12000FFFFFFFFFFFFFFFFFFFFFFFFFFFFFFFFFFFFFFFFFFFFFFFFFFFFFFFFFFFFFFFF3F
:20A14000FFFFFFFFFFFFFFFFFFFFFFFFFFFFFFFFFFFFFFFFFFFFFFFFFFFFFFFFFFFFFFFF1F
:20A16000FFFFFFFFFFFFFFFFFFFFFFFFFFFFFFFFFFFFFFFFFFFFFFFFFFFFFFFFFFFFFFFFFF
:20A18000FFFFFFFFFFFFFFFFFFFFFFFFFFFFFFFFFFFFFFFFFFFFFFFFFFFFFFFFFFFFFFFFDF
:20A1A000FFFFFFFFFFFFFFFFFFFFFFFFFFFFFFFFFFFFFFFFFFFFFFFFFFFFFFFFFFFFFFFFBF
:20A1C000FFFFFFFFFFFFFFFFFFFFFFFFFFFFFFFFFFFFFFFFFFFFFFFFFFFFFFFFFFFFFFFF9F
:20A1E000FFFFFFFFFFFFFFFFFFFFFFFFFFFFFFFFFFFFFFFFFFFFFFFFFFFFFFFFFFFFFFFF7F
:20A20000FFFFFFFFFFFFFFFFFFFFFFFFFFFFFFFFFFFFFFFFFFFFFFFFFFFFFFFFFFFFFFFF5E
:20A22000FFFFFFFFFFFFFFFFFFFFFFFFFFFFFFFFFFFFFFFFFFFFFFFFFFFFFFFFFFFFFFFF3E
:20A24000FFFFFFFFFFFFFFFFFFFFFFFFFFFFFFFFFFFFFFFFFFFFFFFFFFFFFFFFFFFFFFFF1E
:20A26000FFFFFFFFFFFFFFFFFFFFFFFFFFFFFFFFFFFFFFFFFFFFFFFFFFFFFFFFFFFFFFFFFE
:20A28000FFFFFFFFFFFFFFFFFFFFFFFFFFFFFFFFFFFFFFFFFFFFFFFFFFFFFFFFFFFFFFFFDE
:20A2A000FFFFFFFFFFFFFFFFFFFFFFFFFFFFFFFFFFFFFFFFFFFFFFFFFFFFFFFFFFFFFFFFBE
:20A2C000FFFFFFFFFFFFFFFFFFFFFFFFFFFFFFFFFFFFFFFFFFFFFFFFFFFFFFFFFFFFFFFF9E
:20A2E000FFFFFFFFFFFFFFFFFFFFFFFFFFFFFFFFFFFFFFFFFFFFFFFFFFFFFFFFFFFFFFFF7E
:20A30000FFFFFFFFFFFFFFFFFFFFFFFFFFFFFFFFFFFFFFFFFFFFFFFFFFFFFFFFFFFFFFFF5D
:20A32000FFFFFFFFFFFFFFFFFFFFFFFFFFFFFFFFFFFFFFFFFFFFFFFFFFFFFFFFFFFFFFFF3D
:20A34000FFFFFFFFFFFFFFFFFFFFFFFFFFFFFFFFFFFFFFFFFFFFFFFFFFFFFFFFFFFFFFFF1D
:20A36000FFFFFFFFFFFFFFFFFFFFFFFFFFFFFFFFFFFFFFFFFFFFFFFFFFFFFFFFFFFFFFFFFD
:20A38000FFFFFFFFFFFFFFFFFFFFFFFFFFFFFFFFFFFFFFFFFFFFFFFFFFFFFFFFFFFFFFFFDD
:20A3A000FFFFFFFFFFFFFFFFFFFFFFFFFFFFFFFFFFFFFFFFFFFFFFFFFFFFFFFFFFFFFFFFBD
:20A3C000FFFFFFFFFFFFFFFFFFFFFFFFFFFFFFFFFFFFFFFFFFFFFFFFFFFFFFFFFFFFFFFF9D
:20A3E000FFFFFFFFFFFFFFFFFFFFFFFFFFFFFFFFFFFFFFFFFFFFFFFFFFFFFFFFFFFFFFFF7D
:20A40000FFFFFFFFFFFFFFFFFFFFFFFFFFFFFFFFFFFFFFFFFFFFFFFFFFFFFFFFFFFFFFFF5C
:20A42000FFFFFFFFFFFFFFFFFFFFFFFFFFFFFFFFFFFFFFFFFFFFFFFFFFFFFFFFFFFFFFFF3C
:20A44000FFFFFFFFFFFFFFFFFFFFFFFFFFFFFFFFFFFFFFFFFFFFFFFFFFFFFFFFFFFFFFFF1C
:20A46000FFFFFFFFFFFFFFFFFFFFFFFFFFFFFFFFFFFFFFFFFFFFFFFFFFFFFFFFFFFFFFFFFC
:20A48000FFFFFFFFFFFFFFFFFFFFFFFFFFFFFFFFFFFFFFFFFFFFFFFFFFFFFFFFFFFFFFFFDC
:20A4A000FFFFFFFFFFFFFFFFFFFFFFFFFFFFFFFFFFFFFFFFFFFFFFFFFFFFFFFFFFFFFFFFBC
:20A4C000FFFFFFFFFFFFFFFFFFFFFFFFFFFFFFFFFFFFFFFFFFFFFFFFFFFFFFFFFFFFFFFF9C
:20A4E000FFFFFFFFFFFFFFFFFFFFFFFFFFFFFFFFFFFFFFFFFFFFFFFFFFFFFFFFFFFFFFFF7C
:20A50000FFFFFFFFFFFFFFFFFFFFFFFFFFFFFFFFFFFFFFFFFFFFFFFFFFFFFFFFFFFFFFFF5B
:20A52000FFFFFFFFFFFFFFFFFFFFFFFFFFFFFFFFFFFFFFFFFFFFFFFFFFFFFFFFFFFFFFFF3B
:20A54000FFFFFFFFFFFFFFFFFFFFFFFFFFFFFFFFFFFFFFFFFFFFFFFFFFFFFFFFFFFFFFFF1B
:20A56000FFFFFFFFFFFFFFFFFFFFFFFFFFFFFFFFFFFFFFFFFFFFFFFFFFFFFFFFFFFFFFFFFB
:20A58000FFFFFFFFFFFFFFFFFFFFFFFFFFFFFFFFFFFFFFFFFFFFFFFFFFFFFFFFFFFFFFFFDB
:20A5A000FFFFFFFFFFFFFFFFFFFFFFFFFFFFFFFFFFFFFFFFFFFFFFFFFFFFFFFFFFFFFFFFBB
:20A5C000FFFFFFFFFFFFFFFFFFFFFFFFFFFFFFFFFFFFFFFFFFFFFFFFFFFFFFFFFFFFFFFF9B
:20A5E000FFFFFFFFFFFFFFFFFFFFFFFFFFFFFFFFFFFFFFFFFFFFFFFFFFFFFFFFFFFFFFFF7B
:20A60000FFFFFFFFFFFFFFFFFFFFFFFFFFFFFFFFFFFFFFFFFFFFFFFFFFFFFFFFFFFFFFFF5A
:20A62000FFFFFFFFFFFFFFFFFFFFFFFFFFFFFFFFFFFFFFFFFFFFFFFFFFFFFFFFFFFFFFFF3A
:20A64000FFFFFFFFFFFFFFFFFFFFFFFFFFFFFFFFFFFFFFFFFFFFFFFFFFFFFFFFFFFFFFFF1A
:20A66000FFFFFFFFFFFFFFFFFFFFFFFFFFFFFFFFFFFFFFFFFFFFFFFFFFFFFFFFFFFFFFFFFA
:20A68000FFFFFFFFFFFFFFFFFFFFFFFFFFFFFFFFFFFFFFFFFFFFFFFFFFFFFFFFFFFFFFFFDA
:20A6A000FFFFFFFFFFFFFFFFFFFFFFFFFFFFFFFFFFFFFFFFFFFFFFFFFFFFFFFFFFFFFFFFBA
:20A6C000FFFFFFFFFFFFFFFFFFFFFFFFFFFFFFFFFFFFFFFFFFFFFFFFFFFFFFFFFFFFFFFF9A
:20A6E000FFFFFFFFFFFFFFFFFFFFFFFFFFFFFFFFFFFFFFFFFFFFFFFFFFFFFFFFFFFFFFFF7A
:20A70000FFFFFFFFFFFFFFFFFFFFFFFFFFFFFFFFFFFFFFFFFFFFFFFFFFFFFFFFFFFFFFFF59
:20A72000FFFFFFFFFFFFFFFFFFFFFFFFFFFFFFFFFFFFFFFFFFFFFFFFFFFFFFFFFFFFFFFF39
:20A74000FFFFFFFFFFFFFFFFFFFFFFFFFFFFFFFFFFFFFFFFFFFFFFFFFFFFFFFFFFFFFFFF19
:20A76000FFFFFFFFFFFFFFFFFFFFFFFFFFFFFFFFFFFFFFFFFFFFFFFFFFFFFFFFFFFFFFFFF9
:20A78000FFFFFFFFFFFFFFFFFFFFFFFFFFFFFFFFFFFFFFFFFFFFFFFFFFFFFFFFFFFFFFFFD9
:20A7A000FFFFFFFFFFFFFFFFFFFFFFFFFFFFFFFFFFFFFFFFFFFFFFFFFFFFFFFFFFFFFFFFB9
:20A7C000FFFFFFFFFFFFFFFFFFFFFFFFFFFFFFFFFFFFFFFFFFFFFFFFFFFFFFFFFFFFFFFF99
:20A7E000FFFFFFFFFFFFFFFFFFFFFFFFFFFFFFFFFFFFFFFFFFFFFFFFFFFFFFFFFFFFFFFF79
:20A80000FFFFFFFFFFFFFFFFFFFFFFFFFFFFFFFFFFFFFFFFFFFFFFFFFFFFFFFFFFFFFFFF58
:20A82000FFFFFFFFFFFFFFFFFFFFFFFFFFFFFFFFFFFFFFFFFFFFFFFFFFFFFFFFFFFFFFFF38
:20A84000FFFFFFFFFFFFFFFFFFFFFFFFFFFFFFFFFFFFFFFFFFFFFFFFFFFFFFFFFFFFFFFF18
:20A86000FFFFFFFFFFFFFFFFFFFFFFFFFFFFFFFFFFFFFFFFFFFFFFFFFFFFFFFFFFFFFFFFF8
:20A88000FFFFFFFFFFFFFFFFFFFFFFFFFFFFFFFFFFFFFFFFFFFFFFFFFFFFFFFFFFFFFFFFD8
:20A8A000FFFFFFFFFFFFFFFFFFFFFFFFFFFFFFFFFFFFFFFFFFFFFFFFFFFFFFFFFFFFFFFFB8
:20A8C000FFFFFFFFFFFFFFFFFFFFFFFFFFFFFFFFFFFFFFFFFFFFFFFFFFFFFFFFFFFFFFFF98
:20A8E000FFFFFFFFFFFFFFFFFFFFFFFFFFFFFFFFFFFFFFFFFFFFFFFFFFFFFFFFFFFFFFFF78
:20A90000FFFFFFFFFFFFFFFFFFFFFFFFFFFFFFFFFFFFFFFFFFFFFFFFFFFFFFFFFFFFFFFF57
:20A92000FFFFFFFFFFFFFFFFFFFFFFFFFFFFFFFFFFFFFFFFFFFFFFFFFFFFFFFFFFFFFFFF37
:20A94000FFFFFFFFFFFFFFFFFFFFFFFFFFFFFFFFFFFFFFFFFFFFFFFFFFFFFFFFFFFFFFFF17
:20A96000FFFFFFFFFFFFFFFFFFFFFFFFFFFFFFFFFFFFFFFFFFFFFFFFFFFFFFFFFFFFFFFFF7
:20A98000FFFFFFFFFFFFFFFFFFFFFFFFFFFFFFFFFFFFFFFFFFFFFFFFFFFFFFFFFFFFFFFFD7
:20A9A000FFFFFFFFFFFFFFFFFFFFFFFFFFFFFFFFFFFFFFFFFFFFFFFFFFFFFFFFFFFFFFFFB7
:20A9C000FFFFFFFFFFFFFFFFFFFFFFFFFFFFFFFFFFFFFFFFFFFFFFFFFFFFFFFFFFFFFFFF97
:20A9E000FFFFFFFFFFFFFFFFFFFFFFFFFFFFFFFFFFFFFFFFFFFFFFFFFFFFFFFFFFFFFFFF77
:20AA0000FFFFFFFFFFFFFFFFFFFFFFFFFFFFFFFFFFFFFFFFFFFFFFFFFFFFFFFFFFFFFFFF56
:20AA2000FFFFFFFFFFFFFFFFFFFFFFFFFFFFFFFFFFFFFFFFFFFFFFFFFFFFFFFFFFFFFFFF36
:20AA4000FFFFFFFFFFFFFFFFFFFFFFFFFFFFFFFFFFFFFFFFFFFFFFFFFFFFFFFFFFFFFFFF16
:20AA6000FFFFFFFFFFFFFFFFFFFFFFFFFFFFFFFFFFFFFFFFFFFFFFFFFFFFFFFFFFFFFFFFF6
:20AA8000FFFFFFFFFFFFFFFFFFFFFFFFFFFFFFFFFFFFFFFFFFFFFFFFFFFFFFFFFFFFFFFFD6
:20AAA000FFFFFFFFFFFFFFFFFFFFFFFFFFFFFFFFFFFFFFFFFFFFFFFFFFFFFFFFFFFFFFFFB6
:20AAC000FFFFFFFFFFFFFFFFFFFFFFFFFFFFFFFFFFFFFFFFFFFFFFFFFFFFFFFFFFFFFFFF96
:20AAE000FFFFFFFFFFFFFFFFFFFFFFFFFFFFFFFFFFFFFFFFFFFFFFFFFFFFFFFFFFFFFFFF76
:20AB0000FFFFFFFFFFFFFFFFFFFFFFFFFFFFFFFFFFFFFFFFFFFFFFFFFFFFFFFFFFFFFFFF55
:20AB2000FFFFFFFFFFFFFFFFFFFFFFFFFFFFFFFFFFFFFFFFFFFFFFFFFFFFFFFFFFFFFFFF35
:20AB4000FFFFFFFFFFFFFFFFFFFFFFFFFFFFFFFFFFFFFFFFFFFFFFFFFFFFFFFFFFFFFFFF15
:20AB6000FFFFFFFFFFFFFFFFFFFFFFFFFFFFFFFFFFFFFFFFFFFFFFFFFFFFFFFFFFFFFFFFF5
:20AB8000FFFFFFFFFFFFFFFFFFFFFFFFFFFFFFFFFFFFFFFFFFFFFFFFFFFFFFFFFFFFFFFFD5
:20ABA000FFFFFFFFFFFFFFFFFFFFFFFFFFFFFFFFFFFFFFFFFFFFFFFFFFFFFFFFFFFFFFFFB5
:20ABC000FFFFFFFFFFFFFFFFFFFFFFFFFFFFFFFFFFFFFFFFFFFFFFFFFFFFFFFFFFFFFFFF95
:20ABE000FFFFFFFFFFFFFFFFFFFFFFFFFFFFFFFFFFFFFFFFFFFFFFFFFFFFFFFFFFFFFFFF75
:20AC0000FFFFFFFFFFFFFFFFFFFFFFFFFFFFFFFFFFFFFFFFFFFFFFFFFFFFFFFFFFFFFFFF54
:20AC2000FFFFFFFFFFFFFFFFFFFFFFFFFFFFFFFFFFFFFFFFFFFFFFFFFFFFFFFFFFFFFFFF34
:20AC4000FFFFFFFFFFFFFFFFFFFFFFFFFFFFFFFFFFFFFFFFFFFFFFFFFFFFFFFFFFFFFFFF14
:20AC6000FFFFFFFFFFFFFFFFFFFFFFFFFFFFFFFFFFFFFFFFFFFFFFFFFFFFFFFFFFFFFFFFF4
:20AC8000FFFFFFFFFFFFFFFFFFFFFFFFFFFFFFFFFFFFFFFFFFFFFFFFFFFFFFFFFFFFFFFFD4
:20ACA000FFFFFFFFFFFFFFFFFFFFFFFFFFFFFFFFFFFFFFFFFFFFFFFFFFFFFFFFFFFFFFFFB4
:20ACC000FFFFFFFFFFFFFFFFFFFFFFFFFFFFFFFFFFFFFFFFFFFFFFFFFFFFFFFFFFFFFFFF94
:20ACE000FFFFFFFFFFFFFFFFFFFFFFFFFFFFFFFFFFFFFFFFFFFFFFFFFFFFFFFFFFFFFFFF74
:20AD0000FFFFFFFFFFFFFFFFFFFFFFFFFFFFFFFFFFFFFFFFFFFFFFFFFFFFFFFFFFFFFFFF53
:20AD2000FFFFFFFFFFFFFFFFFFFFFFFFFFFFFFFFFFFFFFFFFFFFFFFFFFFFFFFFFFFFFFFF33
:20AD4000FFFFFFFFFFFFFFFFFFFFFFFFFFFFFFFFFFFFFFFFFFFFFFFFFFFFFFFFFFFFFFFF13
:20AD6000FFFFFFFFFFFFFFFFFFFFFFFFFFFFFFFFFFFFFFFFFFFFFFFFFFFFFFFFFFFFFFFFF3
:20AD8000FFFFFFFFFFFFFFFFFFFFFFFFFFFFFFFFFFFFFFFFFFFFFFFFFFFFFFFFFFFFFFFFD3
:20ADA000FFFFFFFFFFFFFFFFFFFFFFFFFFFFFFFFFFFFFFFFFFFFFFFFFFFFFFFFFFFFFFFFB3
:20ADC000FFFFFFFFFFFFFFFFFFFFFFFFFFFFFFFFFFFFFFFFFFFFFFFFFFFFFFFFFFFFFFFF93
:20ADE000FFFFFFFFFFFFFFFFFFFFFFFFFFFFFFFFFFFFFFFFFFFFFFFFFFFFFFFFFFFFFFFF73
:20AE0000FFFFFFFFFFFFFFFFFFFFFFFFFFFFFFFFFFFFFFFFFFFFFFFFFFFFFFFFFFFFFFFF52
:20AE2000FFFFFFFFFFFFFFFFFFFFFFFFFFFFFFFFFFFFFFFFFFFFFFFFFFFFFFFFFFFFFFFF32
:20AE4000FFFFFFFFFFFFFFFFFFFFFFFFFFFFFFFFFFFFFFFFFFFFFFFFFFFFFFFFFFFFFFFF12
:20AE6000FFFFFFFFFFFFFFFFFFFFFFFFFFFFFFFFFFFFFFFFFFFFFFFFFFFFFFFFFFFFFFFFF2
:20AE8000FFFFFFFFFFFFFFFFFFFFFFFFFFFFFFFFFFFFFFFFFFFFFFFFFFFFFFFFFFFFFFFFD2
:20AEA000FFFFFFFFFFFFFFFFFFFFFFFFFFFFFFFFFFFFFFFFFFFFFFFFFFFFFFFFFFFFFFFFB2
:20AEC000FFFFFFFFFFFFFFFFFFFFFFFFFFFFFFFFFFFFFFFFFFFFFFFFFFFFFFFFFFFFFFFF92
:20AEE000FFFFFFFFFFFFFFFFFFFFFFFFFFFFFFFFFFFFFFFFFFFFFFFFFFFFFFFFFFFFFFFF72
:20AF0000FFFFFFFFFFFFFFFFFFFFFFFFFFFFFFFFFFFFFFFFFFFFFFFFFFFFFFFFFFFFFFFF51
:20AF2000FFFFFFFFFFFFFFFFFFFFFFFFFFFFFFFFFFFFFFFFFFFFFFFFFFFFFFFFFFFFFFFF31
:20AF4000FFFFFFFFFFFFFFFFFFFFFFFFFFFFFFFFFFFFFFFFFFFFFFFFFFFFFFFFFFFFFFFF11
:20AF6000FFFFFFFFFFFFFFFFFFFFFFFFFFFFFFFFFFFFFFFFFFFFFFFFFFFFFFFFFFFFFFFFF1
:20AF8000FFFFFFFFFFFFFFFFFFFFFFFFFFFFFFFFFFFFFFFFFFFFFFFFFFFFFFFFFFFFFFFFD1
:20AFA000FFFFFFFFFFFFFFFFFFFFFFFFFFFFFFFFFFFFFFFFFFFFFFFFFFFFFFFFFFFFFFFFB1
:20AFC000FFFFFFFFFFFFFFFFFFFFFFFFFFFFFFFFFFFFFFFFFFFFFFFFFFFFFFFFFFFFFFFF91
:20AFE000FFFFFFFFFFFFFFFFFFFFFFFFFFFFFFFFFFFFFFFFFFFFFFFFFFFFFFFFFFFFFFFF71
:20B00000FFFFFFFFFFFFFFFFFFFFFFFFFFFFFFFFFFFFFFFFFFFFFFFFFFFFFFFFFFFFFFFF50
:20B02000FFFFFFFFFFFFFFFFFFFFFFFFFFFFFFFFFFFFFFFFFFFFFFFFFFFFFFFFFFFFFFFF30
:20B04000FFFFFFFFFFFFFFFFFFFFFFFFFFFFFFFFFFFFFFFFFFFFFFFFFFFFFFFFFFFFFFFF10
:20B06000FFFFFFFFFFFFFFFFFFFFFFFFFFFFFFFFFFFFFFFFFFFFFFFFFFFFFFFFFFFFFFFFF0
:20B08000FFFFFFFFFFFFFFFFFFFFFFFFFFFFFFFFFFFFFFFFFFFFFFFFFFFFFFFFFFFFFFFFD0
:20B0A000FFFFFFFFFFFFFFFFFFFFFFFFFFFFFFFFFFFFFFFFFFFFFFFFFFFFFFFFFFFFFFFFB0
:20B0C000FFFFFFFFFFFFFFFFFFFFFFFFFFFFFFFFFFFFFFFFFFFFFFFFFFFFFFFFFFFFFFFF90
:20B0E000FFFFFFFFFFFFFFFFFFFFFFFFFFFFFFFFFFFFFFFFFFFFFFFFFFFFFFFFFFFFFFFF70
:20B10000FFFFFFFFFFFFFFFFFFFFFFFFFFFFFFFFFFFFFFFFFFFFFFFFFFFFFFFFFFFFFFFF4F
:20B12000FFFFFFFFFFFFFFFFFFFFFFFFFFFFFFFFFFFFFFFFFFFFFFFFFFFFFFFFFFFFFFFF2F
:20B14000FFFFFFFFFFFFFFFFFFFFFFFFFFFFFFFFFFFFFFFFFFFFFFFFFFFFFFFFFFFFFFFF0F
:20B16000FFFFFFFFFFFFFFFFFFFFFFFFFFFFFFFFFFFFFFFFFFFFFFFFFFFFFFFFFFFFFFFFEF
:20B18000FFFFFFFFFFFFFFFFFFFFFFFFFFFFFFFFFFFFFFFFFFFFFFFFFFFFFFFFFFFFFFFFCF
:20B1A000FFFFFFFFFFFFFFFFFFFFFFFFFFFFFFFFFFFFFFFFFFFFFFFFFFFFFFFFFFFFFFFFAF
:20B1C000FFFFFFFFFFFFFFFFFFFFFFFFFFFFFFFFFFFFFFFFFFFFFFFFFFFFFFFFFFFFFFFF8F
:20B1E000FFFFFFFFFFFFFFFFFFFFFFFFFFFFFFFFFFFFFFFFFFFFFFFFFFFFFFFFFFFFFFFF6F
:20B20000FFFFFFFFFFFFFFFFFFFFFFFFFFFFFFFFFFFFFFFFFFFFFFFFFFFFFFFFFFFFFFFF4E
:20B22000FFFFFFFFFFFFFFFFFFFFFFFFFFFFFFFFFFFFFFFFFFFFFFFFFFFFFFFFFFFFFFFF2E
:20B24000FFFFFFFFFFFFFFFFFFFFFFFFFFFFFFFFFFFFFFFFFFFFFFFFFFFFFFFFFFFFFFFF0E
:20B26000FFFFFFFFFFFFFFFFFFFFFFFFFFFFFFFFFFFFFFFFFFFFFFFFFFFFFFFFFFFFFFFFEE
:20B28000FFFFFFFFFFFFFFFFFFFFFFFFFFFFFFFFFFFFFFFFFFFFFFFFFFFFFFFFFFFFFFFFCE
:20B2A000FFFFFFFFFFFFFFFFFFFFFFFFFFFFFFFFFFFFFFFFFFFFFFFFFFFFFFFFFFFFFFFFAE
:20B2C000FFFFFFFFFFFFFFFFFFFFFFFFFFFFFFFFFFFFFFFFFFFFFFFFFFFFFFFFFFFFFFFF8E
:20B2E000FFFFFFFFFFFFFFFFFFFFFFFFFFFFFFFFFFFFFFFFFFFFFFFFFFFFFFFFFFFFFFFF6E
:20B30000FFFFFFFFFFFFFFFFFFFFFFFFFFFFFFFFFFFFFFFFFFFFFFFFFFFFFFFFFFFFFFFF4D
:20B32000FFFFFFFFFFFFFFFFFFFFFFFFFFFFFFFFFFFFFFFFFFFFFFFFFFFFFFFFFFFFFFFF2D
:20B34000FFFFFFFFFFFFFFFFFFFFFFFFFFFFFFFFFFFFFFFFFFFFFFFFFFFFFFFFFFFFFFFF0D
:20B36000FFFFFFFFFFFFFFFFFFFFFFFFFFFFFFFFFFFFFFFFFFFFFFFFFFFFFFFFFFFFFFFFED
:20B38000FFFFFFFFFFFFFFFFFFFFFFFFFFFFFFFFFFFFFFFFFFFFFFFFFFFFFFFFFFFFFFFFCD
:20B3A000FFFFFFFFFFFFFFFFFFFFFFFFFFFFFFFFFFFFFFFFFFFFFFFFFFFFFFFFFFFFFFFFAD
:20B3C000FFFFFFFFFFFFFFFFFFFFFFFFFFFFFFFFFFFFFFFFFFFFFFFFFFFFFFFFFFFFFFFF8D
:20B3E000FFFFFFFFFFFFFFFFFFFFFFFFFFFFFFFFFFFFFFFFFFFFFFFFFFFFFFFFFFFFFFFF6D
:20B40000FFFFFFFFFFFFFFFFFFFFFFFFFFFFFFFFFFFFFFFFFFFFFFFFFFFFFFFFFFFFFFFF4C
:20B42000FFFFFFFFFFFFFFFFFFFFFFFFFFFFFFFFFFFFFFFFFFFFFFFFFFFFFFFFFFFFFFFF2C
:20B44000FFFFFFFFFFFFFFFFFFFFFFFFFFFFFFFFFFFFFFFFFFFFFFFFFFFFFFFFFFFFFFFF0C
:20B46000FFFFFFFFFFFFFFFFFFFFFFFFFFFFFFFFFFFFFFFFFFFFFFFFFFFFFFFFFFFFFFFFEC
:20B48000FFFFFFFFFFFFFFFFFFFFFFFFFFFFFFFFFFFFFFFFFFFFFFFFFFFFFFFFFFFFFFFFCC
:20B4A000FFFFFFFFFFFFFFFFFFFFFFFFFFFFFFFFFFFFFFFFFFFFFFFFFFFFFFFFFFFFFFFFAC
:20B4C000FFFFFFFFFFFFFFFFFFFFFFFFFFFFFFFFFFFFFFFFFFFFFFFFFFFFFFFFFFFFFFFF8C
:20B4E000FFFFFFFFFFFFFFFFFFFFFFFFFFFFFFFFFFFFFFFFFFFFFFFFFFFFFFFFFFFFFFFF6C
:20B50000FFFFFFFFFFFFFFFFFFFFFFFFFFFFFFFFFFFFFFFFFFFFFFFFFFFFFFFFFFFFFFFF4B
:20B52000FFFFFFFFFFFFFFFFFFFFFFFFFFFFFFFFFFFFFFFFFFFFFFFFFFFFFFFFFFFFFFFF2B
:20B54000FFFFFFFFFFFFFFFFFFFFFFFFFFFFFFFFFFFFFFFFFFFFFFFFFFFFFFFFFFFFFFFF0B
:20B56000FFFFFFFFFFFFFFFFFFFFFFFFFFFFFFFFFFFFFFFFFFFFFFFFFFFFFFFFFFFFFFFFEB
:20B58000FFFFFFFFFFFFFFFFFFFFFFFFFFFFFFFFFFFFFFFFFFFFFFFFFFFFFFFFFFFFFFFFCB
:20B5A000FFFFFFFFFFFFFFFFFFFFFFFFFFFFFFFFFFFFFFFFFFFFFFFFFFFFFFFFFFFFFFFFAB
:20B5C000FFFFFFFFFFFFFFFFFFFFFFFFFFFFFFFFFFFFFFFFFFFFFFFFFFFFFFFFFFFFFFFF8B
:20B5E000FFFFFFFFFFFFFFFFFFFFFFFFFFFFFFFFFFFFFFFFFFFFFFFFFFFFFFFFFFFFFFFF6B
:20B60000FFFFFFFFFFFFFFFFFFFFFFFFFFFFFFFFFFFFFFFFFFFFFFFFFFFFFFFFFFFFFFFF4A
:20B62000FFFFFFFFFFFFFFFFFFFFFFFFFFFFFFFFFFFFFFFFFFFFFFFFFFFFFFFFFFFFFFFF2A
:20B64000FFFFFFFFFFFFFFFFFFFFFFFFFFFFFFFFFFFFFFFFFFFFFFFFFFFFFFFFFFFFFFFF0A
:20B66000FFFFFFFFFFFFFFFFFFFFFFFFFFFFFFFFFFFFFFFFFFFFFFFFFFFFFFFFFFFFFFFFEA
:20B68000FFFFFFFFFFFFFFFFFFFFFFFFFFFFFFFFFFFFFFFFFFFFFFFFFFFFFFFFFFFFFFFFCA
:20B6A000FFFFFFFFFFFFFFFFFFFFFFFFFFFFFFFFFFFFFFFFFFFFFFFFFFFFFFFFFFFFFFFFAA
:20B6C000FFFFFFFFFFFFFFFFFFFFFFFFFFFFFFFFFFFFFFFFFFFFFFFFFFFFFFFFFFFFFFFF8A
:20B6E000FFFFFFFFFFFFFFFFFFFFFFFFFFFFFFFFFFFFFFFFFFFFFFFFFFFFFFFFFFFFFFFF6A
:20B70000FFFFFFFFFFFFFFFFFFFFFFFFFFFFFFFFFFFFFFFFFFFFFFFFFFFFFFFFFFFFFFFF49
:20B72000FFFFFFFFFFFFFFFFFFFFFFFFFFFFFFFFFFFFFFFFFFFFFFFFFFFFFFFFFFFFFFFF29
:20B74000FFFFFFFFFFFFFFFFFFFFFFFFFFFFFFFFFFFFFFFFFFFFFFFFFFFFFFFFFFFFFFFF09
:20B76000FFFFFFFFFFFFFFFFFFFFFFFFFFFFFFFFFFFFFFFFFFFFFFFFFFFFFFFFFFFFFFFFE9
:20B78000FFFFFFFFFFFFFFFFFFFFFFFFFFFFFFFFFFFFFFFFFFFFFFFFFFFFFFFFFFFFFFFFC9
:20B7A000FFFFFFFFFFFFFFFFFFFFFFFFFFFFFFFFFFFFFFFFFFFFFFFFFFFFFFFFFFFFFFFFA9
:20B7C000FFFFFFFFFFFFFFFFFFFFFFFFFFFFFFFFFFFFFFFFFFFFFFFFFFFFFFFFFFFFFFFF89
:20B7E000FFFFFFFFFFFFFFFFFFFFFFFFFFFFFFFFFFFFFFFFFFFFFFFFFFFFFFFFFFFFFFFF69
:20B80000FFFFFFFFFFFFFFFFFFFFFFFFFFFFFFFFFFFFFFFFFFFFFFFFFFFFFFFFFFFFFFFF48
:20B82000FFFFFFFFFFFFFFFFFFFFFFFFFFFFFFFFFFFFFFFFFFFFFFFFFFFFFFFFFFFFFFFF28
:20B84000FFFFFFFFFFFFFFFFFFFFFFFFFFFFFFFFFFFFFFFFFFFFFFFFFFFFFFFFFFFFFFFF08
:20B86000FFFFFFFFFFFFFFFFFFFFFFFFFFFFFFFFFFFFFFFFFFFFFFFFFFFFFFFFFFFFFFFFE8
:20B88000FFFFFFFFFFFFFFFFFFFFFFFFFFFFFFFFFFFFFFFFFFFFFFFFFFFFFFFFFFFFFFFFC8
:20B8A000FFFFFFFFFFFFFFFFFFFFFFFFFFFFFFFFFFFFFFFFFFFFFFFFFFFFFFFFFFFFFFFFA8
:20B8C000FFFFFFFFFFFFFFFFFFFFFFFFFFFFFFFFFFFFFFFFFFFFFFFFFFFFFFFFFFFFFFFF88
:20B8E000FFFFFFFFFFFFFFFFFFFFFFFFFFFFFFFFFFFFFFFFFFFFFFFFFFFFFFFFFFFFFFFF68
:20B90000FFFFFFFFFFFFFFFFFFFFFFFFFFFFFFFFFFFFFFFFFFFFFFFFFFFFFFFFFFFFFFFF47
:20B92000FFFFFFFFFFFFFFFFFFFFFFFFFFFFFFFFFFFFFFFFFFFFFFFFFFFFFFFFFFFFFFFF27
:20B94000FFFFFFFFFFFFFFFFFFFFFFFFFFFFFFFFFFFFFFFFFFFFFFFFFFFFFFFFFFFFFFFF07
:20B96000FFFFFFFFFFFFFFFFFFFFFFFFFFFFFFFFFFFFFFFFFFFFFFFFFFFFFFFFFFFFFFFFE7
:20B98000FFFFFFFFFFFFFFFFFFFFFFFFFFFFFFFFFFFFFFFFFFFFFFFFFFFFFFFFFFFFFFFFC7
:20B9A000FFFFFFFFFFFFFFFFFFFFFFFFFFFFFFFFFFFFFFFFFFFFFFFFFFFFFFFFFFFFFFFFA7
:20B9C000FFFFFFFFFFFFFFFFFFFFFFFFFFFFFFFFFFFFFFFFFFFFFFFFFFFFFFFFFFFFFFFF87
:20B9E000FFFFFFFFFFFFFFFFFFFFFFFFFFFFFFFFFFFFFFFFFFFFFFFFFFFFFFFFFFFFFFFF67
:20BA0000FFFFFFFFFFFFFFFFFFFFFFFFFFFFFFFFFFFFFFFFFFFFFFFFFFFFFFFFFFFFFFFF46
:20BA2000FFFFFFFFFFFFFFFFFFFFFFFFFFFFFFFFFFFFFFFFFFFFFFFFFFFFFFFFFFFFFFFF26
:20BA4000FFFFFFFFFFFFFFFFFFFFFFFFFFFFFFFFFFFFFFFFFFFFFFFFFFFFFFFFFFFFFFFF06
:20BA6000FFFFFFFFFFFFFFFFFFFFFFFFFFFFFFFFFFFFFFFFFFFFFFFFFFFFFFFFFFFFFFFFE6
:20BA8000FFFFFFFFFFFFFFFFFFFFFFFFFFFFFFFFFFFFFFFFFFFFFFFFFFFFFFFFFFFFFFFFC6
:20BAA000FFFFFFFFFFFFFFFFFFFFFFFFFFFFFFFFFFFFFFFFFFFFFFFFFFFFFFFFFFFFFFFFA6
:20BAC000FFFFFFFFFFFFFFFFFFFFFFFFFFFFFFFFFFFFFFFFFFFFFFFFFFFFFFFFFFFFFFFF86
:20BAE000FFFFFFFFFFFFFFFFFFFFFFFFFFFFFFFFFFFFFFFFFFFFFFFFFFFFFFFFFFFFFFFF66
:20BB0000FFFFFFFFFFFFFFFFFFFFFFFFFFFFFFFFFFFFFFFFFFFFFFFFFFFFFFFFFFFFFFFF45
:20BB2000FFFFFFFFFFFFFFFFFFFFFFFFFFFFFFFFFFFFFFFFFFFFFFFFFFFFFFFFFFFFFFFF25
:20BB4000FFFFFFFFFFFFFFFFFFFFFFFFFFFFFFFFFFFFFFFFFFFFFFFFFFFFFFFFFFFFFFFF05
:20BB6000FFFFFFFFFFFFFFFFFFFFFFFFFFFFFFFFFFFFFFFFFFFFFFFFFFFFFFFFFFFFFFFFE5
:20BB8000FFFFFFFFFFFFFFFFFFFFFFFFFFFFFFFFFFFFFFFFFFFFFFFFFFFFFFFFFFFFFFFFC5
:20BBA000FFFFFFFFFFFFFFFFFFFFFFFFFFFFFFFFFFFFFFFFFFFFFFFFFFFFFFFFFFFFFFFFA5
:20BBC000FFFFFFFFFFFFFFFFFFFFFFFFFFFFFFFFFFFFFFFFFFFFFFFFFFFFFFFFFFFFFFFF85
:20BBE000FFFFFFFFFFFFFFFFFFFFFFFFFFFFFFFFFFFFFFFFFFFFFFFFFFFFFFFFFFFFFFFF65
:20BC0000FFFFFFFFFFFFFFFFFFFFFFFFFFFFFFFFFFFFFFFFFFFFFFFFFFFFFFFFFFFFFFFF44
:20BC2000FFFFFFFFFFFFFFFFFFFFFFFFFFFFFFFFFFFFFFFFFFFFFFFFFFFFFFFFFFFFFFFF24
:20BC4000FFFFFFFFFFFFFFFFFFFFFFFFFFFFFFFFFFFFFFFFFFFFFFFFFFFFFFFFFFFFFFFF04
:20BC6000FFFFFFFFFFFFFFFFFFFFFFFFFFFFFFFFFFFFFFFFFFFFFFFFFFFFFFFFFFFFFFFFE4
:20BC8000FFFFFFFFFFFFFFFFFFFFFFFFFFFFFFFFFFFFFFFFFFFFFFFFFFFFFFFFFFFFFFFFC4
:20BCA000FFFFFFFFFFFFFFFFFFFFFFFFFFFFFFFFFFFFFFFFFFFFFFFFFFFFFFFFFFFFFFFFA4
:20BCC000FFFFFFFFFFFFFFFFFFFFFFFFFFFFFFFFFFFFFFFFFFFFFFFFFFFFFFFFFFFFFFFF84
:20BCE000FFFFFFFFFFFFFFFFFFFFFFFFFFFFFFFFFFFFFFFFFFFFFFFFFFFFFFFFFFFFFFFF64
:20BD0000FFFFFFFFFFFFFFFFFFFFFFFFFFFFFFFFFFFFFFFFFFFFFFFFFFFFFFFFFFFFFFFF43
:20BD2000FFFFFFFFFFFFFFFFFFFFFFFFFFFFFFFFFFFFFFFFFFFFFFFFFFFFFFFFFFFFFFFF23
:20BD4000FFFFFFFFFFFFFFFFFFFFFFFFFFFFFFFFFFFFFFFFFFFFFFFFFFFFFFFFFFFFFFFF03
:20BD6000FFFFFFFFFFFFFFFFFFFFFFFFFFFFFFFFFFFFFFFFFFFFFFFFFFFFFFFFFFFFFFFFE3
:20BD8000FFFFFFFFFFFFFFFFFFFFFFFFFFFFFFFFFFFFFFFFFFFFFFFFFFFFFFFFFFFFFFFFC3
:20BDA000FFFFFFFFFFFFFFFFFFFFFFFFFFFFFFFFFFFFFFFFFFFFFFFFFFFFFFFFFFFFFFFFA3
:20BDC000FFFFFFFFFFFFFFFFFFFFFFFFFFFFFFFFFFFFFFFFFFFFFFFFFFFFFFFFFFFFFFFF83
:20BDE000FFFFFFFFFFFFFFFFFFFFFFFFFFFFFFFFFFFFFFFFFFFFFFFFFFFFFFFFFFFFFFFF63
:20BE0000FFFFFFFFFFFFFFFFFFFFFFFFFFFFFFFFFFFFFFFFFFFFFFFFFFFFFFFFFFFFFFFF42
:20BE2000FFFFFFFFFFFFFFFFFFFFFFFFFFFFFFFFFFFFFFFFFFFFFFFFFFFFFFFFFFFFFFFF22
:20BE4000FFFFFFFFFFFFFFFFFFFFFFFFFFFFFFFFFFFFFFFFFFFFFFFFFFFFFFFFFFFFFFFF02
:20BE6000FFFFFFFFFFFFFFFFFFFFFFFFFFFFFFFFFFFFFFFFFFFFFFFFFFFFFFFFFFFFFFFFE2
:20BE8000FFFFFFFFFFFFFFFFFFFFFFFFFFFFFFFFFFFFFFFFFFFFFFFFFFFFFFFFFFFFFFFFC2
:20BEA000FFFFFFFFFFFFFFFFFFFFFFFFFFFFFFFFFFFFFFFFFFFFFFFFFFFFFFFFFFFFFFFFA2
:20BEC000FFFFFFFFFFFFFFFFFFFFFFFFFFFFFFFFFFFFFFFFFFFFFFFFFFFFFFFFFFFFFFFF82
:20BEE000FFFFFFFFFFFFFFFFFFFFFFFFFFFFFFFFFFFFFFFFFFFFFFFFFFFFFFFFFFFFFFFF62
:20BF0000FFFFFFFFFFFFFFFFFFFFFFFFFFFFFFFFFFFFFFFFFFFFFFFFFFFFFFFFFFFFFFFF41
:20BF2000FFFFFFFFFFFFFFFFFFFFFFFFFFFFFFFFFFFFFFFFFFFFFFFFFFFFFFFFFFFFFFFF21
:20BF4000FFFFFFFFFFFFFFFFFFFFFFFFFFFFFFFFFFFFFFFFFFFFFFFFFFFFFFFFFFFFFFFF01
:20BF6000FFFFFFFFFFFFFFFFFFFFFFFFFFFFFFFFFFFFFFFFFFFFFFFFFFFFFFFFFFFFFFFFE1
:20BF8000FFFFFFFFFFFFFFFFFFFFFFFFFFFFFFFFFFFFFFFFFFFFFFFFFFFFFFFFFFFFFFFFC1
:20BFA000FFFFFFFFFFFFFFFFFFFFFFFFFFFFFFFFFFFFFFFFFFFFFFFFFFFFFFFFFFFFFFFFA1
:20BFC000FFFFFFFFFFFFFFFFFFFFFFFFFFFFFFFFFFFFFFFFFFFFFFFFFFFFFFFFFFFFFFFF81
:20BFE000FFFFFFFFFFFFFFFFFFFFFFFFFFFFFFFFFFFFFFFFFFFFFFFFFFFFFFFFFFFFFFFF61
:20C00000FFFFFFFFFFFFFFFFFFFFFFFFFFFFFFFFFFFFFFFFFFFFFFFFFFFFFFFFFFFFFFFF40
:20C02000FFFFFFFFFFFFFFFFFFFFFFFFFFFFFFFFFFFFFFFFFFFFFFFFFFFFFFFFFFFFFFFF20
:20C04000FFFFFFFFFFFFFFFFFFFFFFFFFFFFFFFFFFFFFFFFFFFFFFFFFFFFFFFFFFFFFFFF00
:20C06000FFFFFFFFFFFFFFFFFFFFFFFFFFFFFFFFFFFFFFFFFFFFFFFFFFFFFFFFFFFFFFFFE0
:20C08000FFFFFFFFFFFFFFFFFFFFFFFFFFFFFFFFFFFFFFFFFFFFFFFFFFFFFFFFFFFFFFFFC0
:20C0A000FFFFFFFFFFFFFFFFFFFFFFFFFFFFFFFFFFFFFFFFFFFFFFFFFFFFFFFFFFFFFFFFA0
:20C0C000FFFFFFFFFFFFFFFFFFFFFFFFFFFFFFFFFFFFFFFFFFFFFFFFFFFFFFFFFFFFFFFF80
:20C0E000FFFFFFFFFFFFFFFFFFFFFFFFFFFFFFFFFFFFFFFFFFFFFFFFFFFFFFFFFFFFFFFF60
:20C10000FFFFFFFFFFFFFFFFFFFFFFFFFFFFFFFFFFFFFFFFFFFFFFFFFFFFFFFFFFFFFFFF3F
:20C12000FFFFFFFFFFFFFFFFFFFFFFFFFFFFFFFFFFFFFFFFFFFFFFFFFFFFFFFFFFFFFFFF1F
:20C14000FFFFFFFFFFFFFFFFFFFFFFFFFFFFFFFFFFFFFFFFFFFFFFFFFFFFFFFFFFFFFFFFFF
:20C16000FFFFFFFFFFFFFFFFFFFFFFFFFFFFFFFFFFFFFFFFFFFFFFFFFFFFFFFFFFFFFFFFDF
:20C18000FFFFFFFFFFFFFFFFFFFFFFFFFFFFFFFFFFFFFFFFFFFFFFFFFFFFFFFFFFFFFFFFBF
:20C1A000FFFFFFFFFFFFFFFFFFFFFFFFFFFFFFFFFFFFFFFFFFFFFFFFFFFFFFFFFFFFFFFF9F
:20C1C000FFFFFFFFFFFFFFFFFFFFFFFFFFFFFFFFFFFFFFFFFFFFFFFFFFFFFFFFFFFFFFFF7F
:20C1E000FFFFFFFFFFFFFFFFFFFFFFFFFFFFFFFFFFFFFFFFFFFFFFFFFFFFFFFFFFFFFFFF5F
:20C20000FFFFFFFFFFFFFFFFFFFFFFFFFFFFFFFFFFFFFFFFFFFFFFFFFFFFFFFFFFFFFFFF3E
:20C22000FFFFFFFFFFFFFFFFFFFFFFFFFFFFFFFFFFFFFFFFFFFFFFFFFFFFFFFFFFFFFFFF1E
:20C24000FFFFFFFFFFFFFFFFFFFFFFFFFFFFFFFFFFFFFFFFFFFFFFFFFFFFFFFFFFFFFFFFFE
:20C26000FFFFFFFFFFFFFFFFFFFFFFFFFFFFFFFFFFFFFFFFFFFFFFFFFFFFFFFFFFFFFFFFDE
:20C28000FFFFFFFFFFFFFFFFFFFFFFFFFFFFFFFFFFFFFFFFFFFFFFFFFFFFFFFFFFFFFFFFBE
:20C2A000FFFFFFFFFFFFFFFFFFFFFFFFFFFFFFFFFFFFFFFFFFFFFFFFFFFFFFFFFFFFFFFF9E
:20C2C000FFFFFFFFFFFFFFFFFFFFFFFFFFFFFFFFFFFFFFFFFFFFFFFFFFFFFFFFFFFFFFFF7E
:20C2E000FFFFFFFFFFFFFFFFFFFFFFFFFFFFFFFFFFFFFFFFFFFFFFFFFFFFFFFFFFFFFFFF5E
:20C30000FFFFFFFFFFFFFFFFFFFFFFFFFFFFFFFFFFFFFFFFFFFFFFFFFFFFFFFFFFFFFFFF3D
:20C32000FFFFFFFFFFFFFFFFFFFFFFFFFFFFFFFFFFFFFFFFFFFFFFFFFFFFFFFFFFFFFFFF1D
:20C34000FFFFFFFFFFFFFFFFFFFFFFFFFFFFFFFFFFFFFFFFFFFFFFFFFFFFFFFFFFFFFFFFFD
:20C36000FFFFFFFFFFFFFFFFFFFFFFFFFFFFFFFFFFFFFFFFFFFFFFFFFFFFFFFFFFFFFFFFDD
:20C38000FFFFFFFFFFFFFFFFFFFFFFFFFFFFFFFFFFFFFFFFFFFFFFFFFFFFFFFFFFFFFFFFBD
:20C3A000FFFFFFFFFFFFFFFFFFFFFFFFFFFFFFFFFFFFFFFFFFFFFFFFFFFFFFFFFFFFFFFF9D
:20C3C000FFFFFFFFFFFFFFFFFFFFFFFFFFFFFFFFFFFFFFFFFFFFFFFFFFFFFFFFFFFFFFFF7D
:20C3E000FFFFFFFFFFFFFFFFFFFFFFFFFFFFFFFFFFFFFFFFFFFFFFFFFFFFFFFFFFFFFFFF5D
:20C40000FFFFFFFFFFFFFFFFFFFFFFFFFFFFFFFFFFFFFFFFFFFFFFFFFFFFFFFFFFFFFFFF3C
:20C42000FFFFFFFFFFFFFFFFFFFFFFFFFFFFFFFFFFFFFFFFFFFFFFFFFFFFFFFFFFFFFFFF1C
:20C44000FFFFFFFFFFFFFFFFFFFFFFFFFFFFFFFFFFFFFFFFFFFFFFFFFFFFFFFFFFFFFFFFFC
:20C46000FFFFFFFFFFFFFFFFFFFFFFFFFFFFFFFFFFFFFFFFFFFFFFFFFFFFFFFFFFFFFFFFDC
:20C48000FFFFFFFFFFFFFFFFFFFFFFFFFFFFFFFFFFFFFFFFFFFFFFFFFFFFFFFFFFFFFFFFBC
:20C4A000FFFFFFFFFFFFFFFFFFFFFFFFFFFFFFFFFFFFFFFFFFFFFFFFFFFFFFFFFFFFFFFF9C
:20C4C000FFFFFFFFFFFFFFFFFFFFFFFFFFFFFFFFFFFFFFFFFFFFFFFFFFFFFFFFFFFFFFFF7C
:20C4E000FFFFFFFFFFFFFFFFFFFFFFFFFFFFFFFFFFFFFFFFFFFFFFFFFFFFFFFFFFFFFFFF5C
:20C50000FFFFFFFFFFFFFFFFFFFFFFFFFFFFFFFFFFFFFFFFFFFFFFFFFFFFFFFFFFFFFFFF3B
:20C52000FFFFFFFFFFFFFFFFFFFFFFFFFFFFFFFFFFFFFFFFFFFFFFFFFFFFFFFFFFFFFFFF1B
:20C54000FFFFFFFFFFFFFFFFFFFFFFFFFFFFFFFFFFFFFFFFFFFFFFFFFFFFFFFFFFFFFFFFFB
:20C56000FFFFFFFFFFFFFFFFFFFFFFFFFFFFFFFFFFFFFFFFFFFFFFFFFFFFFFFFFFFFFFFFDB
:20C58000FFFFFFFFFFFFFFFFFFFFFFFFFFFFFFFFFFFFFFFFFFFFFFFFFFFFFFFFFFFFFFFFBB
:20C5A000FFFFFFFFFFFFFFFFFFFFFFFFFFFFFFFFFFFFFFFFFFFFFFFFFFFFFFFFFFFFFFFF9B
:20C5C000FFFFFFFFFFFFFFFFFFFFFFFFFFFFFFFFFFFFFFFFFFFFFFFFFFFFFFFFFFFFFFFF7B
:20C5E000FFFFFFFFFFFFFFFFFFFFFFFFFFFFFFFFFFFFFFFFFFFFFFFFFFFFFFFFFFFFFFFF5B
:20C60000FFFFFFFFFFFFFFFFFFFFFFFFFFFFFFFFFFFFFFFFFFFFFFFFFFFFFFFFFFFFFFFF3A
:20C62000FFFFFFFFFFFFFFFFFFFFFFFFFFFFFFFFFFFFFFFFFFFFFFFFFFFFFFFFFFFFFFFF1A
:20C64000FFFFFFFFFFFFFFFFFFFFFFFFFFFFFFFFFFFFFFFFFFFFFFFFFFFFFFFFFFFFFFFFFA
:20C66000FFFFFFFFFFFFFFFFFFFFFFFFFFFFFFFFFFFFFFFFFFFFFFFFFFFFFFFFFFFFFFFFDA
:20C68000FFFFFFFFFFFFFFFFFFFFFFFFFFFFFFFFFFFFFFFFFFFFFFFFFFFFFFFFFFFFFFFFBA
:20C6A000FFFFFFFFFFFFFFFFFFFFFFFFFFFFFFFFFFFFFFFFFFFFFFFFFFFFFFFFFFFFFFFF9A
:20C6C000FFFFFFFFFFFFFFFFFFFFFFFFFFFFFFFFFFFFFFFFFFFFFFFFFFFFFFFFFFFFFFFF7A
:20C6E000FFFFFFFFFFFFFFFFFFFFFFFFFFFFFFFFFFFFFFFFFFFFFFFFFFFFFFFFFFFFFFFF5A
:20C70000FFFFFFFFFFFFFFFFFFFFFFFFFFFFFFFFFFFFFFFFFFFFFFFFFFFFFFFFFFFFFFFF39
:20C72000FFFFFFFFFFFFFFFFFFFFFFFFFFFFFFFFFFFFFFFFFFFFFFFFFFFFFFFFFFFFFFFF19
:20C74000FFFFFFFFFFFFFFFFFFFFFFFFFFFFFFFFFFFFFFFFFFFFFFFFFFFFFFFFFFFFFFFFF9
:20C76000FFFFFFFFFFFFFFFFFFFFFFFFFFFFFFFFFFFFFFFFFFFFFFFFFFFFFFFFFFFFFFFFD9
:20C78000FFFFFFFFFFFFFFFFFFFFFFFFFFFFFFFFFFFFFFFFFFFFFFFFFFFFFFFFFFFFFFFFB9
:20C7A000FFFFFFFFFFFFFFFFFFFFFFFFFFFFFFFFFFFFFFFFFFFFFFFFFFFFFFFFFFFFFFFF99
:20C7C000FFFFFFFFFFFFFFFFFFFFFFFFFFFFFFFFFFFFFFFFFFFFFFFFFFFFFFFFFFFFFFFF79
:20C7E000FFFFFFFFFFFFFFFFFFFFFFFFFFFFFFFFFFFFFFFFFFFFFFFFFFFFFFFFFFFFFFFF59
:20C80000FFFFFFFFFFFFFFFFFFFFFFFFFFFFFFFFFFFFFFFFFFFFFFFFFFFFFFFFFFFFFFFF38
:20C82000FFFFFFFFFFFFFFFFFFFFFFFFFFFFFFFFFFFFFFFFFFFFFFFFFFFFFFFFFFFFFFFF18
:20C84000FFFFFFFFFFFFFFFFFFFFFFFFFFFFFFFFFFFFFFFFFFFFFFFFFFFFFFFFFFFFFFFFF8
:20C86000FFFFFFFFFFFFFFFFFFFFFFFFFFFFFFFFFFFFFFFFFFFFFFFFFFFFFFFFFFFFFFFFD8
:20C88000FFFFFFFFFFFFFFFFFFFFFFFFFFFFFFFFFFFFFFFFFFFFFFFFFFFFFFFFFFFFFFFFB8
:20C8A000FFFFFFFFFFFFFFFFFFFFFFFFFFFFFFFFFFFFFFFFFFFFFFFFFFFFFFFFFFFFFFFF98
:20C8C000FFFFFFFFFFFFFFFFFFFFFFFFFFFFFFFFFFFFFFFFFFFFFFFFFFFFFFFFFFFFFFFF78
:20C8E000FFFFFFFFFFFFFFFFFFFFFFFFFFFFFFFFFFFFFFFFFFFFFFFFFFFFFFFFFFFFFFFF58
:20C90000FFFFFFFFFFFFFFFFFFFFFFFFFFFFFFFFFFFFFFFFFFFFFFFFFFFFFFFFFFFFFFFF37
:20C92000FFFFFFFFFFFFFFFFFFFFFFFFFFFFFFFFFFFFFFFFFFFFFFFFFFFFFFFFFFFFFFFF17
:20C94000FFFFFFFFFFFFFFFFFFFFFFFFFFFFFFFFFFFFFFFFFFFFFFFFFFFFFFFFFFFFFFFFF7
:20C96000FFFFFFFFFFFFFFFFFFFFFFFFFFFFFFFFFFFFFFFFFFFFFFFFFFFFFFFFFFFFFFFFD7
:20C98000FFFFFFFFFFFFFFFFFFFFFFFFFFFFFFFFFFFFFFFFFFFFFFFFFFFFFFFFFFFFFFFFB7
:20C9A000FFFFFFFFFFFFFFFFFFFFFFFFFFFFFFFFFFFFFFFFFFFFFFFFFFFFFFFFFFFFFFFF97
:20C9C000FFFFFFFFFFFFFFFFFFFFFFFFFFFFFFFFFFFFFFFFFFFFFFFFFFFFFFFFFFFFFFFF77
:20C9E000FFFFFFFFFFFFFFFFFFFFFFFFFFFFFFFFFFFFFFFFFFFFFFFFFFFFFFFFFFFFFFFF57
:20CA0000FFFFFFFFFFFFFFFFFFFFFFFFFFFFFFFFFFFFFFFFFFFFFFFFFFFFFFFFFFFFFFFF36
:20CA2000FFFFFFFFFFFFFFFFFFFFFFFFFFFFFFFFFFFFFFFFFFFFFFFFFFFFFFFFFFFFFFFF16
:20CA4000FFFFFFFFFFFFFFFFFFFFFFFFFFFFFFFFFFFFFFFFFFFFFFFFFFFFFFFFFFFFFFFFF6
:20CA6000FFFFFFFFFFFFFFFFFFFFFFFFFFFFFFFFFFFFFFFFFFFFFFFFFFFFFFFFFFFFFFFFD6
:20CA8000FFFFFFFFFFFFFFFFFFFFFFFFFFFFFFFFFFFFFFFFFFFFFFFFFFFFFFFFFFFFFFFFB6
:20CAA000FFFFFFFFFFFFFFFFFFFFFFFFFFFFFFFFFFFFFFFFFFFFFFFFFFFFFFFFFFFFFFFF96
:20CAC000FFFFFFFFFFFFFFFFFFFFFFFFFFFFFFFFFFFFFFFFFFFFFFFFFFFFFFFFFFFFFFFF76
:20CAE000FFFFFFFFFFFFFFFFFFFFFFFFFFFFFFFFFFFFFFFFFFFFFFFFFFFFFFFFFFFFFFFF56
:20CB0000FFFFFFFFFFFFFFFFFFFFFFFFFFFFFFFFFFFFFFFFFFFFFFFFFFFFFFFFFFFFFFFF35
:20CB2000FFFFFFFFFFFFFFFFFFFFFFFFFFFFFFFFFFFFFFFFFFFFFFFFFFFFFFFFFFFFFFFF15
:20CB4000FFFFFFFFFFFFFFFFFFFFFFFFFFFFFFFFFFFFFFFFFFFFFFFFFFFFFFFFFFFFFFFFF5
:20CB6000FFFFFFFFFFFFFFFFFFFFFFFFFFFFFFFFFFFFFFFFFFFFFFFFFFFFFFFFFFFFFFFFD5
:20CB8000FFFFFFFFFFFFFFFFFFFFFFFFFFFFFFFFFFFFFFFFFFFFFFFFFFFFFFFFFFFFFFFFB5
:20CBA000FFFFFFFFFFFFFFFFFFFFFFFFFFFFFFFFFFFFFFFFFFFFFFFFFFFFFFFFFFFFFFFF95
:20CBC000FFFFFFFFFFFFFFFFFFFFFFFFFFFFFFFFFFFFFFFFFFFFFFFFFFFFFFFFFFFFFFFF75
:20CBE000FFFFFFFFFFFFFFFFFFFFFFFFFFFFFFFFFFFFFFFFFFFFFFFFFFFFFFFFFFFFFFFF55
:20CC0000FFFFFFFFFFFFFFFFFFFFFFFFFFFFFFFFFFFFFFFFFFFFFFFFFFFFFFFFFFFFFFFF34
:20CC2000FFFFFFFFFFFFFFFFFFFFFFFFFFFFFFFFFFFFFFFFFFFFFFFFFFFFFFFFFFFFFFFF14
:20CC4000FFFFFFFFFFFFFFFFFFFFFFFFFFFFFFFFFFFFFFFFFFFFFFFFFFFFFFFFFFFFFFFFF4
:20CC6000FFFFFFFFFFFFFFFFFFFFFFFFFFFFFFFFFFFFFFFFFFFFFFFFFFFFFFFFFFFFFFFFD4
:20CC8000FFFFFFFFFFFFFFFFFFFFFFFFFFFFFFFFFFFFFFFFFFFFFFFFFFFFFFFFFFFFFFFFB4
:20CCA000FFFFFFFFFFFFFFFFFFFFFFFFFFFFFFFFFFFFFFFFFFFFFFFFFFFFFFFFFFFFFFFF94
:20CCC000FFFFFFFFFFFFFFFFFFFFFFFFFFFFFFFFFFFFFFFFFFFFFFFFFFFFFFFFFFFFFFFF74
:20CCE000FFFFFFFFFFFFFFFFFFFFFFFFFFFFFFFFFFFFFFFFFFFFFFFFFFFFFFFFFFFFFFFF54
:20CD0000FFFFFFFFFFFFFFFFFFFFFFFFFFFFFFFFFFFFFFFFFFFFFFFFFFFFFFFFFFFFFFFF33
:20CD2000FFFFFFFFFFFFFFFFFFFFFFFFFFFFFFFFFFFFFFFFFFFFFFFFFFFFFFFFFFFFFFFF13
:20CD4000FFFFFFFFFFFFFFFFFFFFFFFFFFFFFFFFFFFFFFFFFFFFFFFFFFFFFFFFFFFFFFFFF3
:20CD6000FFFFFFFFFFFFFFFFFFFFFFFFFFFFFFFFFFFFFFFFFFFFFFFFFFFFFFFFFFFFFFFFD3
:20CD8000FFFFFFFFFFFFFFFFFFFFFFFFFFFFFFFFFFFFFFFFFFFFFFFFFFFFFFFFFFFFFFFFB3
:20CDA000FFFFFFFFFFFFFFFFFFFFFFFFFFFFFFFFFFFFFFFFFFFFFFFFFFFFFFFFFFFFFFFF93
:20CDC000FFFFFFFFFFFFFFFFFFFFFFFFFFFFFFFFFFFFFFFFFFFFFFFFFFFFFFFFFFFFFFFF73
:20CDE000FFFFFFFFFFFFFFFFFFFFFFFFFFFFFFFFFFFFFFFFFFFFFFFFFFFFFFFFFFFFFFFF53
:20CE0000FFFFFFFFFFFFFFFFFFFFFFFFFFFFFFFFFFFFFFFFFFFFFFFFFFFFFFFFFFFFFFFF32
:20CE2000FFFFFFFFFFFFFFFFFFFFFFFFFFFFFFFFFFFFFFFFFFFFFFFFFFFFFFFFFFFFFFFF12
:20CE4000FFFFFFFFFFFFFFFFFFFFFFFFFFFFFFFFFFFFFFFFFFFFFFFFFFFFFFFFFFFFFFFFF2
:20CE6000FFFFFFFFFFFFFFFFFFFFFFFFFFFFFFFFFFFFFFFFFFFFFFFFFFFFFFFFFFFFFFFFD2
:20CE8000FFFFFFFFFFFFFFFFFFFFFFFFFFFFFFFFFFFFFFFFFFFFFFFFFFFFFFFFFFFFFFFFB2
:20CEA000FFFFFFFFFFFFFFFFFFFFFFFFFFFFFFFFFFFFFFFFFFFFFFFFFFFFFFFFFFFFFFFF92
:20CEC000FFFFFFFFFFFFFFFFFFFFFFFFFFFFFFFFFFFFFFFFFFFFFFFFFFFFFFFFFFFFFFFF72
:20CEE000FFFFFFFFFFFFFFFFFFFFFFFFFFFFFFFFFFFFFFFFFFFFFFFFFFFFFFFFFFFFFFFF52
:20CF0000FFFFFFFFFFFFFFFFFFFFFFFFFFFFFFFFFFFFFFFFFFFFFFFFFFFFFFFFFFFFFFFF31
:20CF2000FFFFFFFFFFFFFFFFFFFFFFFFFFFFFFFFFFFFFFFFFFFFFFFFFFFFFFFFFFFFFFFF11
:20CF4000FFFFFFFFFFFFFFFFFFFFFFFFFFFFFFFFFFFFFFFFFFFFFFFFFFFFFFFFFFFFFFFFF1
:20CF6000FFFFFFFFFFFFFFFFFFFFFFFFFFFFFFFFFFFFFFFFFFFFFFFFFFFFFFFFFFFFFFFFD1
:20CF8000FFFFFFFFFFFFFFFFFFFFFFFFFFFFFFFFFFFFFFFFFFFFFFFFFFFFFFFFFFFFFFFFB1
:20CFA000FFFFFFFFFFFFFFFFFFFFFFFFFFFFFFFFFFFFFFFFFFFFFFFFFFFFFFFFFFFFFFFF91
:20CFC000FFFFFFFFFFFFFFFFFFFFFFFFFFFFFFFFFFFFFFFFFFFFFFFFFFFFFFFFFFFFFFFF71
:20CFE000FFFFFFFFFFFFFFFFFFFFFFFFFFFFFFFFFFFFFFFFFFFFFFFFFFFFFFFFFFFFFFFF51
:20D00000FFFFFFFFFFFFFFFFFFFFFFFFFFFFFFFFFFFFFFFFFFFFFFFFFFFFFFFFFFFFFFFF30
:20D02000FFFFFFFFFFFFFFFFFFFFFFFFFFFFFFFFFFFFFFFFFFFFFFFFFFFFFFFFFFFFFFFF10
:20D04000FFFFFFFFFFFFFFFFFFFFFFFFFFFFFFFFFFFFFFFFFFFFFFFFFFFFFFFFFFFFFFFFF0
:20D06000FFFFFFFFFFFFFFFFFFFFFFFFFFFFFFFFFFFFFFFFFFFFFFFFFFFFFFFFFFFFFFFFD0
:20D08000FFFFFFFFFFFFFFFFFFFFFFFFFFFFFFFFFFFFFFFFFFFFFFFFFFFFFFFFFFFFFFFFB0
:20D0A000FFFFFFFFFFFFFFFFFFFFFFFFFFFFFFFFFFFFFFFFFFFFFFFFFFFFFFFFFFFFFFFF90
:20D0C000FFFFFFFFFFFFFFFFFFFFFFFFFFFFFFFFFFFFFFFFFFFFFFFFFFFFFFFFFFFFFFFF70
:20D0E000FFFFFFFFFFFFFFFFFFFFFFFFFFFFFFFFFFFFFFFFFFFFFFFFFFFFFFFFFFFFFFFF50
:20D10000FFFFFFFFFFFFFFFFFFFFFFFFFFFFFFFFFFFFFFFFFFFFFFFFFFFFFFFFFFFFFFFF2F
:20D12000FFFFFFFFFFFFFFFFFFFFFFFFFFFFFFFFFFFFFFFFFFFFFFFFFFFFFFFFFFFFFFFF0F
:20D14000FFFFFFFFFFFFFFFFFFFFFFFFFFFFFFFFFFFFFFFFFFFFFFFFFFFFFFFFFFFFFFFFEF
:20D16000FFFFFFFFFFFFFFFFFFFFFFFFFFFFFFFFFFFFFFFFFFFFFFFFFFFFFFFFFFFFFFFFCF
:20D18000FFFFFFFFFFFFFFFFFFFFFFFFFFFFFFFFFFFFFFFFFFFFFFFFFFFFFFFFFFFFFFFFAF
:20D1A000FFFFFFFFFFFFFFFFFFFFFFFFFFFFFFFFFFFFFFFFFFFFFFFFFFFFFFFFFFFFFFFF8F
:20D1C000FFFFFFFFFFFFFFFFFFFFFFFFFFFFFFFFFFFFFFFFFFFFFFFFFFFFFFFFFFFFFFFF6F
:20D1E000FFFFFFFFFFFFFFFFFFFFFFFFFFFFFFFFFFFFFFFFFFFFFFFFFFFFFFFFFFFFFFFF4F
:20D20000FFFFFFFFFFFFFFFFFFFFFFFFFFFFFFFFFFFFFFFFFFFFFFFFFFFFFFFFFFFFFFFF2E
:20D22000FFFFFFFFFFFFFFFFFFFFFFFFFFFFFFFFFFFFFFFFFFFFFFFFFFFFFFFFFFFFFFFF0E
:20D24000FFFFFFFFFFFFFFFFFFFFFFFFFFFFFFFFFFFFFFFFFFFFFFFFFFFFFFFFFFFFFFFFEE
:20D26000FFFFFFFFFFFFFFFFFFFFFFFFFFFFFFFFFFFFFFFFFFFFFFFFFFFFFFFFFFFFFFFFCE
:20D28000FFFFFFFFFFFFFFFFFFFFFFFFFFFFFFFFFFFFFFFFFFFFFFFFFFFFFFFFFFFFFFFFAE
:20D2A000FFFFFFFFFFFFFFFFFFFFFFFFFFFFFFFFFFFFFFFFFFFFFFFFFFFFFFFFFFFFFFFF8E
:20D2C000FFFFFFFFFFFFFFFFFFFFFFFFFFFFFFFFFFFFFFFFFFFFFFFFFFFFFFFFFFFFFFFF6E
:20D2E000FFFFFFFFFFFFFFFFFFFFFFFFFFFFFFFFFFFFFFFFFFFFFFFFFFFFFFFFFFFFFFFF4E
:20D30000FFFFFFFFFFFFFFFFFFFFFFFFFFFFFFFFFFFFFFFFFFFFFFFFFFFFFFFFFFFFFFFF2D
:20D32000FFFFFFFFFFFFFFFFFFFFFFFFFFFFFFFFFFFFFFFFFFFFFFFFFFFFFFFFFFFFFFFF0D
:20D34000FFFFFFFFFFFFFFFFFFFFFFFFFFFFFFFFFFFFFFFFFFFFFFFFFFFFFFFFFFFFFFFFED
:20D36000FFFFFFFFFFFFFFFFFFFFFFFFFFFFFFFFFFFFFFFFFFFFFFFFFFFFFFFFFFFFFFFFCD
:20D38000FFFFFFFFFFFFFFFFFFFFFFFFFFFFFFFFFFFFFFFFFFFFFFFFFFFFFFFFFFFFFFFFAD
:20D3A000FFFFFFFFFFFFFFFFFFFFFFFFFFFFFFFFFFFFFFFFFFFFFFFFFFFFFFFFFFFFFFFF8D
:20D3C000FFFFFFFFFFFFFFFFFFFFFFFFFFFFFFFFFFFFFFFFFFFFFFFFFFFFFFFFFFFFFFFF6D
:20D3E000FFFFFFFFFFFFFFFFFFFFFFFFFFFFFFFFFFFFFFFFFFFFFFFFFFFFFFFFFFFFFFFF4D
:20D40000FFFFFFFFFFFFFFFFFFFFFFFFFFFFFFFFFFFFFFFFFFFFFFFFFFFFFFFFFFFFFFFF2C
:20D42000FFFFFFFFFFFFFFFFFFFFFFFFFFFFFFFFFFFFFFFFFFFFFFFFFFFFFFFFFFFFFFFF0C
:20D44000FFFFFFFFFFFFFFFFFFFFFFFFFFFFFFFFFFFFFFFFFFFFFFFFFFFFFFFFFFFFFFFFEC
:20D46000FFFFFFFFFFFFFFFFFFFFFFFFFFFFFFFFFFFFFFFFFFFFFFFFFFFFFFFFFFFFFFFFCC
:20D48000FFFFFFFFFFFFFFFFFFFFFFFFFFFFFFFFFFFFFFFFFFFFFFFFFFFFFFFFFFFFFFFFAC
:20D4A000FFFFFFFFFFFFFFFFFFFFFFFFFFFFFFFFFFFFFFFFFFFFFFFFFFFFFFFFFFFFFFFF8C
:20D4C000FFFFFFFFFFFFFFFFFFFFFFFFFFFFFFFFFFFFFFFFFFFFFFFFFFFFFFFFFFFFFFFF6C
:20D4E000FFFFFFFFFFFFFFFFFFFFFFFFFFFFFFFFFFFFFFFFFFFFFFFFFFFFFFFFFFFFFFFF4C
:20D50000FFFFFFFFFFFFFFFFFFFFFFFFFFFFFFFFFFFFFFFFFFFFFFFFFFFFFFFFFFFFFFFF2B
:20D52000FFFFFFFFFFFFFFFFFFFFFFFFFFFFFFFFFFFFFFFFFFFFFFFFFFFFFFFFFFFFFFFF0B
:20D54000FFFFFFFFFFFFFFFFFFFFFFFFFFFFFFFFFFFFFFFFFFFFFFFFFFFFFFFFFFFFFFFFEB
:20D56000FFFFFFFFFFFFFFFFFFFFFFFFFFFFFFFFFFFFFFFFFFFFFFFFFFFFFFFFFFFFFFFFCB
:20D58000FFFFFFFFFFFFFFFFFFFFFFFFFFFFFFFFFFFFFFFFFFFFFFFFFFFFFFFFFFFFFFFFAB
:20D5A000FFFFFFFFFFFFFFFFFFFFFFFFFFFFFFFFFFFFFFFFFFFFFFFFFFFFFFFFFFFFFFFF8B
:20D5C000FFFFFFFFFFFFFFFFFFFFFFFFFFFFFFFFFFFFFFFFFFFFFFFFFFFFFFFFFFFFFFFF6B
:20D5E000FFFFFFFFFFFFFFFFFFFFFFFFFFFFFFFFFFFFFFFFFFFFFFFFFFFFFFFFFFFFFFFF4B
:20D60000FFFFFFFFFFFFFFFFFFFFFFFFFFFFFFFFFFFFFFFFFFFFFFFFFFFFFFFFFFFFFFFF2A
:20D62000FFFFFFFFFFFFFFFFFFFFFFFFFFFFFFFFFFFFFFFFFFFFFFFFFFFFFFFFFFFFFFFF0A
:20D64000FFFFFFFFFFFFFFFFFFFFFFFFFFFFFFFFFFFFFFFFFFFFFFFFFFFFFFFFFFFFFFFFEA
:20D66000FFFFFFFFFFFFFFFFFFFFFFFFFFFFFFFFFFFFFFFFFFFFFFFFFFFFFFFFFFFFFFFFCA
:20D68000FFFFFFFFFFFFFFFFFFFFFFFFFFFFFFFFFFFFFFFFFFFFFFFFFFFFFFFFFFFFFFFFAA
:20D6A000FFFFFFFFFFFFFFFFFFFFFFFFFFFFFFFFFFFFFFFFFFFFFFFFFFFFFFFFFFFFFFFF8A
:20D6C000FFFFFFFFFFFFFFFFFFFFFFFFFFFFFFFFFFFFFFFFFFFFFFFFFFFFFFFFFFFFFFFF6A
:20D6E000FFFFFFFFFFFFFFFFFFFFFFFFFFFFFFFFFFFFFFFFFFFFFFFFFFFFFFFFFFFFFFFF4A
:20D70000FFFFFFFFFFFFFFFFFFFFFFFFFFFFFFFFFFFFFFFFFFFFFFFFFFFFFFFFFFFFFFFF29
:20D72000FFFFFFFFFFFFFFFFFFFFFFFFFFFFFFFFFFFFFFFFFFFFFFFFFFFFFFFFFFFFFFFF09
:20D74000FFFFFFFFFFFFFFFFFFFFFFFFFFFFFFFFFFFFFFFFFFFFFFFFFFFFFFFFFFFFFFFFE9
:20D76000FFFFFFFFFFFFFFFFFFFFFFFFFFFFFFFFFFFFFFFFFFFFFFFFFFFFFFFFFFFFFFFFC9
:20D78000FFFFFFFFFFFFFFFFFFFFFFFFFFFFFFFFFFFFFFFFFFFFFFFFFFFFFFFFFFFFFFFFA9
:20D7A000FFFFFFFFFFFFFFFFFFFFFFFFFFFFFFFFFFFFFFFFFFFFFFFFFFFFFFFFFFFFFFFF89
:20D7C000FFFFFFFFFFFFFFFFFFFFFFFFFFFFFFFFFFFFFFFFFFFFFFFFFFFFFFFFFFFFFFFF69
:20D7E000FFFFFFFFFFFFFFFFFFFFFFFFFFFFFFFFFFFFFFFFFFFFFFFFFFFFFFFFFFFFFFFF49
:20D80000FFFFFFFFFFFFFFFFFFFFFFFFFFFFFFFFFFFFFFFFFFFFFFFFFFFFFFFFFFFFFFFF28
:20D82000FFFFFFFFFFFFFFFFFFFFFFFFFFFFFFFFFFFFFFFFFFFFFFFFFFFFFFFFFFFFFFFF08
:20D84000FFFFFFFFFFFFFFFFFFFFFFFFFFFFFFFFFFFFFFFFFFFFFFFFFFFFFFFFFFFFFFFFE8
:20D86000FFFFFFFFFFFFFFFFFFFFFFFFFFFFFFFFFFFFFFFFFFFFFFFFFFFFFFFFFFFFFFFFC8
:20D88000FFFFFFFFFFFFFFFFFFFFFFFFFFFFFFFFFFFFFFFFFFFFFFFFFFFFFFFFFFFFFFFFA8
:20D8A000FFFFFFFFFFFFFFFFFFFFFFFFFFFFFFFFFFFFFFFFFFFFFFFFFFFFFFFFFFFFFFFF88
:20D8C000FFFFFFFFFFFFFFFFFFFFFFFFFFFFFFFFFFFFFFFFFFFFFFFFFFFFFFFFFFFFFFFF68
:20D8E000FFFFFFFFFFFFFFFFFFFFFFFFFFFFFFFFFFFFFFFFFFFFFFFFFFFFFFFFFFFFFFFF48
:20D90000FFFFFFFFFFFFFFFFFFFFFFFFFFFFFFFFFFFFFFFFFFFFFFFFFFFFFFFFFFFFFFFF27
:20D92000FFFFFFFFFFFFFFFFFFFFFFFFFFFFFFFFFFFFFFFFFFFFFFFFFFFFFFFFFFFFFFFF07
:20D94000FFFFFFFFFFFFFFFFFFFFFFFFFFFFFFFFFFFFFFFFFFFFFFFFFFFFFFFFFFFFFFFFE7
:20D96000FFFFFFFFFFFFFFFFFFFFFFFFFFFFFFFFFFFFFFFFFFFFFFFFFFFFFFFFFFFFFFFFC7
:20D98000FFFFFFFFFFFFFFFFFFFFFFFFFFFFFFFFFFFFFFFFFFFFFFFFFFFFFFFFFFFFFFFFA7
:20D9A000FFFFFFFFFFFFFFFFFFFFFFFFFFFFFFFFFFFFFFFFFFFFFFFFFFFFFFFFFFFFFFFF87
:20D9C000FFFFFFFFFFFFFFFFFFFFFFFFFFFFFFFFFFFFFFFFFFFFFFFFFFFFFFFFFFFFFFFF67
:20D9E000FFFFFFFFFFFFFFFFFFFFFFFFFFFFFFFFFFFFFFFFFFFFFFFFFFFFFFFFFFFFFFFF47
:20DA0000FFFFFFFFFFFFFFFFFFFFFFFFFFFFFFFFFFFFFFFFFFFFFFFFFFFFFFFFFFFFFFFF26
:20DA2000FFFFFFFFFFFFFFFFFFFFFFFFFFFFFFFFFFFFFFFFFFFFFFFFFFFFFFFFFFFFFFFF06
:20DA4000FFFFFFFFFFFFFFFFFFFFFFFFFFFFFFFFFFFFFFFFFFFFFFFFFFFFFFFFFFFFFFFFE6
:20DA6000FFFFFFFFFFFFFFFFFFFFFFFFFFFFFFFFFFFFFFFFFFFFFFFFFFFFFFFFFFFFFFFFC6
:20DA8000FFFFFFFFFFFFFFFFFFFFFFFFFFFFFFFFFFFFFFFFFFFFFFFFFFFFFFFFFFFFFFFFA6
:20DAA000FFFFFFFFFFFFFFFFFFFFFFFFFFFFFFFFFFFFFFFFFFFFFFFFFFFFFFFFFFFFFFFF86
:20DAC000FFFFFFFFFFFFFFFFFFFFFFFFFFFFFFFFFFFFFFFFFFFFFFFFFFFFFFFFFFFFFFFF66
:20DAE000FFFFFFFFFFFFFFFFFFFFFFFFFFFFFFFFFFFFFFFFFFFFFFFFFFFFFFFFFFFFFFFF46
:20DB0000FFFFFFFFFFFFFFFFFFFFFFFFFFFFFFFFFFFFFFFFFFFFFFFFFFFFFFFFFFFFFFFF25
:20DB2000FFFFFFFFFFFFFFFFFFFFFFFFFFFFFFFFFFFFFFFFFFFFFFFFFFFFFFFFFFFFFFFF05
:20DB4000FFFFFFFFFFFFFFFFFFFFFFFFFFFFFFFFFFFFFFFFFFFFFFFFFFFFFFFFFFFFFFFFE5
:20DB6000FFFFFFFFFFFFFFFFFFFFFFFFFFFFFFFFFFFFFFFFFFFFFFFFFFFFFFFFFFFFFFFFC5
:20DB8000FFFFFFFFFFFFFFFFFFFFFFFFFFFFFFFFFFFFFFFFFFFFFFFFFFFFFFFFFFFFFFFFA5
:20DBA000FFFFFFFFFFFFFFFFFFFFFFFFFFFFFFFFFFFFFFFFFFFFFFFFFFFFFFFFFFFFFFFF85
:20DBC000FFFFFFFFFFFFFFFFFFFFFFFFFFFFFFFFFFFFFFFFFFFFFFFFFFFFFFFFFFFFFFFF65
:20DBE000FFFFFFFFFFFFFFFFFFFFFFFFFFFFFFFFFFFFFFFFFFFFFFFFFFFFFFFFFFFFFFFF45
:20DC0000FFFFFFFFFFFFFFFFFFFFFFFFFFFFFFFFFFFFFFFFFFFFFFFFFFFFFFFFFFFFFFFF24
:20DC2000FFFFFFFFFFFFFFFFFFFFFFFFFFFFFFFFFFFFFFFFFFFFFFFFFFFFFFFFFFFFFFFF04
:20DC4000FFFFFFFFFFFFFFFFFFFFFFFFFFFFFFFFFFFFFFFFFFFFFFFFFFFFFFFFFFFFFFFFE4
:20DC6000FFFFFFFFFFFFFFFFFFFFFFFFFFFFFFFFFFFFFFFFFFFFFFFFFFFFFFFFFFFFFFFFC4
:20DC8000FFFFFFFFFFFFFFFFFFFFFFFFFFFFFFFFFFFFFFFFFFFFFFFFFFFFFFFFFFFFFFFFA4
:20DCA000FFFFFFFFFFFFFFFFFFFFFFFFFFFFFFFFFFFFFFFFFFFFFFFFFFFFFFFFFFFFFFFF84
:20DCC000FFFFFFFFFFFFFFFFFFFFFFFFFFFFFFFFFFFFFFFFFFFFFFFFFFFFFFFFFFFFFFFF64
:20DCE000FFFFFFFFFFFFFFFFFFFFFFFFFFFFFFFFFFFFFFFFFFFFFFFFFFFFFFFFFFFFFFFF44
:20DD0000FFFFFFFFFFFFFFFFFFFFFFFFFFFFFFFFFFFFFFFFFFFFFFFFFFFFFFFFFFFFFFFF23
:20DD2000FFFFFFFFFFFFFFFFFFFFFFFFFFFFFFFFFFFFFFFFFFFFFFFFFFFFFFFFFFFFFFFF03
:20DD4000FFFFFFFFFFFFFFFFFFFFFFFFFFFFFFFFFFFFFFFFFFFFFFFFFFFFFFFFFFFFFFFFE3
:20DD6000FFFFFFFFFFFFFFFFFFFFFFFFFFFFFFFFFFFFFFFFFFFFFFFFFFFFFFFFFFFFFFFFC3
:20DD8000FFFFFFFFFFFFFFFFFFFFFFFFFFFFFFFFFFFFFFFFFFFFFFFFFFFFFFFFFFFFFFFFA3
:20DDA000FFFFFFFFFFFFFFFFFFFFFFFFFFFFFFFFFFFFFFFFFFFFFFFFFFFFFFFFFFFFFFFF83
:20DDC000FFFFFFFFFFFFFFFFFFFFFFFFFFFFFFFFFFFFFFFFFFFFFFFFFFFFFFFFFFFFFFFF63
:20DDE000FFFFFFFFFFFFFFFFFFFFFFFFFFFFFFFFFFFFFFFFFFFFFFFFFFFFFFFFFFFFFFFF43
:20DE0000FFFFFFFFFFFFFFFFFFFFFFFFFFFFFFFFFFFFFFFFFFFFFFFFFFFFFFFFFFFFFFFF22
:20DE2000FFFFFFFFFFFFFFFFFFFFFFFFFFFFFFFFFFFFFFFFFFFFFFFFFFFFFFFFFFFFFFFF02
:20DE4000FFFFFFFFFFFFFFFFFFFFFFFFFFFFFFFFFFFFFFFFFFFFFFFFFFFFFFFFFFFFFFFFE2
:20DE6000FFFFFFFFFFFFFFFFFFFFFFFFFFFFFFFFFFFFFFFFFFFFFFFFFFFFFFFFFFFFFFFFC2
:20DE8000FFFFFFFFFFFFFFFFFFFFFFFFFFFFFFFFFFFFFFFFFFFFFFFFFFFFFFFFFFFFFFFFA2
:20DEA000FFFFFFFFFFFFFFFFFFFFFFFFFFFFFFFFFFFFFFFFFFFFFFFFFFFFFFFFFFFFFFFF82
:20DEC000FFFFFFFFFFFFFFFFFFFFFFFFFFFFFFFFFFFFFFFFFFFFFFFFFFFFFFFFFFFFFFFF62
:20DEE000FFFFFFFFFFFFFFFFFFFFFFFFFFFFFFFFFFFFFFFFFFFFFFFFFFFFFFFFFFFFFFFF42
:20DF0000FFFFFFFFFFFFFFFFFFFFFFFFFFFFFFFFFFFFFFFFFFFFFFFFFFFFFFFFFFFFFFFF21
:20DF2000FFFFFFFFFFFFFFFFFFFFFFFFFFFFFFFFFFFFFFFFFFFFFFFFFFFFFFFFFFFFFFFF01
:20DF4000FFFFFFFFFFFFFFFFFFFFFFFFFFFFFFFFFFFFFFFFFFFFFFFFFFFFFFFFFFFFFFFFE1
:20DF6000FFFFFFFFFFFFFFFFFFFFFFFFFFFFFFFFFFFFFFFFFFFFFFFFFFFFFFFFFFFFFFFFC1
:20DF8000FFFFFFFFFFFFFFFFFFFFFFFFFFFFFFFFFFFFFFFFFFFFFFFFFFFFFFFFFFFFFFFFA1
:20DFA000FFFFFFFFFFFFFFFFFFFFFFFFFFFFFFFFFFFFFFFFFFFFFFFFFFFFFFFFFFFFFFFF81
:20DFC000FFFFFFFFFFFFFFFFFFFFFFFFFFFFFFFFFFFFFFFFFFFFFFFFFFFFFFFFFFFFFFFF61
:20DFE000FFFFFFFFFFFFFFFFFFFFFFFFFFFFFFFFFFFFFFFFFFFFFFFFFFFFFFFFFFFFFFFF41
:20E00000FFFFFFFFFFFFFFFFFFFFFFFFFFFFFFFFFFFFFFFFFFFFFFFFFFFFFFFFFFFFFFFF20
:20E02000FFFFFFFFFFFFFFFFFFFFFFFFFFFFFFFFFFFFFFFFFFFFFFFFFFFFFFFFFFFFFFFF00
:20E04000FFFFFFFFFFFFFFFFFFFFFFFFFFFFFFFFFFFFFFFFFFFFFFFFFFFFFFFFFFFFFFFFE0
:20E06000FFFFFFFFFFFFFFFFFFFFFFFFFFFFFFFFFFFFFFFFFFFFFFFFFFFFFFFFFFFFFFFFC0
:20E08000FFFFFFFFFFFFFFFFFFFFFFFFFFFFFFFFFFFFFFFFFFFFFFFFFFFFFFFFFFFFFFFFA0
:20E0A000FFFFFFFFFFFFFFFFFFFFFFFFFFFFFFFFFFFFFFFFFFFFFFFFFFFFFFFFFFFFFFFF80
:20E0C000FFFFFFFFFFFFFFFFFFFFFFFFFFFFFFFFFFFFFFFFFFFFFFFFFFFFFFFFFFFFFFFF60
:20E0E000FFFFFFFFFFFFFFFFFFFFFFFFFFFFFFFFFFFFFFFFFFFFFFFFFFFFFFFFFFFFFFFF40
:20E10000FFFFFFFFFFFFFFFFFFFFFFFFFFFFFFFFFFFFFFFFFFFFFFFFFFFFFFFFFFFFFFFF1F
:20E12000FFFFFFFFFFFFFFFFFFFFFFFFFFFFFFFFFFFFFFFFFFFFFFFFFFFFFFFFFFFFFFFFFF
:20E14000FFFFFFFFFFFFFFFFFFFFFFFFFFFFFFFFFFFFFFFFFFFFFFFFFFFFFFFFFFFFFFFFDF
:20E16000FFFFFFFFFFFFFFFFFFFFFFFFFFFFFFFFFFFFFFFFFFFFFFFFFFFFFFFFFFFFFFFFBF
:20E18000FFFFFFFFFFFFFFFFFFFFFFFFFFFFFFFFFFFFFFFFFFFFFFFFFFFFFFFFFFFFFFFF9F
:20E1A000FFFFFFFFFFFFFFFFFFFFFFFFFFFFFFFFFFFFFFFFFFFFFFFFFFFFFFFFFFFFFFFF7F
:20E1C000FFFFFFFFFFFFFFFFFFFFFFFFFFFFFFFFFFFFFFFFFFFFFFFFFFFFFFFFFFFFFFFF5F
:20E1E000FFFFFFFFFFFFFFFFFFFFFFFFFFFFFFFFFFFFFFFFFFFFFFFFFFFFFFFFFFFFFFFF3F
:20E20000FFFFFFFFFFFFFFFFFFFFFFFFFFFFFFFFFFFFFFFFFFFFFFFFFFFFFFFFFFFFFFFF1E
:20E22000FFFFFFFFFFFFFFFFFFFFFFFFFFFFFFFFFFFFFFFFFFFFFFFFFFFFFFFFFFFFFFFFFE
:20E24000FFFFFFFFFFFFFFFFFFFFFFFFFFFFFFFFFFFFFFFFFFFFFFFFFFFFFFFFFFFFFFFFDE
:20E26000FFFFFFFFFFFFFFFFFFFFFFFFFFFFFFFFFFFFFFFFFFFFFFFFFFFFFFFFFFFFFFFFBE
:20E28000FFFFFFFFFFFFFFFFFFFFFFFFFFFFFFFFFFFFFFFFFFFFFFFFFFFFFFFFFFFFFFFF9E
:20E2A000FFFFFFFFFFFFFFFFFFFFFFFFFFFFFFFFFFFFFFFFFFFFFFFFFFFFFFFFFFFFFFFF7E
:20E2C000FFFFFFFFFFFFFFFFFFFFFFFFFFFFFFFFFFFFFFFFFFFFFFFFFFFFFFFFFFFFFFFF5E
:20E2E000FFFFFFFFFFFFFFFFFFFFFFFFFFFFFFFFFFFFFFFFFFFFFFFFFFFFFFFFFFFFFFFF3E
:20E30000FFFFFFFFFFFFFFFFFFFFFFFFFFFFFFFFFFFFFFFFFFFFFFFFFFFFFFFFFFFFFFFF1D
:20E32000FFFFFFFFFFFFFFFFFFFFFFFFFFFFFFFFFFFFFFFFFFFFFFFFFFFFFFFFFFFFFFFFFD
:20E34000FFFFFFFFFFFFFFFFFFFFFFFFFFFFFFFFFFFFFFFFFFFFFFFFFFFFFFFFFFFFFFFFDD
:20E36000FFFFFFFFFFFFFFFFFFFFFFFFFFFFFFFFFFFFFFFFFFFFFFFFFFFFFFFFFFFFFFFFBD
:20E38000FFFFFFFFFFFFFFFFFFFFFFFFFFFFFFFFFFFFFFFFFFFFFFFFFFFFFFFFFFFFFFFF9D
:20E3A000FFFFFFFFFFFFFFFFFFFFFFFFFFFFFFFFFFFFFFFFFFFFFFFFFFFFFFFFFFFFFFFF7D
:20E3C000FFFFFFFFFFFFFFFFFFFFFFFFFFFFFFFFFFFFFFFFFFFFFFFFFFFFFFFFFFFFFFFF5D
:20E3E000FFFFFFFFFFFFFFFFFFFFFFFFFFFFFFFFFFFFFFFFFFFFFFFFFFFFFFFFFFFFFFFF3D
:20E40000FFFFFFFFFFFFFFFFFFFFFFFFFFFFFFFFFFFFFFFFFFFFFFFFFFFFFFFFFFFFFFFF1C
:20E42000FFFFFFFFFFFFFFFFFFFFFFFFFFFFFFFFFFFFFFFFFFFFFFFFFFFFFFFFFFFFFFFFFC
:20E44000FFFFFFFFFFFFFFFFFFFFFFFFFFFFFFFFFFFFFFFFFFFFFFFFFFFFFFFFFFFFFFFFDC
:20E46000FFFFFFFFFFFFFFFFFFFFFFFFFFFFFFFFFFFFFFFFFFFFFFFFFFFFFFFFFFFFFFFFBC
:20E48000FFFFFFFFFFFFFFFFFFFFFFFFFFFFFFFFFFFFFFFFFFFFFFFFFFFFFFFFFFFFFFFF9C
:20E4A000FFFFFFFFFFFFFFFFFFFFFFFFFFFFFFFFFFFFFFFFFFFFFFFFFFFFFFFFFFFFFFFF7C
:20E4C000FFFFFFFFFFFFFFFFFFFFFFFFFFFFFFFFFFFFFFFFFFFFFFFFFFFFFFFFFFFFFFFF5C
:20E4E000FFFFFFFFFFFFFFFFFFFFFFFFFFFFFFFFFFFFFFFFFFFFFFFFFFFFFFFFFFFFFFFF3C
:20E50000FFFFFFFFFFFFFFFFFFFFFFFFFFFFFFFFFFFFFFFFFFFFFFFFFFFFFFFFFFFFFFFF1B
:20E52000FFFFFFFFFFFFFFFFFFFFFFFFFFFFFFFFFFFFFFFFFFFFFFFFFFFFFFFFFFFFFFFFFB
:20E54000FFFFFFFFFFFFFFFFFFFFFFFFFFFFFFFFFFFFFFFFFFFFFFFFFFFFFFFFFFFFFFFFDB
:20E56000FFFFFFFFFFFFFFFFFFFFFFFFFFFFFFFFFFFFFFFFFFFFFFFFFFFFFFFFFFFFFFFFBB
:20E58000FFFFFFFFFFFFFFFFFFFFFFFFFFFFFFFFFFFFFFFFFFFFFFFFFFFFFFFFFFFFFFFF9B
:20E5A000FFFFFFFFFFFFFFFFFFFFFFFFFFFFFFFFFFFFFFFFFFFFFFFFFFFFFFFFFFFFFFFF7B
:20E5C000FFFFFFFFFFFFFFFFFFFFFFFFFFFFFFFFFFFFFFFFFFFFFFFFFFFFFFFFFFFFFFFF5B
:20E5E000FFFFFFFFFFFFFFFFFFFFFFFFFFFFFFFFFFFFFFFFFFFFFFFFFFFFFFFFFFFFFFFF3B
:20E60000FFFFFFFFFFFFFFFFFFFFFFFFFFFFFFFFFFFFFFFFFFFFFFFFFFFFFFFFFFFFFFFF1A
:20E62000FFFFFFFFFFFFFFFFFFFFFFFFFFFFFFFFFFFFFFFFFFFFFFFFFFFFFFFFFFFFFFFFFA
:20E64000FFFFFFFFFFFFFFFFFFFFFFFFFFFFFFFFFFFFFFFFFFFFFFFFFFFFFFFFFFFFFFFFDA
:20E66000FFFFFFFFFFFFFFFFFFFFFFFFFFFFFFFFFFFFFFFFFFFFFFFFFFFFFFFFFFFFFFFFBA
:20E68000FFFFFFFFFFFFFFFFFFFFFFFFFFFFFFFFFFFFFFFFFFFFFFFFFFFFFFFFFFFFFFFF9A
:20E6A000FFFFFFFFFFFFFFFFFFFFFFFFFFFFFFFFFFFFFFFFFFFFFFFFFFFFFFFFFFFFFFFF7A
:20E6C000FFFFFFFFFFFFFFFFFFFFFFFFFFFFFFFFFFFFFFFFFFFFFFFFFFFFFFFFFFFFFFFF5A
:20E6E000FFFFFFFFFFFFFFFFFFFFFFFFFFFFFFFFFFFFFFFFFFFFFFFFFFFFFFFFFFFFFFFF3A
:20E70000FFFFFFFFFFFFFFFFFFFFFFFFFFFFFFFFFFFFFFFFFFFFFFFFFFFFFFFFFFFFFFFF19
:20E72000FFFFFFFFFFFFFFFFFFFFFFFFFFFFFFFFFFFFFFFFFFFFFFFFFFFFFFFFFFFFFFFFF9
:20E74000FFFFFFFFFFFFFFFFFFFFFFFFFFFFFFFFFFFFFFFFFFFFFFFFFFFFFFFFFFFFFFFFD9
:20E76000FFFFFFFFFFFFFFFFFFFFFFFFFFFFFFFFFFFFFFFFFFFFFFFFFFFFFFFFFFFFFFFFB9
:20E78000FFFFFFFFFFFFFFFFFFFFFFFFFFFFFFFFFFFFFFFFFFFFFFFFFFFFFFFFFFFFFFFF99
:20E7A000FFFFFFFFFFFFFFFFFFFFFFFFFFFFFFFFFFFFFFFFFFFFFFFFFFFFFFFFFFFFFFFF79
:20E7C000FFFFFFFFFFFFFFFFFFFFFFFFFFFFFFFFFFFFFFFFFFFFFFFFFFFFFFFFFFFFFFFF59
:20E7E000FFFFFFFFFFFFFFFFFFFFFFFFFFFFFFFFFFFFFFFFFFFFFFFFFFFFFFFFFFFFFFFF39
:20E80000FFFFFFFFFFFFFFFFFFFFFFFFFFFFFFFFFFFFFFFFFFFFFFFFFFFFFFFFFFFFFFFF18
:20E82000FFFFFFFFFFFFFFFFFFFFFFFFFFFFFFFFFFFFFFFFFFFFFFFFFFFFFFFFFFFFFFFFF8
:20E84000FFFFFFFFFFFFFFFFFFFFFFFFFFFFFFFFFFFFFFFFFFFFFFFFFFFFFFFFFFFFFFFFD8
:20E86000FFFFFFFFFFFFFFFFFFFFFFFFFFFFFFFFFFFFFFFFFFFFFFFFFFFFFFFFFFFFFFFFB8
:20E88000FFFFFFFFFFFFFFFFFFFFFFFFFFFFFFFFFFFFFFFFFFFFFFFFFFFFFFFFFFFFFFFF98
:20E8A000FFFFFFFFFFFFFFFFFFFFFFFFFFFFFFFFFFFFFFFFFFFFFFFFFFFFFFFFFFFFFFFF78
:20E8C000FFFFFFFFFFFFFFFFFFFFFFFFFFFFFFFFFFFFFFFFFFFFFFFFFFFFFFFFFFFFFFFF58
:20E8E000FFFFFFFFFFFFFFFFFFFFFFFFFFFFFFFFFFFFFFFFFFFFFFFFFFFFFFFFFFFFFFFF38
:20E90000FFFFFFFFFFFFFFFFFFFFFFFFFFFFFFFFFFFFFFFFFFFFFFFFFFFFFFFFFFFFFFFF17
:20E92000FFFFFFFFFFFFFFFFFFFFFFFFFFFFFFFFFFFFFFFFFFFFFFFFFFFFFFFFFFFFFFFFF7
:20E94000FFFFFFFFFFFFFFFFFFFFFFFFFFFFFFFFFFFFFFFFFFFFFFFFFFFFFFFFFFFFFFFFD7
:20E96000FFFFFFFFFFFFFFFFFFFFFFFFFFFFFFFFFFFFFFFFFFFFFFFFFFFFFFFFFFFFFFFFB7
:20E98000FFFFFFFFFFFFFFFFFFFFFFFFFFFFFFFFFFFFFFFFFFFFFFFFFFFFFFFFFFFFFFFF97
:20E9A000FFFFFFFFFFFFFFFFFFFFFFFFFFFFFFFFFFFFFFFFFFFFFFFFFFFFFFFFFFFFFFFF77
:20E9C000FFFFFFFFFFFFFFFFFFFFFFFFFFFFFFFFFFFFFFFFFFFFFFFFFFFFFFFFFFFFFFFF57
:20E9E000FFFFFFFFFFFFFFFFFFFFFFFFFFFFFFFFFFFFFFFFFFFFFFFFFFFFFFFFFFFFFFFF37
:20EA0000FFFFFFFFFFFFFFFFFFFFFFFFFFFFFFFFFFFFFFFFFFFFFFFFFFFFFFFFFFFFFFFF16
:20EA2000FFFFFFFFFFFFFFFFFFFFFFFFFFFFFFFFFFFFFFFFFFFFFFFFFFFFFFFFFFFFFFFFF6
:20EA4000FFFFFFFFFFFFFFFFFFFFFFFFFFFFFFFFFFFFFFFFFFFFFFFFFFFFFFFFFFFFFFFFD6
:20EA6000FFFFFFFFFFFFFFFFFFFFFFFFFFFFFFFFFFFFFFFFFFFFFFFFFFFFFFFFFFFFFFFFB6
:20EA8000FFFFFFFFFFFFFFFFFFFFFFFFFFFFFFFFFFFFFFFFFFFFFFFFFFFFFFFFFFFFFFFF96
:20EAA000FFFFFFFFFFFFFFFFFFFFFFFFFFFFFFFFFFFFFFFFFFFFFFFFFFFFFFFFFFFFFFFF76
:20EAC000FFFFFFFFFFFFFFFFFFFFFFFFFFFFFFFFFFFFFFFFFFFFFFFFFFFFFFFFFFFFFFFF56
:20EAE000FFFFFFFFFFFFFFFFFFFFFFFFFFFFFFFFFFFFFFFFFFFFFFFFFFFFFFFFFFFFFFFF36
:20EB0000FFFFFFFFFFFFFFFFFFFFFFFFFFFFFFFFFFFFFFFFFFFFFFFFFFFFFFFFFFFFFFFF15
:20EB2000FFFFFFFFFFFFFFFFFFFFFFFFFFFFFFFFFFFFFFFFFFFFFFFFFFFFFFFFFFFFFFFFF5
:20EB4000FFFFFFFFFFFFFFFFFFFFFFFFFFFFFFFFFFFFFFFFFFFFFFFFFFFFFFFFFFFFFFFFD5
:20EB6000FFFFFFFFFFFFFFFFFFFFFFFFFFFFFFFFFFFFFFFFFFFFFFFFFFFFFFFFFFFFFFFFB5
:20EB8000FFFFFFFFFFFFFFFFFFFFFFFFFFFFFFFFFFFFFFFFFFFFFFFFFFFFFFFFFFFFFFFF95
:20EBA000FFFFFFFFFFFFFFFFFFFFFFFFFFFFFFFFFFFFFFFFFFFFFFFFFFFFFFFFFFFFFFFF75
:20EBC000FFFFFFFFFFFFFFFFFFFFFFFFFFFFFFFFFFFFFFFFFFFFFFFFFFFFFFFFFFFFFFFF55
:20EBE000FFFFFFFFFFFFFFFFFFFFFFFFFFFFFFFFFFFFFFFFFFFFFFFFFFFFFFFFFFFFFFFF35
:20EC0000FFFFFFFFFFFFFFFFFFFFFFFFFFFFFFFFFFFFFFFFFFFFFFFFFFFFFFFFFFFFFFFF14
:20EC2000FFFFFFFFFFFFFFFFFFFFFFFFFFFFFFFFFFFFFFFFFFFFFFFFFFFFFFFFFFFFFFFFF4
:20EC4000FFFFFFFFFFFFFFFFFFFFFFFFFFFFFFFFFFFFFFFFFFFFFFFFFFFFFFFFFFFFFFFFD4
:20EC6000FFFFFFFFFFFFFFFFFFFFFFFFFFFFFFFFFFFFFFFFFFFFFFFFFFFFFFFFFFFFFFFFB4
:20EC8000FFFFFFFFFFFFFFFFFFFFFFFFFFFFFFFFFFFFFFFFFFFFFFFFFFFFFFFFFFFFFFFF94
:20ECA000FFFFFFFFFFFFFFFFFFFFFFFFFFFFFFFFFFFFFFFFFFFFFFFFFFFFFFFFFFFFFFFF74
:20ECC000FFFFFFFFFFFFFFFFFFFFFFFFFFFFFFFFFFFFFFFFFFFFFFFFFFFFFFFFFFFFFFFF54
:20ECE000FFFFFFFFFFFFFFFFFFFFFFFFFFFFFFFFFFFFFFFFFFFFFFFFFFFFFFFFFFFFFFFF34
:20ED0000FFFFFFFFFFFFFFFFFFFFFFFFFFFFFFFFFFFFFFFFFFFFFFFFFFFFFFFFFFFFFFFF13
:20ED2000FFFFFFFFFFFFFFFFFFFFFFFFFFFFFFFFFFFFFFFFFFFFFFFFFFFFFFFFFFFFFFFFF3
:20ED4000FFFFFFFFFFFFFFFFFFFFFFFFFFFFFFFFFFFFFFFFFFFFFFFFFFFFFFFFFFFFFFFFD3
:20ED6000FFFFFFFFFFFFFFFFFFFFFFFFFFFFFFFFFFFFFFFFFFFFFFFFFFFFFFFFFFFFFFFFB3
:20ED8000FFFFFFFFFFFFFFFFFFFFFFFFFFFFFFFFFFFFFFFFFFFFFFFFFFFFFFFFFFFFFFFF93
:20EDA000FFFFFFFFFFFFFFFFFFFFFFFFFFFFFFFFFFFFFFFFFFFFFFFFFFFFFFFFFFFFFFFF73
:20EDC000FFFFFFFFFFFFFFFFFFFFFFFFFFFFFFFFFFFFFFFFFFFFFFFFFFFFFFFFFFFFFFFF53
:20EDE000FFFFFFFFFFFFFFFFFFFFFFFFFFFFFFFFFFFFFFFFFFFFFFFFFFFFFFFFFFFFFFFF33
:20EE0000FFFFFFFFFFFFFFFFFFFFFFFFFFFFFFFFFFFFFFFFFFFFFFFFFFFFFFFFFFFFFFFF12
:20EE2000FFFFFFFFFFFFFFFFFFFFFFFFFFFFFFFFFFFFFFFFFFFFFFFFFFFFFFFFFFFFFFFFF2
:20EE4000FFFFFFFFFFFFFFFFFFFFFFFFFFFFFFFFFFFFFFFFFFFFFFFFFFFFFFFFFFFFFFFFD2
:20EE6000FFFFFFFFFFFFFFFFFFFFFFFFFFFFFFFFFFFFFFFFFFFFFFFFFFFFFFFFFFFFFFFFB2
:20EE8000FFFFFFFFFFFFFFFFFFFFFFFFFFFFFFFFFFFFFFFFFFFFFFFFFFFFFFFFFFFFFFFF92
:20EEA000FFFFFFFFFFFFFFFFFFFFFFFFFFFFFFFFFFFFFFFFFFFFFFFFFFFFFFFFFFFFFFFF72
:20EEC000FFFFFFFFFFFFFFFFFFFFFFFFFFFFFFFFFFFFFFFFFFFFFFFFFFFFFFFFFFFFFFFF52
:20EEE000FFFFFFFFFFFFFFFFFFFFFFFFFFFFFFFFFFFFFFFFFFFFFFFFFFFFFFFFFFFFFFFF32
:20EF0000FFFFFFFFFFFFFFFFFFFFFFFFFFFFFFFFFFFFFFFFFFFFFFFFFFFFFFFFFFFFFFFF11
:20EF2000FFFFFFFFFFFFFFFFFFFFFFFFFFFFFFFFFFFFFFFFFFFFFFFFFFFFFFFFFFFFFFFFF1
:20EF4000FFFFFFFFFFFFFFFFFFFFFFFFFFFFFFFFFFFFFFFFFFFFFFFFFFFFFFFFFFFFFFFFD1
:20EF6000FFFFFFFFFFFFFFFFFFFFFFFFFFFFFFFFFFFFFFFFFFFFFFFFFFFFFFFFFFFFFFFFB1
:20EF8000FFFFFFFFFFFFFFFFFFFFFFFFFFFFFFFFFFFFFFFFFFFFFFFFFFFFFFFFFFFFFFFF91
:20EFA000FFFFFFFFFFFFFFFFFFFFFFFFFFFFFFFFFFFFFFFFFFFFFFFFFFFFFFFFFFFFFFFF71
:20EFC000FFFFFFFFFFFFFFFFFFFFFFFFFFFFFFFFFFFFFFFFFFFFFFFFFFFFFFFFFFFFFFFF51
:20EFE000FFFFFFFFFFFFFFFFFFFFFFFFFFFFFFFFFFFFFFFFFFFFFFFFFFFFFFFFFFFFFFFF31
:20F00000FFFFFFFFFFFFFFFFFFFFFFFFFFFFFFFFFFFFFFFFFFFFFFFFFFFFFFFFFFFFFFFF10
:20F02000FFFFFFFFFFFFFFFFFFFFFFFFFFFFFFFFFFFFFFFFFFFFFFFFFFFFFFFFFFFFFFFFF0
:20F04000FFFFFFFFFFFFFFFFFFFFFFFFFFFFFFFFFFFFFFFFFFFFFFFFFFFFFFFFFFFFFFFFD0
:20F06000FFFFFFFFFFFFFFFFFFFFFFFFFFFFFFFFFFFFFFFFFFFFFFFFFFFFFFFFFFFFFFFFB0
:20F08000FFFFFFFFFFFFFFFFFFFFFFFFFFFFFFFFFFFFFFFFFFFFFFFFFFFFFFFFFFFFFFFF90
:20F0A000FFFFFFFFFFFFFFFFFFFFFFFFFFFFFFFFFFFFFFFFFFFFFFFFFFFFFFFFFFFFFFFF70
:20F0C000FFFFFFFFFFFFFFFFFFFFFFFFFFFFFFFFFFFFFFFFFFFFFFFFFFFFFFFFFFFFFFFF50
:20F0E000FFFFFFFFFFFFFFFFFFFFFFFFFFFFFFFFFFFFFFFFFFFFFFFFFFFFFFFFFFFFFFFF30
:20F10000FFFFFFFFFFFFFFFFFFFFFFFFFFFFFFFFFFFFFFFFFFFFFFFFFFFFFFFFFFFFFFFF0F
:20F12000FFFFFFFFFFFFFFFFFFFFFFFFFFFFFFFFFFFFFFFFFFFFFFFFFFFFFFFFFFFFFFFFEF
:20F14000FFFFFFFFFFFFFFFFFFFFFFFFFFFFFFFFFFFFFFFFFFFFFFFFFFFFFFFFFFFFFFFFCF
:20F16000FFFFFFFFFFFFFFFFFFFFFFFFFFFFFFFFFFFFFFFFFFFFFFFFFFFFFFFFFFFFFFFFAF
:20F18000FFFFFFFFFFFFFFFFFFFFFFFFFFFFFFFFFFFFFFFFFFFFFFFFFFFFFFFFFFFFFFFF8F
:20F1A000FFFFFFFFFFFFFFFFFFFFFFFFFFFFFFFFFFFFFFFFFFFFFFFFFFFFFFFFFFFFFFFF6F
:20F1C000FFFFFFFFFFFFFFFFFFFFFFFFFFFFFFFFFFFFFFFFFFFFFFFFFFFFFFFFFFFFFFFF4F
:20F1E000FFFFFFFFFFFFFFFFFFFFFFFFFFFFFFFFFFFFFFFFFFFFFFFFFFFFFFFFFFFFFFFF2F
:20F20000FFFFFFFFFFFFFFFFFFFFFFFFFFFFFFFFFFFFFFFFFFFFFFFFFFFFFFFFFFFFFFFF0E
:20F22000FFFFFFFFFFFFFFFFFFFFFFFFFFFFFFFFFFFFFFFFFFFFFFFFFFFFFFFFFFFFFFFFEE
:20F24000FFFFFFFFFFFFFFFFFFFFFFFFFFFFFFFFFFFFFFFFFFFFFFFFFFFFFFFFFFFFFFFFCE
:20F26000FFFFFFFFFFFFFFFFFFFFFFFFFFFFFFFFFFFFFFFFFFFFFFFFFFFFFFFFFFFFFFFFAE
:20F28000FFFFFFFFFFFFFFFFFFFFFFFFFFFFFFFFFFFFFFFFFFFFFFFFFFFFFFFFFFFFFFFF8E
:20F2A000FFFFFFFFFFFFFFFFFFFFFFFFFFFFFFFFFFFFFFFFFFFFFFFFFFFFFFFFFFFFFFFF6E
:20F2C000FFFFFFFFFFFFFFFFFFFFFFFFFFFFFFFFFFFFFFFFFFFFFFFFFFFFFFFFFFFFFFFF4E
:20F2E000FFFFFFFFFFFFFFFFFFFFFFFFFFFFFFFFFFFFFFFFFFFFFFFFFFFFFFFFFFFFFFFF2E
:20F30000FFFFFFFFFFFFFFFFFFFFFFFFFFFFFFFFFFFFFFFFFFFFFFFFFFFFFFFFFFFFFFFF0D
:20F32000FFFFFFFFFFFFFFFFFFFFFFFFFFFFFFFFFFFFFFFFFFFFFFFFFFFFFFFFFFFFFFFFED
:20F34000FFFFFFFFFFFFFFFFFFFFFFFFFFFFFFFFFFFFFFFFFFFFFFFFFFFFFFFFFFFFFFFFCD
:20F36000FFFFFFFFFFFFFFFFFFFFFFFFFFFFFFFFFFFFFFFFFFFFFFFFFFFFFFFFFFFFFFFFAD
:20F38000FFFFFFFFFFFFFFFFFFFFFFFFFFFFFFFFFFFFFFFFFFFFFFFFFFFFFFFFFFFFFFFF8D
:20F3A000FFFFFFFFFFFFFFFFFFFFFFFFFFFFFFFFFFFFFFFFFFFFFFFFFFFFFFFFFFFFFFFF6D
:20F3C000FFFFFFFFFFFFFFFFFFFFFFFFFFFFFFFFFFFFFFFFFFFFFFFFFFFFFFFFFFFFFFFF4D
:20F3E000FFFFFFFFFFFFFFFFFFFFFFFFFFFFFFFFFFFFFFFFFFFFFFFFFFFFFFFFFFFFFFFF2D
:20F40000FFFFFFFFFFFFFFFFFFFFFFFFFFFFFFFFFFFFFFFFFFFFFFFFFFFFFFFFFFFFFFFF0C
:20F42000FFFFFFFFFFFFFFFFFFFFFFFFFFFFFFFFFFFFFFFFFFFFFFFFFFFFFFFFFFFFFFFFEC
:20F44000FFFFFFFFFFFFFFFFFFFFFFFFFFFFFFFFFFFFFFFFFFFFFFFFFFFFFFFFFFFFFFFFCC
:20F46000FFFFFFFFFFFFFFFFFFFFFFFFFFFFFFFFFFFFFFFFFFFFFFFFFFFFFFFFFFFFFFFFAC
:20F48000FFFFFFFFFFFFFFFFFFFFFFFFFFFFFFFFFFFFFFFFFFFFFFFFFFFFFFFFFFFFFFFF8C
:20F4A000FFFFFFFFFFFFFFFFFFFFFFFFFFFFFFFFFFFFFFFFFFFFFFFFFFFFFFFFFFFFFFFF6C
:20F4C000FFFFFFFFFFFFFFFFFFFFFFFFFFFFFFFFFFFFFFFFFFFFFFFFFFFFFFFFFFFFFFFF4C
:20F4E000FFFFFFFFFFFFFFFFFFFFFFFFFFFFFFFFFFFFFFFFFFFFFFFFFFFFFFFFFFFFFFFF2C
:20F50000FFFFFFFFFFFFFFFFFFFFFFFFFFFFFFFFFFFFFFFFFFFFFFFFFFFFFFFFFFFFFFFF0B
:20F52000FFFFFFFFFFFFFFFFFFFFFFFFFFFFFFFFFFFFFFFFFFFFFFFFFFFFFFFFFFFFFFFFEB
:20F54000FFFFFFFFFFFFFFFFFFFFFFFFFFFFFFFFFFFFFFFFFFFFFFFFFFFFFFFFFFFFFFFFCB
:20F56000FFFFFFFFFFFFFFFFFFFFFFFFFFFFFFFFFFFFFFFFFFFFFFFFFFFFFFFFFFFFFFFFAB
:20F58000FFFFFFFFFFFFFFFFFFFFFFFFFFFFFFFFFFFFFFFFFFFFFFFFFFFFFFFFFFFFFFFF8B
:20F5A000FFFFFFFFFFFFFFFFFFFFFFFFFFFFFFFFFFFFFFFFFFFFFFFFFFFFFFFFFFFFFFFF6B
:20F5C000FFFFFFFFFFFFFFFFFFFFFFFFFFFFFFFFFFFFFFFFFFFFFFFFFFFFFFFFFFFFFFFF4B
:20F5E000FFFFFFFFFFFFFFFFFFFFFFFFFFFFFFFFFFFFFFFFFFFFFFFFFFFFFFFFFFFFFFFF2B
:20F60000FFFFFFFFFFFFFFFFFFFFFFFFFFFFFFFFFFFFFFFFFFFFFFFFFFFFFFFFFFFFFFFF0A
:20F62000FFFFFFFFFFFFFFFFFFFFFFFFFFFFFFFFFFFFFFFFFFFFFFFFFFFFFFFFFFFFFFFFEA
:20F64000FFFFFFFFFFFFFFFFFFFFFFFFFFFFFFFFFFFFFFFFFFFFFFFFFFFFFFFFFFFFFFFFCA
:20F66000FFFFFFFFFFFFFFFFFFFFFFFFFFFFFFFFFFFFFFFFFFFFFFFFFFFFFFFFFFFFFFFFAA
:20F68000FFFFFFFFFFFFFFFFFFFFFFFFFFFFFFFFFFFFFFFFFFFFFFFFFFFFFFFFFFFFFFFF8A
:20F6A000FFFFFFFFFFFFFFFFFFFFFFFFFFFFFFFFFFFFFFFFFFFFFFFFFFFFFFFFFFFFFFFF6A
:20F6C000FFFFFFFFFFFFFFFFFFFFFFFFFFFFFFFFFFFFFFFFFFFFFFFFFFFFFFFFFFFFFFFF4A
:20F6E000FFFFFFFFFFFFFFFFFFFFFFFFFFFFFFFFFFFFFFFFFFFFFFFFFFFFFFFFFFFFFFFF2A
:20F70000FFFFFFFFFFFFFFFFFFFFFFFFFFFFFFFFFFFFFFFFFFFFFFFFFFFFFFFFFFFFFFFF09
:20F72000FFFFFFFFFFFFFFFFFFFFFFFFFFFFFFFFFFFFFFFFFFFFFFFFFFFFFFFFFFFFFFFFE9
:20F74000FFFFFFFFFFFFFFFFFFFFFFFFFFFFFFFFFFFFFFFFFFFFFFFFFFFFFFFFFFFFFFFFC9
:20F76000FFFFFFFFFFFFFFFFFFFFFFFFFFFFFFFFFFFFFFFFFFFFFFFFFFFFFFFFFFFFFFFFA9
:20F78000FFFFFFFFFFFFFFFFFFFFFFFFFFFFFFFFFFFFFFFFFFFFFFFFFFFFFFFFFFFFFFFF89
:20F7A000FFFFFFFFFFFFFFFFFFFFFFFFFFFFFFFFFFFFFFFFFFFFFFFFFFFFFFFFFFFFFFFF69
:20F7C000FFFFFFFFFFFFFFFFFFFFFFFFFFFFFFFFFFFFFFFFFFFFFFFFFFFFFFFFFFFFFFFF49
:20F7E000FFFFFFFFFFFFFFFFFFFFFFFFFFFFFFFFFFFFFFFFFFFFFFFFFFFFFFFFFFFFFFFF29
:20F80000FFFFFFFFFFFFFFFFFFFFFFFFFFFFFFFFFFFFFFFFFFFFFFFFFFFFFFFFFFFFFFFF08
:20F82000FFFFFFFFFFFFFFFFFFFFFFFFFFFFFFFFFFFFFFFFFFFFFFFFFFFFFFFFFFFFFFFFE8
:20F84000FFFFFFFFFFFFFFFFFFFFFFFFFFFFFFFFFFFFFFFFFFFFFFFFFFFFFFFFFFFFFFFFC8
:20F86000FFFFFFFFFFFFFFFFFFFFFFFFFFFFFFFFFFFFFFFFFFFFFFFFFFFFFFFFFFFFFFFFA8
:20F88000FFFFFFFFFFFFFFFFFFFFFFFFFFFFFFFFFFFFFFFFFFFFFFFFFFFFFFFFFFFFFFFF88
:20F8A000FFFFFFFFFFFFFFFFFFFFFFFFFFFFFFFFFFFFFFFFFFFFFFFFFFFFFFFFFFFFFFFF68
:20F8C000FFFFFFFFFFFFFFFFFFFFFFFFFFFFFFFFFFFFFFFFFFFFFFFFFFFFFFFFFFFFFFFF48
:20F8E000FFFFFFFFFFFFFFFFFFFFFFFFFFFFFFFFFFFFFFFFFFFFFFFFFFFFFFFFFFFFFFFF28
:20F90000FFFFFFFFFFFFFFFFFFFFFFFFFFFFFFFFFFFFFFFFFFFFFFFFFFFFFFFFFFFFFFFF07
:20F92000FFFFFFFFFFFFFFFFFFFFFFFFFFFFFFFFFFFFFFFFFFFFFFFFFFFFFFFFFFFFFFFFE7
:20F94000FFFFFFFFFFFFFFFFFFFFFFFFFFFFFFFFFFFFFFFFFFFFFFFFFFFFFFFFFFFFFFFFC7
:20F96000FFFFFFFFFFFFFFFFFFFFFFFFFFFFFFFFFFFFFFFFFFFFFFFFFFFFFFFFFFFFFFFFA7
:20F98000FFFFFFFFFFFFFFFFFFFFFFFFFFFFFFFFFFFFFFFFFFFFFFFFFFFFFFFFFFFFFFFF87
:20F9A000FFFFFFFFFFFFFFFFFFFFFFFFFFFFFFFFFFFFFFFFFFFFFFFFFFFFFFFFFFFFFFFF67
:20F9C000FFFFFFFFFFFFFFFFFFFFFFFFFFFFFFFFFFFFFFFFFFFFFFFFFFFFFFFFFFFFFFFF47
:20F9E000FFFFFFFFFFFFFFFFFFFFFFFFFFFFFFFFFFFFFFFFFFFFFFFFFFFFFFFFFFFFFFFF27
:20FA0000FFFFFFFFFFFFFFFFFFFFFFFFFFFFFFFFFFFFFFFFFFFFFFFFFFFFFFFFFFFFFFFF06
:20FA2000FFFFFFFFFFFFFFFFFFFFFFFFFFFFFFFFFFFFFFFFFFFFFFFFFFFFFFFFFFFFFFFFE6
:20FA4000FFFFFFFFFFFFFFFFFFFFFFFFFFFFFFFFFFFFFFFFFFFFFFFFFFFFFFFFFFFFFFFFC6
:20FA6000FFFFFFFFFFFFFFFFFFFFFFFFFFFFFFFFFFFFFFFFFFFFFFFFFFFFFFFFFFFFFFFFA6
:20FA8000FFFFFFFFFFFFFFFFFFFFFFFFFFFFFFFFFFFFFFFFFFFFFFFFFFFFFFFFFFFFFFFF86
:20FAA000FFFFFFFFFFFFFFFFFFFFFFFFFFFFFFFFFFFFFFFFFFFFFFFFFFFFFFFFFFFFFFFF66
:20FAC000FFFFFFFFFFFFFFFFFFFFFFFFFFFFFFFFFFFFFFFFFFFFFFFFFFFFFFFFFFFFFFFF46
:20FAE000FFFFFFFFFFFFFFFFFFFFFFFFFFFFFFFFFFFFFFFFFFFFFFFFFFFFFFFFFFFFFFFF26
:20FB0000FFFFFFFFFFFFFFFFFFFFFFFFFFFFFFFFFFFFFFFFFFFFFFFFFFFFFFFFFFFFFFFF05
:20FB2000FFFFFFFFFFFFFFFFFFFFFFFFFFFFFFFFFFFFFFFFFFFFFFFFFFFFFFFFFFFFFFFFE5
:20FB4000FFFFFFFFFFFFFFFFFFFFFFFFFFFFFFFFFFFFFFFFFFFFFFFFFFFFFFFFFFFFFFFFC5
:20FB6000FFFFFFFFFFFFFFFFFFFFFFFFFFFFFFFFFFFFFFFFFFFFFFFFFFFFFFFFFFFFFFFFA5
:20FB8000FFFFFFFFFFFFFFFFFFFFFFFFFFFFFFFFFFFFFFFFFFFFFFFFFFFFFFFFFFFFFFFF85
:20FBA000FFFFFFFFFFFFFFFFFFFFFFFFFFFFFFFFFFFFFFFFFFFFFFFFFFFFFFFFFFFFFFFF65
:20FBC000FFFFFFFFFFFFFFFFFFFFFFFFFFFFFFFFFFFFFFFFFFFFFFFFFFFFFFFFFFFFFFFF45
:20FBE000FFFFFFFFFFFFFFFFFFFFFFFFFFFFFFFFFFFFFFFFFFFFFFFFFFFFFFFFFFFFFFFF25
:20FC0000FFFFFFFFFFFFFFFFFFFFFFFFFFFFFFFFFFFFFFFFFFFFFFFFFFFFFFFFFFFFFFFF04
:20FC2000FFFFFFFFFFFFFFFFFFFFFFFFFFFFFFFFFFFFFFFFFFFFFFFFFFFFFFFFFFFFFFFFE4
:20FC4000FFFFFFFFFFFFFFFFFFFFFFFFFFFFFFFFFFFFFFFFFFFFFFFFFFFFFFFFFFFFFFFFC4
:20FC6000FFFFFFFFFFFFFFFFFFFFFFFFFFFFFFFFFFFFFFFFFFFFFFFFFFFFFFFFFFFFFFFFA4
:20FC8000FFFFFFFFFFFFFFFFFFFFFFFFFFFFFFFFFFFFFFFFFFFFFFFFFFFFFFFFFFFFFFFF84
:20FCA000FFFFFFFFFFFFFFFFFFFFFFFFFFFFFFFFFFFFFFFFFFFFFFFFFFFFFFFFFFFFFFFF64
:20FCC000FFFFFFFFFFFFFFFFFFFFFFFFFFFFFFFFFFFFFFFFFFFFFFFFFFFFFFFFFFFFFFFF44
:20FCE000FFFFFFFFFFFFFFFFFFFFFFFFFFFFFFFFFFFFFFFFFFFFFFFFFFFFFFFFFFFFFFFF24
:20FD0000FFFFFFFFFFFFFFFFFFFFFFFFFFFFFFFFFFFFFFFFFFFFFFFFFFFFFFFFFFFFFFFF03
:20FD2000FFFFFFFFFFFFFFFFFFFFFFFFFFFFFFFFFFFFFFFFFFFFFFFFFFFFFFFFFFFFFFFFE3
:20FD4000FFFFFFFFFFFFFFFFFFFFFFFFFFFFFFFFFFFFFFFFFFFFFFFFFFFFFFFFFFFFFFFFC3
:20FD6000FFFFFFFFFFFFFFFFFFFFFFFFFFFFFFFFFFFFFFFFFFFFFFFFFFFFFFFFFFFFFFFFA3
:20FD8000FFFFFFFFFFFFFFFFFFFFFFFFFFFFFFFFFFFFFFFFFFFFFFFFFFFFFFFFFFFFFFFF83
:20FDA000FFFFFFFFFFFFFFFFFFFFFFFFFFFFFFFFFFFFFFFFFFFFFFFFFFFFFFFFFFFFFFFF63
:20FDC000FFFFFFFFFFFFFFFFFFFFFFFFFFFFFFFFFFFFFFFFFFFFFFFFFFFFFFFFFFFFFFFF43
:20FDE000FFFFFFFFFFFFFFFFFFFFFFFFFFFFFFFFFFFFFFFFFFFFFFFFFFFFFFFFFFFFFFFF23
:20FE0000FFFFFFFFFFFFFFFFFFFFFFFFFFFFFFFFFFFFFFFFFFFFFFFFFFFFFFFFFFFFFFFF02
:20FE2000FFFFFFFFFFFFFFFFFFFFFFFFFFFFFFFFFFFFFFFFFFFFFFFFFFFFFFFFFFFFFFFFE2
:20FE4000FFFFFFFFFFFFFFFFFFFFFFFFFFFFFFFFFFFFFFFFFFFFFFFFFFFFFFFFFFFFFFFFC2
:20FE6000FFFFFFFFFFFFFFFFFFFFFFFFFFFFFFFFFFFFFFFFFFFFFFFFFFFFFFFFFFFFFFFFA2
:20FE8000FFFFFFFFFFFFFFFFFFFFFFFFFFFFFFFFFFFFFFFFFFFFFFFFFFFFFFFFFFFFFFFF82
:20FEA000FFFFFFFFFFFFFFFFFFFFFFFFFFFFFFFFFFFFFFFFFFFFFFFFFFFFFFFFFFFFFFFF62
:20FEC000FFFFFFFFFFFFFFFFFFFFFFFFFFFFFFFFFFFFFFFFFFFFFFFFFFFFFFFFFFFFFFFF42
:20FEE000FFFFFFFFFFFFFFFFFFFFFFFFFFFFFFFFFFFFFFFFFFFFFFFFFFFFFFFFFFFFFFFF22
:20FF0000FFFFFFFFFFFFFFFFFFFFFFFFFFFFFFFFFFFFFFFFFFFFFFFFFFFFFFFFFFFFFFFF01
:20FF2000FFFFFFFFFFFFFFFFFFFFFFFFFFFFFFFFFFFFFFFFFFFFFFFFFFFFFFFFFFFFFFFFE1
:20FF4000FFFFFFFFFFFFFFFFFFFFFFFFFFFFFFFFFFFFFFFFFFFFFFFFFFFFFFFFFFFFFFFFC1
:20FF6000FFFFFFFFFFFFFFFFFFFFFFFFFFFFFFFFFFFFFFFFFFFFFFFFFFFFFFFFFFFFFFFFA1
:20FF8000FFFFFFFFFFFFFFFFFFFFFFFFFFFFFFFFFFFFFFFFFFFFFFFFFFFFFFFFFFFFFFFF81
:20FFA000FFFFFFFFFFFFFFFFFFFFFFFFFFFFFFFFFFFFFFFFFFFFFFFFFFFFFFFFFFFFFFFF61
:20FFC000FFFFFFFFFFFFFFFFFFFFFFFFFFFFFFFFFFFFFFFFFFFFFFFFFFFFFFFFFFFFFFFF41
:20FFE000FFFFFFFFFFFFFFFFFFFFFFFFFFFFFFFFFFFFFFFFFFFFFFFFFFFFFFFFFFFFFFFF21
:020000040003F7
:20000000FFFFFFFFFFFFFFFFFFFFFFFFFFFFFFFFFFFFFFFFFFFFFFFFFFFFFFFFFFFFFFFF00
:20002000FFFFFFFFFFFFFFFFFFFFFFFFFFFFFFFFFFFFFFFFFFFFFFFFFFFFFFFFFFFFFFFFE0
:20004000FFFFFFFFFFFFFFFFFFFFFFFFFFFFFFFFFFFFFFFFFFFFFFFFFFFFFFFFFFFFFFFFC0
:20006000FFFFFFFFFFFFFFFFFFFFFFFFFFFFFFFFFFFFFFFFFFFFFFFFFFFFFFFFFFFFFFFFA0
:20008000FFFFFFFFFFFFFFFFFFFFFFFFFFFFFFFFFFFFFFFFFFFFFFFFFFFFFFFFFFFFFFFF80
:2000A000FFFFFFFFFFFFFFFFFFFFFFFFFFFFFFFFFFFFFFFFFFFFFFFFFFFFFFFFFFFFFFFF60
:2000C000FFFFFFFFFFFFFFFFFFFFFFFFFFFFFFFFFFFFFFFFFFFFFFFFFFFFFFFFFFFFFFFF40
:2000E000FFFFFFFFFFFFFFFFFFFFFFFFFFFFFFFFFFFFFFFFFFFFFFFFFFFFFFFFFFFFFFFF20
:20010000FFFFFFFFFFFFFFFFFFFFFFFFFFFFFFFFFFFFFFFFFFFFFFFFFFFFFFFFFFFFFFFFFF
:20012000FFFFFFFFFFFFFFFFFFFFFFFFFFFFFFFFFFFFFFFFFFFFFFFFFFFFFFFFFFFFFFFFDF
:20014000FFFFFFFFFFFFFFFFFFFFFFFFFFFFFFFFFFFFFFFFFFFFFFFFFFFFFFFFFFFFFFFFBF
:20016000FFFFFFFFFFFFFFFFFFFFFFFFFFFFFFFFFFFFFFFFFFFFFFFFFFFFFFFFFFFFFFFF9F
:20018000FFFFFFFFFFFFFFFFFFFFFFFFFFFFFFFFFFFFFFFFFFFFFFFFFFFFFFFFFFFFFFFF7F
:2001A000FFFFFFFFFFFFFFFFFFFFFFFFFFFFFFFFFFFFFFFFFFFFFFFFFFFFFFFFFFFFFFFF5F
:2001C000FFFFFFFFFFFFFFFFFFFFFFFFFFFFFFFFFFFFFFFFFFFFFFFFFFFFFFFFFFFFFFFF3F
:2001E000FFFFFFFFFFFFFFFFFFFFFFFFFFFFFFFFFFFFFFFFFFFFFFFFFFFFFFFFFFFFFFFF1F
:20020000FFFFFFFFFFFFFFFFFFFFFFFFFFFFFFFFFFFFFFFFFFFFFFFFFFFFFFFFFFFFFFFFFE
:20022000FFFFFFFFFFFFFFFFFFFFFFFFFFFFFFFFFFFFFFFFFFFFFFFFFFFFFFFFFFFFFFFFDE
:20024000FFFFFFFFFFFFFFFFFFFFFFFFFFFFFFFFFFFFFFFFFFFFFFFFFFFFFFFFFFFFFFFFBE
:20026000FFFFFFFFFFFFFFFFFFFFFFFFFFFFFFFFFFFFFFFFFFFFFFFFFFFFFFFFFFFFFFFF9E
:20028000FFFFFFFFFFFFFFFFFFFFFFFFFFFFFFFFFFFFFFFFFFFFFFFFFFFFFFFFFFFFFFFF7E
:2002A000FFFFFFFFFFFFFFFFFFFFFFFFFFFFFFFFFFFFFFFFFFFFFFFFFFFFFFFFFFFFFFFF5E
:2002C000FFFFFFFFFFFFFFFFFFFFFFFFFFFFFFFFFFFFFFFFFFFFFFFFFFFFFFFFFFFFFFFF3E
:2002E000FFFFFFFFFFFFFFFFFFFFFFFFFFFFFFFFFFFFFFFFFFFFFFFFFFFFFFFFFFFFFFFF1E
:20030000FFFFFFFFFFFFFFFFFFFFFFFFFFFFFFFFFFFFFFFFFFFFFFFFFFFFFFFFFFFFFFFFFD
:20032000FFFFFFFFFFFFFFFFFFFFFFFFFFFFFFFFFFFFFFFFFFFFFFFFFFFFFFFFFFFFFFFFDD
:20034000FFFFFFFFFFFFFFFFFFFFFFFFFFFFFFFFFFFFFFFFFFFFFFFFFFFFFFFFFFFFFFFFBD
:20036000FFFFFFFFFFFFFFFFFFFFFFFFFFFFFFFFFFFFFFFFFFFFFFFFFFFFFFFFFFFFFFFF9D
:20038000FFFFFFFFFFFFFFFFFFFFFFFFFFFFFFFFFFFFFFFFFFFFFFFFFFFFFFFFFFFFFFFF7D
:2003A000FFFFFFFFFFFFFFFFFFFFFFFFFFFFFFFFFFFFFFFFFFFFFFFFFFFFFFFFFFFFFFFF5D
:2003C000FFFFFFFFFFFFFFFFFFFFFFFFFFFFFFFFFFFFFFFFFFFFFFFFFFFFFFFFFFFFFFFF3D
:2003E000FFFFFFFFFFFFFFFFFFFFFFFFFFFFFFFFFFFFFFFFFFFFFFFFFFFFFFFFFFFFFFFF1D
:20040000FFFFFFFFFFFFFFFFFFFFFFFFFFFFFFFFFFFFFFFFFFFFFFFFFFFFFFFFFFFFFFFFFC
:20042000FFFFFFFFFFFFFFFFFFFFFFFFFFFFFFFFFFFFFFFFFFFFFFFFFFFFFFFFFFFFFFFFDC
:20044000FFFFFFFFFFFFFFFFFFFFFFFFFFFFFFFFFFFFFFFFFFFFFFFFFFFFFFFFFFFFFFFFBC
:20046000FFFFFFFFFFFFFFFFFFFFFFFFFFFFFFFFFFFFFFFFFFFFFFFFFFFFFFFFFFFFFFFF9C
:20048000FFFFFFFFFFFFFFFFFFFFFFFFFFFFFFFFFFFFFFFFFFFFFFFFFFFFFFFFFFFFFFFF7C
:2004A000FFFFFFFFFFFFFFFFFFFFFFFFFFFFFFFFFFFFFFFFFFFFFFFFFFFFFFFFFFFFFFFF5C
:2004C000FFFFFFFFFFFFFFFFFFFFFFFFFFFFFFFFFFFFFFFFFFFFFFFFFFFFFFFFFFFFFFFF3C
:2004E000FFFFFFFFFFFFFFFFFFFFFFFFFFFFFFFFFFFFFFFFFFFFFFFFFFFFFFFFFFFFFFFF1C
:20050000FFFFFFFFFFFFFFFFFFFFFFFFFFFFFFFFFFFFFFFFFFFFFFFFFFFFFFFFFFFFFFFFFB
:20052000FFFFFFFFFFFFFFFFFFFFFFFFFFFFFFFFFFFFFFFFFFFFFFFFFFFFFFFFFFFFFFFFDB
:20054000FFFFFFFFFFFFFFFFFFFFFFFFFFFFFFFFFFFFFFFFFFFFFFFFFFFFFFFFFFFFFFFFBB
:20056000FFFFFFFFFFFFFFFFFFFFFFFFFFFFFFFFFFFFFFFFFFFFFFFFFFFFFFFFFFFFFFFF9B
:20058000FFFFFFFFFFFFFFFFFFFFFFFFFFFFFFFFFFFFFFFFFFFFFFFFFFFFFFFFFFFFFFFF7B
:2005A000FFFFFFFFFFFFFFFFFFFFFFFFFFFFFFFFFFFFFFFFFFFFFFFFFFFFFFFFFFFFFFFF5B
:2005C000FFFFFFFFFFFFFFFFFFFFFFFFFFFFFFFFFFFFFFFFFFFFFFFFFFFFFFFFFFFFFFFF3B
:2005E000FFFFFFFFFFFFFFFFFFFFFFFFFFFFFFFFFFFFFFFFFFFFFFFFFFFFFFFFFFFFFFFF1B
:20060000FFFFFFFFFFFFFFFFFFFFFFFFFFFFFFFFFFFFFFFFFFFFFFFFFFFFFFFFFFFFFFFFFA
:20062000FFFFFFFFFFFFFFFFFFFFFFFFFFFFFFFFFFFFFFFFFFFFFFFFFFFFFFFFFFFFFFFFDA
:20064000FFFFFFFFFFFFFFFFFFFFFFFFFFFFFFFFFFFFFFFFFFFFFFFFFFFFFFFFFFFFFFFFBA
:20066000FFFFFFFFFFFFFFFFFFFFFFFFFFFFFFFFFFFFFFFFFFFFFFFFFFFFFFFFFFFFFFFF9A
:20068000FFFFFFFFFFFFFFFFFFFFFFFFFFFFFFFFFFFFFFFFFFFFFFFFFFFFFFFFFFFFFFFF7A
:2006A000FFFFFFFFFFFFFFFFFFFFFFFFFFFFFFFFFFFFFFFFFFFFFFFFFFFFFFFFFFFFFFFF5A
:2006C000FFFFFFFFFFFFFFFFFFFFFFFFFFFFFFFFFFFFFFFFFFFFFFFFFFFFFFFFFFFFFFFF3A
:2006E000FFFFFFFFFFFFFFFFFFFFFFFFFFFFFFFFFFFFFFFFFFFFFFFFFFFFFFFFFFFFFFFF1A
:20070000FFFFFFFFFFFFFFFFFFFFFFFFFFFFFFFFFFFFFFFFFFFFFFFFFFFFFFFFFFFFFFFFF9
:20072000FFFFFFFFFFFFFFFFFFFFFFFFFFFFFFFFFFFFFFFFFFFFFFFFFFFFFFFFFFFFFFFFD9
:20074000FFFFFFFFFFFFFFFFFFFFFFFFFFFFFFFFFFFFFFFFFFFFFFFFFFFFFFFFFFFFFFFFB9
:20076000FFFFFFFFFFFFFFFFFFFFFFFFFFFFFFFFFFFFFFFFFFFFFFFFFFFFFFFFFFFFFFFF99
:20078000FFFFFFFFFFFFFFFFFFFFFFFFFFFFFFFFFFFFFFFFFFFFFFFFFFFFFFFFFFFFFFFF79
:2007A000FFFFFFFFFFFFFFFFFFFFFFFFFFFFFFFFFFFFFFFFFFFFFFFFFFFFFFFFFFFFFFFF59
:2007C000FFFFFFFFFFFFFFFFFFFFFFFFFFFFFFFFFFFFFFFFFFFFFFFFFFFFFFFFFFFFFFFF39
:2007E000FFFFFFFFFFFFFFFFFFFFFFFFFFFFFFFFFFFFFFFFFFFFFFFFFFFFFFFFFFFFFFFF19
:20080000FFFFFFFFFFFFFFFFFFFFFFFFFFFFFFFFFFFFFFFFFFFFFFFFFFFFFFFFFFFFFFFFF8
:20082000FFFFFFFFFFFFFFFFFFFFFFFFFFFFFFFFFFFFFFFFFFFFFFFFFFFFFFFFFFFFFFFFD8
:20084000FFFFFFFFFFFFFFFFFFFFFFFFFFFFFFFFFFFFFFFFFFFFFFFFFFFFFFFFFFFFFFFFB8
:20086000FFFFFFFFFFFFFFFFFFFFFFFFFFFFFFFFFFFFFFFFFFFFFFFFFFFFFFFFFFFFFFFF98
:20088000FFFFFFFFFFFFFFFFFFFFFFFFFFFFFFFFFFFFFFFFFFFFFFFFFFFFFFFFFFFFFFFF78
:2008A000FFFFFFFFFFFFFFFFFFFFFFFFFFFFFFFFFFFFFFFFFFFFFFFFFFFFFFFFFFFFFFFF58
:2008C000FFFFFFFFFFFFFFFFFFFFFFFFFFFFFFFFFFFFFFFFFFFFFFFFFFFFFFFFFFFFFFFF38
:2008E000FFFFFFFFFFFFFFFFFFFFFFFFFFFFFFFFFFFFFFFFFFFFFFFFFFFFFFFFFFFFFFFF18
:20090000FFFFFFFFFFFFFFFFFFFFFFFFFFFFFFFFFFFFFFFFFFFFFFFFFFFFFFFFFFFFFFFFF7
:20092000FFFFFFFFFFFFFFFFFFFFFFFFFFFFFFFFFFFFFFFFFFFFFFFFFFFFFFFFFFFFFFFFD7
:20094000FFFFFFFFFFFFFFFFFFFFFFFFFFFFFFFFFFFFFFFFFFFFFFFFFFFFFFFFFFFFFFFFB7
:20096000FFFFFFFFFFFFFFFFFFFFFFFFFFFFFFFFFFFFFFFFFFFFFFFFFFFFFFFFFFFFFFFF97
:20098000FFFFFFFFFFFFFFFFFFFFFFFFFFFFFFFFFFFFFFFFFFFFFFFFFFFFFFFFFFFFFFFF77
:2009A000FFFFFFFFFFFFFFFFFFFFFFFFFFFFFFFFFFFFFFFFFFFFFFFFFFFFFFFFFFFFFFFF57
:2009C000FFFFFFFFFFFFFFFFFFFFFFFFFFFFFFFFFFFFFFFFFFFFFFFFFFFFFFFFFFFFFFFF37
:2009E000FFFFFFFFFFFFFFFFFFFFFFFFFFFFFFFFFFFFFFFFFFFFFFFFFFFFFFFFFFFFFFFF17
:200A0000FFFFFFFFFFFFFFFFFFFFFFFFFFFFFFFFFFFFFFFFFFFFFFFFFFFFFFFFFFFFFFFFF6
:200A2000FFFFFFFFFFFFFFFFFFFFFFFFFFFFFFFFFFFFFFFFFFFFFFFFFFFFFFFFFFFFFFFFD6
:200A4000FFFFFFFFFFFFFFFFFFFFFFFFFFFFFFFFFFFFFFFFFFFFFFFFFFFFFFFFFFFFFFFFB6
:200A6000FFFFFFFFFFFFFFFFFFFFFFFFFFFFFFFFFFFFFFFFFFFFFFFFFFFFFFFFFFFFFFFF96
:200A8000FFFFFFFFFFFFFFFFFFFFFFFFFFFFFFFFFFFFFFFFFFFFFFFFFFFFFFFFFFFFFFFF76
:200AA000FFFFFFFFFFFFFFFFFFFFFFFFFFFFFFFFFFFFFFFFFFFFFFFFFFFFFFFFFFFFFFFF56
:200AC000FFFFFFFFFFFFFFFFFFFFFFFFFFFFFFFFFFFFFFFFFFFFFFFFFFFFFFFFFFFFFFFF36
:200AE000FFFFFFFFFFFFFFFFFFFFFFFFFFFFFFFFFFFFFFFFFFFFFFFFFFFFFFFFFFFFFFFF16
:200B0000FFFFFFFFFFFFFFFFFFFFFFFFFFFFFFFFFFFFFFFFFFFFFFFFFFFFFFFFFFFFFFFFF5
:200B2000FFFFFFFFFFFFFFFFFFFFFFFFFFFFFFFFFFFFFFFFFFFFFFFFFFFFFFFFFFFFFFFFD5
:200B4000FFFFFFFFFFFFFFFFFFFFFFFFFFFFFFFFFFFFFFFFFFFFFFFFFFFFFFFFFFFFFFFFB5
:200B6000FFFFFFFFFFFFFFFFFFFFFFFFFFFFFFFFFFFFFFFFFFFFFFFFFFFFFFFFFFFFFFFF95
:200B8000FFFFFFFFFFFFFFFFFFFFFFFFFFFFFFFFFFFFFFFFFFFFFFFFFFFFFFFFFFFFFFFF75
:200BA000FFFFFFFFFFFFFFFFFFFFFFFFFFFFFFFFFFFFFFFFFFFFFFFFFFFFFFFFFFFFFFFF55
:200BC000FFFFFFFFFFFFFFFFFFFFFFFFFFFFFFFFFFFFFFFFFFFFFFFFFFFFFFFFFFFFFFFF35
:200BE000FFFFFFFFFFFFFFFFFFFFFFFFFFFFFFFFFFFFFFFFFFFFFFFFFFFFFFFFFFFFFFFF15
:200C0000FFFFFFFFFFFFFFFFFFFFFFFFFFFFFFFFFFFFFFFFFFFFFFFFFFFFFFFFFFFFFFFFF4
:200C2000FFFFFFFFFFFFFFFFFFFFFFFFFFFFFFFFFFFFFFFFFFFFFFFFFFFFFFFFFFFFFFFFD4
:200C4000FFFFFFFFFFFFFFFFFFFFFFFFFFFFFFFFFFFFFFFFFFFFFFFFFFFFFFFFFFFFFFFFB4
:200C6000FFFFFFFFFFFFFFFFFFFFFFFFFFFFFFFFFFFFFFFFFFFFFFFFFFFFFFFFFFFFFFFF94
:200C8000FFFFFFFFFFFFFFFFFFFFFFFFFFFFFFFFFFFFFFFFFFFFFFFFFFFFFFFFFFFFFFFF74
:200CA000FFFFFFFFFFFFFFFFFFFFFFFFFFFFFFFFFFFFFFFFFFFFFFFFFFFFFFFFFFFFFFFF54
:200CC000FFFFFFFFFFFFFFFFFFFFFFFFFFFFFFFFFFFFFFFFFFFFFFFFFFFFFFFFFFFFFFFF34
:200CE000FFFFFFFFFFFFFFFFFFFFFFFFFFFFFFFFFFFFFFFFFFFFFFFFFFFFFFFFFFFFFFFF14
:200D0000FFFFFFFFFFFFFFFFFFFFFFFFFFFFFFFFFFFFFFFFFFFFFFFFFFFFFFFFFFFFFFFFF3
:200D2000FFFFFFFFFFFFFFFFFFFFFFFFFFFFFFFFFFFFFFFFFFFFFFFFFFFFFFFFFFFFFFFFD3
:200D4000FFFFFFFFFFFFFFFFFFFFFFFFFFFFFFFFFFFFFFFFFFFFFFFFFFFFFFFFFFFFFFFFB3
:200D6000FFFFFFFFFFFFFFFFFFFFFFFFFFFFFFFFFFFFFFFFFFFFFFFFFFFFFFFFFFFFFFFF93
:200D8000FFFFFFFFFFFFFFFFFFFFFFFFFFFFFFFFFFFFFFFFFFFFFFFFFFFFFFFFFFFFFFFF73
:200DA000FFFFFFFFFFFFFFFFFFFFFFFFFFFFFFFFFFFFFFFFFFFFFFFFFFFFFFFFFFFFFFFF53
:200DC000FFFFFFFFFFFFFFFFFFFFFFFFFFFFFFFFFFFFFFFFFFFFFFFFFFFFFFFFFFFFFFFF33
:200DE000FFFFFFFFFFFFFFFFFFFFFFFFFFFFFFFFFFFFFFFFFFFFFFFFFFFFFFFFFFFFFFFF13
:200E0000FFFFFFFFFFFFFFFFFFFFFFFFFFFFFFFFFFFFFFFFFFFFFFFFFFFFFFFFFFFFFFFFF2
:200E2000FFFFFFFFFFFFFFFFFFFFFFFFFFFFFFFFFFFFFFFFFFFFFFFFFFFFFFFFFFFFFFFFD2
:200E4000FFFFFFFFFFFFFFFFFFFFFFFFFFFFFFFFFFFFFFFFFFFFFFFFFFFFFFFFFFFFFFFFB2
:200E6000FFFFFFFFFFFFFFFFFFFFFFFFFFFFFFFFFFFFFFFFFFFFFFFFFFFFFFFFFFFFFFFF92
:200E8000FFFFFFFFFFFFFFFFFFFFFFFFFFFFFFFFFFFFFFFFFFFFFFFFFFFFFFFFFFFFFFFF72
:200EA000FFFFFFFFFFFFFFFFFFFFFFFFFFFFFFFFFFFFFFFFFFFFFFFFFFFFFFFFFFFFFFFF52
:200EC000FFFFFFFFFFFFFFFFFFFFFFFFFFFFFFFFFFFFFFFFFFFFFFFFFFFFFFFFFFFFFFFF32
:200EE000FFFFFFFFFFFFFFFFFFFFFFFFFFFFFFFFFFFFFFFFFFFFFFFFFFFFFFFFFFFFFFFF12
:200F0000FFFFFFFFFFFFFFFFFFFFFFFFFFFFFFFFFFFFFFFFFFFFFFFFFFFFFFFFFFFFFFFFF1
:200F2000FFFFFFFFFFFFFFFFFFFFFFFFFFFFFFFFFFFFFFFFFFFFFFFFFFFFFFFFFFFFFFFFD1
:200F4000FFFFFFFFFFFFFFFFFFFFFFFFFFFFFFFFFFFFFFFFFFFFFFFFFFFFFFFFFFFFFFFFB1
:200F6000FFFFFFFFFFFFFFFFFFFFFFFFFFFFFFFFFFFFFFFFFFFFFFFFFFFFFFFFFFFFFFFF91
:200F8000FFFFFFFFFFFFFFFFFFFFFFFFFFFFFFFFFFFFFFFFFFFFFFFFFFFFFFFFFFFFFFFF71
:200FA000FFFFFFFFFFFFFFFFFFFFFFFFFFFFFFFFFFFFFFFFFFFFFFFFFFFFFFFFFFFFFFFF51
:200FC000FFFFFFFFFFFFFFFFFFFFFFFFFFFFFFFFFFFFFFFFFFFFFFFFFFFFFFFFFFFFFFFF31
:200FE000FFFFFFFFFFFFFFFFFFFFFFFFFFFFFFFFFFFFFFFFFFFFFFFFFFFFFFFFFFFFFFFF11
:20100000FFFFFFFFFFFFFFFFFFFFFFFFFFFFFFFFFFFFFFFFFFFFFFFFFFFFFFFFFFFFFFFFF0
:20102000FFFFFFFFFFFFFFFFFFFFFFFFFFFFFFFFFFFFFFFFFFFFFFFFFFFFFFFFFFFFFFFFD0
:20104000FFFFFFFFFFFFFFFFFFFFFFFFFFFFFFFFFFFFFFFFFFFFFFFFFFFFFFFFFFFFFFFFB0
:20106000FFFFFFFFFFFFFFFFFFFFFFFFFFFFFFFFFFFFFFFFFFFFFFFFFFFFFFFFFFFFFFFF90
:20108000FFFFFFFFFFFFFFFFFFFFFFFFFFFFFFFFFFFFFFFFFFFFFFFFFFFFFFFFFFFFFFFF70
:2010A000FFFFFFFFFFFFFFFFFFFFFFFFFFFFFFFFFFFFFFFFFFFFFFFFFFFFFFFFFFFFFFFF50
:2010C000FFFFFFFFFFFFFFFFFFFFFFFFFFFFFFFFFFFFFFFFFFFFFFFFFFFFFFFFFFFFFFFF30
:2010E000FFFFFFFFFFFFFFFFFFFFFFFFFFFFFFFFFFFFFFFFFFFFFFFFFFFFFFFFFFFFFFFF10
:20110000FFFFFFFFFFFFFFFFFFFFFFFFFFFFFFFFFFFFFFFFFFFFFFFFFFFFFFFFFFFFFFFFEF
:20112000FFFFFFFFFFFFFFFFFFFFFFFFFFFFFFFFFFFFFFFFFFFFFFFFFFFFFFFFFFFFFFFFCF
:20114000FFFFFFFFFFFFFFFFFFFFFFFFFFFFFFFFFFFFFFFFFFFFFFFFFFFFFFFFFFFFFFFFAF
:20116000FFFFFFFFFFFFFFFFFFFFFFFFFFFFFFFFFFFFFFFFFFFFFFFFFFFFFFFFFFFFFFFF8F
:20118000FFFFFFFFFFFFFFFFFFFFFFFFFFFFFFFFFFFFFFFFFFFFFFFFFFFFFFFFFFFFFFFF6F
:2011A000FFFFFFFFFFFFFFFFFFFFFFFFFFFFFFFFFFFFFFFFFFFFFFFFFFFFFFFFFFFFFFFF4F
:2011C000FFFFFFFFFFFFFFFFFFFFFFFFFFFFFFFFFFFFFFFFFFFFFFFFFFFFFFFFFFFFFFFF2F
:2011E000FFFFFFFFFFFFFFFFFFFFFFFFFFFFFFFFFFFFFFFFFFFFFFFFFFFFFFFFFFFFFFFF0F
:20120000FFFFFFFFFFFFFFFFFFFFFFFFFFFFFFFFFFFFFFFFFFFFFFFFFFFFFFFFFFFFFFFFEE
:20122000FFFFFFFFFFFFFFFFFFFFFFFFFFFFFFFFFFFFFFFFFFFFFFFFFFFFFFFFFFFFFFFFCE
:20124000FFFFFFFFFFFFFFFFFFFFFFFFFFFFFFFFFFFFFFFFFFFFFFFFFFFFFFFFFFFFFFFFAE
:20126000FFFFFFFFFFFFFFFFFFFFFFFFFFFFFFFFFFFFFFFFFFFFFFFFFFFFFFFFFFFFFFFF8E
:20128000FFFFFFFFFFFFFFFFFFFFFFFFFFFFFFFFFFFFFFFFFFFFFFFFFFFFFFFFFFFFFFFF6E
:2012A000FFFFFFFFFFFFFFFFFFFFFFFFFFFFFFFFFFFFFFFFFFFFFFFFFFFFFFFFFFFFFFFF4E
:2012C000FFFFFFFFFFFFFFFFFFFFFFFFFFFFFFFFFFFFFFFFFFFFFFFFFFFFFFFFFFFFFFFF2E
:2012E000FFFFFFFFFFFFFFFFFFFFFFFFFFFFFFFFFFFFFFFFFFFFFFFFFFFFFFFFFFFFFFFF0E
:20130000FFFFFFFFFFFFFFFFFFFFFFFFFFFFFFFFFFFFFFFFFFFFFFFFFFFFFFFFFFFFFFFFED
:20132000FFFFFFFFFFFFFFFFFFFFFFFFFFFFFFFFFFFFFFFFFFFFFFFFFFFFFFFFFFFFFFFFCD
:20134000FFFFFFFFFFFFFFFFFFFFFFFFFFFFFFFFFFFFFFFFFFFFFFFFFFFFFFFFFFFFFFFFAD
:20136000FFFFFFFFFFFFFFFFFFFFFFFFFFFFFFFFFFFFFFFFFFFFFFFFFFFFFFFFFFFFFFFF8D
:20138000FFFFFFFFFFFFFFFFFFFFFFFFFFFFFFFFFFFFFFFFFFFFFFFFFFFFFFFFFFFFFFFF6D
:2013A000FFFFFFFFFFFFFFFFFFFFFFFFFFFFFFFFFFFFFFFFFFFFFFFFFFFFFFFFFFFFFFFF4D
:2013C000FFFFFFFFFFFFFFFFFFFFFFFFFFFFFFFFFFFFFFFFFFFFFFFFFFFFFFFFFFFFFFFF2D
:2013E000FFFFFFFFFFFFFFFFFFFFFFFFFFFFFFFFFFFFFFFFFFFFFFFFFFFFFFFFFFFFFFFF0D
:20140000FFFFFFFFFFFFFFFFFFFFFFFFFFFFFFFFFFFFFFFFFFFFFFFFFFFFFFFFFFFFFFFFEC
:20142000FFFFFFFFFFFFFFFFFFFFFFFFFFFFFFFFFFFFFFFFFFFFFFFFFFFFFFFFFFFFFFFFCC
:20144000FFFFFFFFFFFFFFFFFFFFFFFFFFFFFFFFFFFFFFFFFFFFFFFFFFFFFFFFFFFFFFFFAC
:20146000FFFFFFFFFFFFFFFFFFFFFFFFFFFFFFFFFFFFFFFFFFFFFFFFFFFFFFFFFFFFFFFF8C
:20148000FFFFFFFFFFFFFFFFFFFFFFFFFFFFFFFFFFFFFFFFFFFFFFFFFFFFFFFFFFFFFFFF6C
:2014A000FFFFFFFFFFFFFFFFFFFFFFFFFFFFFFFFFFFFFFFFFFFFFFFFFFFFFFFFFFFFFFFF4C
:2014C000FFFFFFFFFFFFFFFFFFFFFFFFFFFFFFFFFFFFFFFFFFFFFFFFFFFFFFFFFFFFFFFF2C
:2014E000FFFFFFFFFFFFFFFFFFFFFFFFFFFFFFFFFFFFFFFFFFFFFFFFFFFFFFFFFFFFFFFF0C
:20150000FFFFFFFFFFFFFFFFFFFFFFFFFFFFFFFFFFFFFFFFFFFFFFFFFFFFFFFFFFFFFFFFEB
:20152000FFFFFFFFFFFFFFFFFFFFFFFFFFFFFFFFFFFFFFFFFFFFFFFFFFFFFFFFFFFFFFFFCB
:20154000FFFFFFFFFFFFFFFFFFFFFFFFFFFFFFFFFFFFFFFFFFFFFFFFFFFFFFFFFFFFFFFFAB
:20156000FFFFFFFFFFFFFFFFFFFFFFFFFFFFFFFFFFFFFFFFFFFFFFFFFFFFFFFFFFFFFFFF8B
:20158000FFFFFFFFFFFFFFFFFFFFFFFFFFFFFFFFFFFFFFFFFFFFFFFFFFFFFFFFFFFFFFFF6B
:2015A000FFFFFFFFFFFFFFFFFFFFFFFFFFFFFFFFFFFFFFFFFFFFFFFFFFFFFFFFFFFFFFFF4B
:2015C000FFFFFFFFFFFFFFFFFFFFFFFFFFFFFFFFFFFFFFFFFFFFFFFFFFFFFFFFFFFFFFFF2B
:2015E000FFFFFFFFFFFFFFFFFFFFFFFFFFFFFFFFFFFFFFFFFFFFFFFFFFFFFFFFFFFFFFFF0B
:20160000FFFFFFFFFFFFFFFFFFFFFFFFFFFFFFFFFFFFFFFFFFFFFFFFFFFFFFFFFFFFFFFFEA
:20162000FFFFFFFFFFFFFFFFFFFFFFFFFFFFFFFFFFFFFFFFFFFFFFFFFFFFFFFFFFFFFFFFCA
:20164000FFFFFFFFFFFFFFFFFFFFFFFFFFFFFFFFFFFFFFFFFFFFFFFFFFFFFFFFFFFFFFFFAA
:20166000FFFFFFFFFFFFFFFFFFFFFFFFFFFFFFFFFFFFFFFFFFFFFFFFFFFFFFFFFFFFFFFF8A
:20168000FFFFFFFFFFFFFFFFFFFFFFFFFFFFFFFFFFFFFFFFFFFFFFFFFFFFFFFFFFFFFFFF6A
:2016A000FFFFFFFFFFFFFFFFFFFFFFFFFFFFFFFFFFFFFFFFFFFFFFFFFFFFFFFFFFFFFFFF4A
:2016C000FFFFFFFFFFFFFFFFFFFFFFFFFFFFFFFFFFFFFFFFFFFFFFFFFFFFFFFFFFFFFFFF2A
:2016E000FFFFFFFFFFFFFFFFFFFFFFFFFFFFFFFFFFFFFFFFFFFFFFFFFFFFFFFFFFFFFFFF0A
:20170000FFFFFFFFFFFFFFFFFFFFFFFFFFFFFFFFFFFFFFFFFFFFFFFFFFFFFFFFFFFFFFFFE9
:20172000FFFFFFFFFFFFFFFFFFFFFFFFFFFFFFFFFFFFFFFFFFFFFFFFFFFFFFFFFFFFFFFFC9
:20174000FFFFFFFFFFFFFFFFFFFFFFFFFFFFFFFFFFFFFFFFFFFFFFFFFFFFFFFFFFFFFFFFA9
:20176000FFFFFFFFFFFFFFFFFFFFFFFFFFFFFFFFFFFFFFFFFFFFFFFFFFFFFFFFFFFFFFFF89
:20178000FFFFFFFFFFFFFFFFFFFFFFFFFFFFFFFFFFFFFFFFFFFFFFFFFFFFFFFFFFFFFFFF69
:2017A000FFFFFFFFFFFFFFFFFFFFFFFFFFFFFFFFFFFFFFFFFFFFFFFFFFFFFFFFFFFFFFFF49
:2017C000FFFFFFFFFFFFFFFFFFFFFFFFFFFFFFFFFFFFFFFFFFFFFFFFFFFFFFFFFFFFFFFF29
:2017E000FFFFFFFFFFFFFFFFFFFFFFFFFFFFFFFFFFFFFFFFFFFFFFFFFFFFFFFFFFFFFFFF09
:20180000FFFFFFFFFFFFFFFFFFFFFFFFFFFFFFFFFFFFFFFFFFFFFFFFFFFFFFFFFFFFFFFFE8
:20182000FFFFFFFFFFFFFFFFFFFFFFFFFFFFFFFFFFFFFFFFFFFFFFFFFFFFFFFFFFFFFFFFC8
:20184000FFFFFFFFFFFFFFFFFFFFFFFFFFFFFFFFFFFFFFFFFFFFFFFFFFFFFFFFFFFFFFFFA8
:20186000FFFFFFFFFFFFFFFFFFFFFFFFFFFFFFFFFFFFFFFFFFFFFFFFFFFFFFFFFFFFFFFF88
:20188000FFFFFFFFFFFFFFFFFFFFFFFFFFFFFFFFFFFFFFFFFFFFFFFFFFFFFFFFFFFFFFFF68
:2018A000FFFFFFFFFFFFFFFFFFFFFFFFFFFFFFFFFFFFFFFFFFFFFFFFFFFFFFFFFFFFFFFF48
:2018C000FFFFFFFFFFFFFFFFFFFFFFFFFFFFFFFFFFFFFFFFFFFFFFFFFFFFFFFFFFFFFFFF28
:2018E000FFFFFFFFFFFFFFFFFFFFFFFFFFFFFFFFFFFFFFFFFFFFFFFFFFFFFFFFFFFFFFFF08
:20190000FFFFFFFFFFFFFFFFFFFFFFFFFFFFFFFFFFFFFFFFFFFFFFFFFFFFFFFFFFFFFFFFE7
:20192000FFFFFFFFFFFFFFFFFFFFFFFFFFFFFFFFFFFFFFFFFFFFFFFFFFFFFFFFFFFFFFFFC7
:20194000FFFFFFFFFFFFFFFFFFFFFFFFFFFFFFFFFFFFFFFFFFFFFFFFFFFFFFFFFFFFFFFFA7
:20196000FFFFFFFFFFFFFFFFFFFFFFFFFFFFFFFFFFFFFFFFFFFFFFFFFFFFFFFFFFFFFFFF87
:20198000FFFFFFFFFFFFFFFFFFFFFFFFFFFFFFFFFFFFFFFFFFFFFFFFFFFFFFFFFFFFFFFF67
:2019A000FFFFFFFFFFFFFFFFFFFFFFFFFFFFFFFFFFFFFFFFFFFFFFFFFFFFFFFFFFFFFFFF47
:2019C000FFFFFFFFFFFFFFFFFFFFFFFFFFFFFFFFFFFFFFFFFFFFFFFFFFFFFFFFFFFFFFFF27
:2019E000FFFFFFFFFFFFFFFFFFFFFFFFFFFFFFFFFFFFFFFFFFFFFFFFFFFFFFFFFFFFFFFF07
:201A0000FFFFFFFFFFFFFFFFFFFFFFFFFFFFFFFFFFFFFFFFFFFFFFFFFFFFFFFFFFFFFFFFE6
:201A2000FFFFFFFFFFFFFFFFFFFFFFFFFFFFFFFFFFFFFFFFFFFFFFFFFFFFFFFFFFFFFFFFC6
:201A4000FFFFFFFFFFFFFFFFFFFFFFFFFFFFFFFFFFFFFFFFFFFFFFFFFFFFFFFFFFFFFFFFA6
:201A6000FFFFFFFFFFFFFFFFFFFFFFFFFFFFFFFFFFFFFFFFFFFFFFFFFFFFFFFFFFFFFFFF86
:201A8000FFFFFFFFFFFFFFFFFFFFFFFFFFFFFFFFFFFFFFFFFFFFFFFFFFFFFFFFFFFFFFFF66
:201AA000FFFFFFFFFFFFFFFFFFFFFFFFFFFFFFFFFFFFFFFFFFFFFFFFFFFFFFFFFFFFFFFF46
:201AC000FFFFFFFFFFFFFFFFFFFFFFFFFFFFFFFFFFFFFFFFFFFFFFFFFFFFFFFFFFFFFFFF26
:201AE000FFFFFFFFFFFFFFFFFFFFFFFFFFFFFFFFFFFFFFFFFFFFFFFFFFFFFFFFFFFFFFFF06
:201B0000FFFFFFFFFFFFFFFFFFFFFFFFFFFFFFFFFFFFFFFFFFFFFFFFFFFFFFFFFFFFFFFFE5
:201B2000FFFFFFFFFFFFFFFFFFFFFFFFFFFFFFFFFFFFFFFFFFFFFFFFFFFFFFFFFFFFFFFFC5
:201B4000FFFFFFFFFFFFFFFFFFFFFFFFFFFFFFFFFFFFFFFFFFFFFFFFFFFFFFFFFFFFFFFFA5
:201B6000FFFFFFFFFFFFFFFFFFFFFFFFFFFFFFFFFFFFFFFFFFFFFFFFFFFFFFFFFFFFFFFF85
:201B8000FFFFFFFFFFFFFFFFFFFFFFFFFFFFFFFFFFFFFFFFFFFFFFFFFFFFFFFFFFFFFFFF65
:201BA000FFFFFFFFFFFFFFFFFFFFFFFFFFFFFFFFFFFFFFFFFFFFFFFFFFFFFFFFFFFFFFFF45
:201BC000FFFFFFFFFFFFFFFFFFFFFFFFFFFFFFFFFFFFFFFFFFFFFFFFFFFFFFFFFFFFFFFF25
:201BE000FFFFFFFFFFFFFFFFFFFFFFFFFFFFFFFFFFFFFFFFFFFFFFFFFFFFFFFFFFFFFFFF05
:201C0000FFFFFFFFFFFFFFFFFFFFFFFFFFFFFFFFFFFFFFFFFFFFFFFFFFFFFFFFFFFFFFFFE4
:201C2000FFFFFFFFFFFFFFFFFFFFFFFFFFFFFFFFFFFFFFFFFFFFFFFFFFFFFFFFFFFFFFFFC4
:201C4000FFFFFFFFFFFFFFFFFFFFFFFFFFFFFFFFFFFFFFFFFFFFFFFFFFFFFFFFFFFFFFFFA4
:201C6000FFFFFFFFFFFFFFFFFFFFFFFFFFFFFFFFFFFFFFFFFFFFFFFFFFFFFFFFFFFFFFFF84
:201C8000FFFFFFFFFFFFFFFFFFFFFFFFFFFFFFFFFFFFFFFFFFFFFFFFFFFFFFFFFFFFFFFF64
:201CA000FFFFFFFFFFFFFFFFFFFFFFFFFFFFFFFFFFFFFFFFFFFFFFFFFFFFFFFFFFFFFFFF44
:201CC000FFFFFFFFFFFFFFFFFFFFFFFFFFFFFFFFFFFFFFFFFFFFFFFFFFFFFFFFFFFFFFFF24
:201CE000FFFFFFFFFFFFFFFFFFFFFFFFFFFFFFFFFFFFFFFFFFFFFFFFFFFFFFFFFFFFFFFF04
:201D0000FFFFFFFFFFFFFFFFFFFFFFFFFFFFFFFFFFFFFFFFFFFFFFFFFFFFFFFFFFFFFFFFE3
:201D2000FFFFFFFFFFFFFFFFFFFFFFFFFFFFFFFFFFFFFFFFFFFFFFFFFFFFFFFFFFFFFFFFC3
:201D4000FFFFFFFFFFFFFFFFFFFFFFFFFFFFFFFFFFFFFFFFFFFFFFFFFFFFFFFFFFFFFFFFA3
:201D6000FFFFFFFFFFFFFFFFFFFFFFFFFFFFFFFFFFFFFFFFFFFFFFFFFFFFFFFFFFFFFFFF83
:201D8000FFFFFFFFFFFFFFFFFFFFFFFFFFFFFFFFFFFFFFFFFFFFFFFFFFFFFFFFFFFFFFFF63
:201DA000FFFFFFFFFFFFFFFFFFFFFFFFFFFFFFFFFFFFFFFFFFFFFFFFFFFFFFFFFFFFFFFF43
:201DC000FFFFFFFFFFFFFFFFFFFFFFFFFFFFFFFFFFFFFFFFFFFFFFFFFFFFFFFFFFFFFFFF23
:201DE000FFFFFFFFFFFFFFFFFFFFFFFFFFFFFFFFFFFFFFFFFFFFFFFFFFFFFFFFFFFFFFFF03
:201E0000FFFFFFFFFFFFFFFFFFFFFFFFFFFFFFFFFFFFFFFFFFFFFFFFFFFFFFFFFFFFFFFFE2
:201E2000FFFFFFFFFFFFFFFFFFFFFFFFFFFFFFFFFFFFFFFFFFFFFFFFFFFFFFFFFFFFFFFFC2
:201E4000FFFFFFFFFFFFFFFFFFFFFFFFFFFFFFFFFFFFFFFFFFFFFFFFFFFFFFFFFFFFFFFFA2
:201E6000FFFFFFFFFFFFFFFFFFFFFFFFFFFFFFFFFFFFFFFFFFFFFFFFFFFFFFFFFFFFFFFF82
:201E8000FFFFFFFFFFFFFFFFFFFFFFFFFFFFFFFFFFFFFFFFFFFFFFFFFFFFFFFFFFFFFFFF62
:201EA000FFFFFFFFFFFFFFFFFFFFFFFFFFFFFFFFFFFFFFFFFFFFFFFFFFFFFFFFFFFFFFFF42
:201EC000FFFFFFFFFFFFFFFFFFFFFFFFFFFFFFFFFFFFFFFFFFFFFFFFFFFFFFFFFFFFFFFF22
:201EE000FFFFFFFFFFFFFFFFFFFFFFFFFFFFFFFFFFFFFFFFFFFFFFFFFFFFFFFFFFFFFFFF02
:201F0000FFFFFFFFFFFFFFFFFFFFFFFFFFFFFFFFFFFFFFFFFFFFFFFFFFFFFFFFFFFFFFFFE1
:201F2000FFFFFFFFFFFFFFFFFFFFFFFFFFFFFFFFFFFFFFFFFFFFFFFFFFFFFFFFFFFFFFFFC1
:201F4000FFFFFFFFFFFFFFFFFFFFFFFFFFFFFFFFFFFFFFFFFFFFFFFFFFFFFFFFFFFFFFFFA1
:201F6000FFFFFFFFFFFFFFFFFFFFFFFFFFFFFFFFFFFFFFFFFFFFFFFFFFFFFFFFFFFFFFFF81
:201F8000FFFFFFFFFFFFFFFFFFFFFFFFFFFFFFFFFFFFFFFFFFFFFFFFFFFFFFFFFFFFFFFF61
:201FA000FFFFFFFFFFFFFFFFFFFFFFFFFFFFFFFFFFFFFFFFFFFFFFFFFFFFFFFFFFFFFFFF41
:201FC000FFFFFFFFFFFFFFFFFFFFFFFFFFFFFFFFFFFFFFFFFFFFFFFFFFFFFFFFFFFFFFFF21
:201FE000FFFFFFFFFFFFFFFFFFFFFFFFFFFFFFFFFFFFFFFFFFFFFFFFFFFFFFFFFFFFFFFF01
:20200000FFFFFFFFFFFFFFFFFFFFFFFFFFFFFFFFFFFFFFFFFFFFFFFFFFFFFFFFFFFFFFFFE0
:20202000FFFFFFFFFFFFFFFFFFFFFFFFFFFFFFFFFFFFFFFFFFFFFFFFFFFFFFFFFFFFFFFFC0
:20204000FFFFFFFFFFFFFFFFFFFFFFFFFFFFFFFFFFFFFFFFFFFFFFFFFFFFFFFFFFFFFFFFA0
:20206000FFFFFFFFFFFFFFFFFFFFFFFFFFFFFFFFFFFFFFFFFFFFFFFFFFFFFFFFFFFFFFFF80
:20208000FFFFFFFFFFFFFFFFFFFFFFFFFFFFFFFFFFFFFFFFFFFFFFFFFFFFFFFFFFFFFFFF60
:2020A000FFFFFFFFFFFFFFFFFFFFFFFFFFFFFFFFFFFFFFFFFFFFFFFFFFFFFFFFFFFFFFFF40
:2020C000FFFFFFFFFFFFFFFFFFFFFFFFFFFFFFFFFFFFFFFFFFFFFFFFFFFFFFFFFFFFFFFF20
:2020E000FFFFFFFFFFFFFFFFFFFFFFFFFFFFFFFFFFFFFFFFFFFFFFFFFFFFFFFFFFFFFFFF00
:20210000FFFFFFFFFFFFFFFFFFFFFFFFFFFFFFFFFFFFFFFFFFFFFFFFFFFFFFFFFFFFFFFFDF
:20212000FFFFFFFFFFFFFFFFFFFFFFFFFFFFFFFFFFFFFFFFFFFFFFFFFFFFFFFFFFFFFFFFBF
:20214000FFFFFFFFFFFFFFFFFFFFFFFFFFFFFFFFFFFFFFFFFFFFFFFFFFFFFFFFFFFFFFFF9F
:20216000FFFFFFFFFFFFFFFFFFFFFFFFFFFFFFFFFFFFFFFFFFFFFFFFFFFFFFFFFFFFFFFF7F
:20218000FFFFFFFFFFFFFFFFFFFFFFFFFFFFFFFFFFFFFFFFFFFFFFFFFFFFFFFFFFFFFFFF5F
:2021A000FFFFFFFFFFFFFFFFFFFFFFFFFFFFFFFFFFFFFFFFFFFFFFFFFFFFFFFFFFFFFFFF3F
:2021C000FFFFFFFFFFFFFFFFFFFFFFFFFFFFFFFFFFFFFFFFFFFFFFFFFFFFFFFFFFFFFFFF1F
:2021E000FFFFFFFFFFFFFFFFFFFFFFFFFFFFFFFFFFFFFFFFFFFFFFFFFFFFFFFFFFFFFFFFFF
:20220000FFFFFFFFFFFFFFFFFFFFFFFFFFFFFFFFFFFFFFFFFFFFFFFFFFFFFFFFFFFFFFFFDE
:20222000FFFFFFFFFFFFFFFFFFFFFFFFFFFFFFFFFFFFFFFFFFFFFFFFFFFFFFFFFFFFFFFFBE
:20224000FFFFFFFFFFFFFFFFFFFFFFFFFFFFFFFFFFFFFFFFFFFFFFFFFFFFFFFFFFFFFFFF9E
:20226000FFFFFFFFFFFFFFFFFFFFFFFFFFFFFFFFFFFFFFFFFFFFFFFFFFFFFFFFFFFFFFFF7E
:20228000FFFFFFFFFFFFFFFFFFFFFFFFFFFFFFFFFFFFFFFFFFFFFFFFFFFFFFFFFFFFFFFF5E
:2022A000FFFFFFFFFFFFFFFFFFFFFFFFFFFFFFFFFFFFFFFFFFFFFFFFFFFFFFFFFFFFFFFF3E
:2022C000FFFFFFFFFFFFFFFFFFFFFFFFFFFFFFFFFFFFFFFFFFFFFFFFFFFFFFFFFFFFFFFF1E
:2022E000FFFFFFFFFFFFFFFFFFFFFFFFFFFFFFFFFFFFFFFFFFFFFFFFFFFFFFFFFFFFFFFFFE
:20230000FFFFFFFFFFFFFFFFFFFFFFFFFFFFFFFFFFFFFFFFFFFFFFFFFFFFFFFFFFFFFFFFDD
:20232000FFFFFFFFFFFFFFFFFFFFFFFFFFFFFFFFFFFFFFFFFFFFFFFFFFFFFFFFFFFFFFFFBD
:20234000FFFFFFFFFFFFFFFFFFFFFFFFFFFFFFFFFFFFFFFFFFFFFFFFFFFFFFFFFFFFFFFF9D
:20236000FFFFFFFFFFFFFFFFFFFFFFFFFFFFFFFFFFFFFFFFFFFFFFFFFFFFFFFFFFFFFFFF7D
:20238000FFFFFFFFFFFFFFFFFFFFFFFFFFFFFFFFFFFFFFFFFFFFFFFFFFFFFFFFFFFFFFFF5D
:2023A000FFFFFFFFFFFFFFFFFFFFFFFFFFFFFFFFFFFFFFFFFFFFFFFFFFFFFFFFFFFFFFFF3D
:2023C000FFFFFFFFFFFFFFFFFFFFFFFFFFFFFFFFFFFFFFFFFFFFFFFFFFFFFFFFFFFFFFFF1D
:2023E000FFFFFFFFFFFFFFFFFFFFFFFFFFFFFFFFFFFFFFFFFFFFFFFFFFFFFFFFFFFFFFFFFD
:20240000FFFFFFFFFFFFFFFFFFFFFFFFFFFFFFFFFFFFFFFFFFFFFFFFFFFFFFFFFFFFFFFFDC
:20242000FFFFFFFFFFFFFFFFFFFFFFFFFFFFFFFFFFFFFFFFFFFFFFFFFFFFFFFFFFFFFFFFBC
:20244000FFFFFFFFFFFFFFFFFFFFFFFFFFFFFFFFFFFFFFFFFFFFFFFFFFFFFFFFFFFFFFFF9C
:20246000FFFFFFFFFFFFFFFFFFFFFFFFFFFFFFFFFFFFFFFFFFFFFFFFFFFFFFFFFFFFFFFF7C
:20248000FFFFFFFFFFFFFFFFFFFFFFFFFFFFFFFFFFFFFFFFFFFFFFFFFFFFFFFFFFFFFFFF5C
:2024A000FFFFFFFFFFFFFFFFFFFFFFFFFFFFFFFFFFFFFFFFFFFFFFFFFFFFFFFFFFFFFFFF3C
:2024C000FFFFFFFFFFFFFFFFFFFFFFFFFFFFFFFFFFFFFFFFFFFFFFFFFFFFFFFFFFFFFFFF1C
:2024E000FFFFFFFFFFFFFFFFFFFFFFFFFFFFFFFFFFFFFFFFFFFFFFFFFFFFFFFFFFFFFFFFFC
:20250000FFFFFFFFFFFFFFFFFFFFFFFFFFFFFFFFFFFFFFFFFFFFFFFFFFFFFFFFFFFFFFFFDB
:20252000FFFFFFFFFFFFFFFFFFFFFFFFFFFFFFFFFFFFFFFFFFFFFFFFFFFFFFFFFFFFFFFFBB
:20254000FFFFFFFFFFFFFFFFFFFFFFFFFFFFFFFFFFFFFFFFFFFFFFFFFFFFFFFFFFFFFFFF9B
:20256000FFFFFFFFFFFFFFFFFFFFFFFFFFFFFFFFFFFFFFFFFFFFFFFFFFFFFFFFFFFFFFFF7B
:20258000FFFFFFFFFFFFFFFFFFFFFFFFFFFFFFFFFFFFFFFFFFFFFFFFFFFFFFFFFFFFFFFF5B
:2025A000FFFFFFFFFFFFFFFFFFFFFFFFFFFFFFFFFFFFFFFFFFFFFFFFFFFFFFFFFFFFFFFF3B
:2025C000FFFFFFFFFFFFFFFFFFFFFFFFFFFFFFFFFFFFFFFFFFFFFFFFFFFFFFFFFFFFFFFF1B
:2025E000FFFFFFFFFFFFFFFFFFFFFFFFFFFFFFFFFFFFFFFFFFFFFFFFFFFFFFFFFFFFFFFFFB
:20260000FFFFFFFFFFFFFFFFFFFFFFFFFFFFFFFFFFFFFFFFFFFFFFFFFFFFFFFFFFFFFFFFDA
:20262000FFFFFFFFFFFFFFFFFFFFFFFFFFFFFFFFFFFFFFFFFFFFFFFFFFFFFFFFFFFFFFFFBA
:20264000FFFFFFFFFFFFFFFFFFFFFFFFFFFFFFFFFFFFFFFFFFFFFFFFFFFFFFFFFFFFFFFF9A
:20266000FFFFFFFFFFFFFFFFFFFFFFFFFFFFFFFFFFFFFFFFFFFFFFFFFFFFFFFFFFFFFFFF7A
:20268000FFFFFFFFFFFFFFFFFFFFFFFFFFFFFFFFFFFFFFFFFFFFFFFFFFFFFFFFFFFFFFFF5A
:2026A000FFFFFFFFFFFFFFFFFFFFFFFFFFFFFFFFFFFFFFFFFFFFFFFFFFFFFFFFFFFFFFFF3A
:2026C000FFFFFFFFFFFFFFFFFFFFFFFFFFFFFFFFFFFFFFFFFFFFFFFFFFFFFFFFFFFFFFFF1A
:2026E000FFFFFFFFFFFFFFFFFFFFFFFFFFFFFFFFFFFFFFFFFFFFFFFFFFFFFFFFFFFFFFFFFA
:20270000FFFFFFFFFFFFFFFFFFFFFFFFFFFFFFFFFFFFFFFFFFFFFFFFFFFFFFFFFFFFFFFFD9
:20272000FFFFFFFFFFFFFFFFFFFFFFFFFFFFFFFFFFFFFFFFFFFFFFFFFFFFFFFFFFFFFFFFB9
:20274000FFFFFFFFFFFFFFFFFFFFFFFFFFFFFFFFFFFFFFFFFFFFFFFFFFFFFFFFFFFFFFFF99
:20276000FFFFFFFFFFFFFFFFFFFFFFFFFFFFFFFFFFFFFFFFFFFFFFFFFFFFFFFFFFFFFFFF79
:20278000FFFFFFFFFFFFFFFFFFFFFFFFFFFFFFFFFFFFFFFFFFFFFFFFFFFFFFFFFFFFFFFF59
:2027A000FFFFFFFFFFFFFFFFFFFFFFFFFFFFFFFFFFFFFFFFFFFFFFFFFFFFFFFFFFFFFFFF39
:2027C000FFFFFFFFFFFFFFFFFFFFFFFFFFFFFFFFFFFFFFFFFFFFFFFFFFFFFFFFFFFFFFFF19
:2027E000FFFFFFFFFFFFFFFFFFFFFFFFFFFFFFFFFFFFFFFFFFFFFFFFFFFFFFFFFFFFFFFFF9
:20280000FFFFFFFFFFFFFFFFFFFFFFFFFFFFFFFFFFFFFFFFFFFFFFFFFFFFFFFFFFFFFFFFD8
:20282000FFFFFFFFFFFFFFFFFFFFFFFFFFFFFFFFFFFFFFFFFFFFFFFFFFFFFFFFFFFFFFFFB8
:20284000FFFFFFFFFFFFFFFFFFFFFFFFFFFFFFFFFFFFFFFFFFFFFFFFFFFFFFFFFFFFFFFF98
:20286000FFFFFFFFFFFFFFFFFFFFFFFFFFFFFFFFFFFFFFFFFFFFFFFFFFFFFFFFFFFFFFFF78
:20288000FFFFFFFFFFFFFFFFFFFFFFFFFFFFFFFFFFFFFFFFFFFFFFFFFFFFFFFFFFFFFFFF58
:2028A000FFFFFFFFFFFFFFFFFFFFFFFFFFFFFFFFFFFFFFFFFFFFFFFFFFFFFFFFFFFFFFFF38
:2028C000FFFFFFFFFFFFFFFFFFFFFFFFFFFFFFFFFFFFFFFFFFFFFFFFFFFFFFFFFFFFFFFF18
:2028E000FFFFFFFFFFFFFFFFFFFFFFFFFFFFFFFFFFFFFFFFFFFFFFFFFFFFFFFFFFFFFFFFF8
:20290000FFFFFFFFFFFFFFFFFFFFFFFFFFFFFFFFFFFFFFFFFFFFFFFFFFFFFFFFFFFFFFFFD7
:20292000FFFFFFFFFFFFFFFFFFFFFFFFFFFFFFFFFFFFFFFFFFFFFFFFFFFFFFFFFFFFFFFFB7
:20294000FFFFFFFFFFFFFFFFFFFFFFFFFFFFFFFFFFFFFFFFFFFFFFFFFFFFFFFFFFFFFFFF97
:20296000FFFFFFFFFFFFFFFFFFFFFFFFFFFFFFFFFFFFFFFFFFFFFFFFFFFFFFFFFFFFFFFF77
:20298000FFFFFFFFFFFFFFFFFFFFFFFFFFFFFFFFFFFFFFFFFFFFFFFFFFFFFFFFFFFFFFFF57
:2029A000FFFFFFFFFFFFFFFFFFFFFFFFFFFFFFFFFFFFFFFFFFFFFFFFFFFFFFFFFFFFFFFF37
:2029C000FFFFFFFFFFFFFFFFFFFFFFFFFFFFFFFFFFFFFFFFFFFFFFFFFFFFFFFFFFFFFFFF17
:2029E000FFFFFFFFFFFFFFFFFFFFFFFFFFFFFFFFFFFFFFFFFFFFFFFFFFFFFFFFFFFFFFFFF7
:202A0000FFFFFFFFFFFFFFFFFFFFFFFFFFFFFFFFFFFFFFFFFFFFFFFFFFFFFFFFFFFFFFFFD6
:202A2000FFFFFFFFFFFFFFFFFFFFFFFFFFFFFFFFFFFFFFFFFFFFFFFFFFFFFFFFFFFFFFFFB6
:202A4000FFFFFFFFFFFFFFFFFFFFFFFFFFFFFFFFFFFFFFFFFFFFFFFFFFFFFFFFFFFFFFFF96
:202A6000FFFFFFFFFFFFFFFFFFFFFFFFFFFFFFFFFFFFFFFFFFFFFFFFFFFFFFFFFFFFFFFF76
:202A8000FFFFFFFFFFFFFFFFFFFFFFFFFFFFFFFFFFFFFFFFFFFFFFFFFFFFFFFFFFFFFFFF56
:202AA000FFFFFFFFFFFFFFFFFFFFFFFFFFFFFFFFFFFFFFFFFFFFFFFFFFFFFFFFFFFFFFFF36
:202AC000FFFFFFFFFFFFFFFFFFFFFFFFFFFFFFFFFFFFFFFFFFFFFFFFFFFFFFFFFFFFFFFF16
:202AE000FFFFFFFFFFFFFFFFFFFFFFFFFFFFFFFFFFFFFFFFFFFFFFFFFFFFFFFFFFFFFFFFF6
:202B0000FFFFFFFFFFFFFFFFFFFFFFFFFFFFFFFFFFFFFFFFFFFFFFFFFFFFFFFFFFFFFFFFD5
:202B2000FFFFFFFFFFFFFFFFFFFFFFFFFFFFFFFFFFFFFFFFFFFFFFFFFFFFFFFFFFFFFFFFB5
:202B4000FFFFFFFFFFFFFFFFFFFFFFFFFFFFFFFFFFFFFFFFFFFFFFFFFFFFFFFFFFFFFFFF95
:202B6000FFFFFFFFFFFFFFFFFFFFFFFFFFFFFFFFFFFFFFFFFFFFFFFFFFFFFFFFFFFFFFFF75
:202B8000FFFFFFFFFFFFFFFFFFFFFFFFFFFFFFFFFFFFFFFFFFFFFFFFFFFFFFFFFFFFFFFF55
:202BA000FFFFFFFFFFFFFFFFFFFFFFFFFFFFFFFFFFFFFFFFFFFFFFFFFFFFFFFFFFFFFFFF35
:202BC000FFFFFFFFFFFFFFFFFFFFFFFFFFFFFFFFFFFFFFFFFFFFFFFFFFFFFFFFFFFFFFFF15
:202BE000FFFFFFFFFFFFFFFFFFFFFFFFFFFFFFFFFFFFFFFFFFFFFFFFFFFFFFFFFFFFFFFFF5
:202C0000FFFFFFFFFFFFFFFFFFFFFFFFFFFFFFFFFFFFFFFFFFFFFFFFFFFFFFFFFFFFFFFFD4
:202C2000FFFFFFFFFFFFFFFFFFFFFFFFFFFFFFFFFFFFFFFFFFFFFFFFFFFFFFFFFFFFFFFFB4
:202C4000FFFFFFFFFFFFFFFFFFFFFFFFFFFFFFFFFFFFFFFFFFFFFFFFFFFFFFFFFFFFFFFF94
:202C6000FFFFFFFFFFFFFFFFFFFFFFFFFFFFFFFFFFFFFFFFFFFFFFFFFFFFFFFFFFFFFFFF74
:202C8000FFFFFFFFFFFFFFFFFFFFFFFFFFFFFFFFFFFFFFFFFFFFFFFFFFFFFFFFFFFFFFFF54
:202CA000FFFFFFFFFFFFFFFFFFFFFFFFFFFFFFFFFFFFFFFFFFFFFFFFFFFFFFFFFFFFFFFF34
:202CC000FFFFFFFFFFFFFFFFFFFFFFFFFFFFFFFFFFFFFFFFFFFFFFFFFFFFFFFFFFFFFFFF14
:202CE000FFFFFFFFFFFFFFFFFFFFFFFFFFFFFFFFFFFFFFFFFFFFFFFFFFFFFFFFFFFFFFFFF4
:202D0000FFFFFFFFFFFFFFFFFFFFFFFFFFFFFFFFFFFFFFFFFFFFFFFFFFFFFFFFFFFFFFFFD3
:202D2000FFFFFFFFFFFFFFFFFFFFFFFFFFFFFFFFFFFFFFFFFFFFFFFFFFFFFFFFFFFFFFFFB3
:202D4000FFFFFFFFFFFFFFFFFFFFFFFFFFFFFFFFFFFFFFFFFFFFFFFFFFFFFFFFFFFFFFFF93
:202D6000FFFFFFFFFFFFFFFFFFFFFFFFFFFFFFFFFFFFFFFFFFFFFFFFFFFFFFFFFFFFFFFF73
:202D8000FFFFFFFFFFFFFFFFFFFFFFFFFFFFFFFFFFFFFFFFFFFFFFFFFFFFFFFFFFFFFFFF53
:202DA000FFFFFFFFFFFFFFFFFFFFFFFFFFFFFFFFFFFFFFFFFFFFFFFFFFFFFFFFFFFFFFFF33
:202DC000FFFFFFFFFFFFFFFFFFFFFFFFFFFFFFFFFFFFFFFFFFFFFFFFFFFFFFFFFFFFFFFF13
:202DE000FFFFFFFFFFFFFFFFFFFFFFFFFFFFFFFFFFFFFFFFFFFFFFFFFFFFFFFFFFFFFFFFF3
:202E0000FFFFFFFFFFFFFFFFFFFFFFFFFFFFFFFFFFFFFFFFFFFFFFFFFFFFFFFFFFFFFFFFD2
:202E2000FFFFFFFFFFFFFFFFFFFFFFFFFFFFFFFFFFFFFFFFFFFFFFFFFFFFFFFFFFFFFFFFB2
:202E4000FFFFFFFFFFFFFFFFFFFFFFFFFFFFFFFFFFFFFFFFFFFFFFFFFFFFFFFFFFFFFFFF92
:202E6000FFFFFFFFFFFFFFFFFFFFFFFFFFFFFFFFFFFFFFFFFFFFFFFFFFFFFFFFFFFFFFFF72
:202E8000FFFFFFFFFFFFFFFFFFFFFFFFFFFFFFFFFFFFFFFFFFFFFFFFFFFFFFFFFFFFFFFF52
:202EA000FFFFFFFFFFFFFFFFFFFFFFFFFFFFFFFFFFFFFFFFFFFFFFFFFFFFFFFFFFFFFFFF32
:202EC000FFFFFFFFFFFFFFFFFFFFFFFFFFFFFFFFFFFFFFFFFFFFFFFFFFFFFFFFFFFFFFFF12
:202EE000FFFFFFFFFFFFFFFFFFFFFFFFFFFFFFFFFFFFFFFFFFFFFFFFFFFFFFFFFFFFFFFFF2
:202F0000FFFFFFFFFFFFFFFFFFFFFFFFFFFFFFFFFFFFFFFFFFFFFFFFFFFFFFFFFFFFFFFFD1
:202F2000FFFFFFFFFFFFFFFFFFFFFFFFFFFFFFFFFFFFFFFFFFFFFFFFFFFFFFFFFFFFFFFFB1
:202F4000FFFFFFFFFFFFFFFFFFFFFFFFFFFFFFFFFFFFFFFFFFFFFFFFFFFFFFFFFFFFFFFF91
:202F6000FFFFFFFFFFFFFFFFFFFFFFFFFFFFFFFFFFFFFFFFFFFFFFFFFFFFFFFFFFFFFFFF71
:202F8000FFFFFFFFFFFFFFFFFFFFFFFFFFFFFFFFFFFFFFFFFFFFFFFFFFFFFFFFFFFFFFFF51
:202FA000FFFFFFFFFFFFFFFFFFFFFFFFFFFFFFFFFFFFFFFFFFFFFFFFFFFFFFFFFFFFFFFF31
:202FC000FFFFFFFFFFFFFFFFFFFFFFFFFFFFFFFFFFFFFFFFFFFFFFFFFFFFFFFFFFFFFFFF11
:202FE000FFFFFFFFFFFFFFFFFFFFFFFFFFFFFFFFFFFFFFFFFFFFFFFFFFFFFFFFFFFFFFFFF1
:20300000FFFFFFFFFFFFFFFFFFFFFFFFFFFFFFFFFFFFFFFFFFFFFFFFFFFFFFFFFFFFFFFFD0
:20302000FFFFFFFFFFFFFFFFFFFFFFFFFFFFFFFFFFFFFFFFFFFFFFFFFFFFFFFFFFFFFFFFB0
:20304000FFFFFFFFFFFFFFFFFFFFFFFFFFFFFFFFFFFFFFFFFFFFFFFFFFFFFFFFFFFFFFFF90
:20306000FFFFFFFFFFFFFFFFFFFFFFFFFFFFFFFFFFFFFFFFFFFFFFFFFFFFFFFFFFFFFFFF70
:20308000FFFFFFFFFFFFFFFFFFFFFFFFFFFFFFFFFFFFFFFFFFFFFFFFFFFFFFFFFFFFFFFF50
:2030A000FFFFFFFFFFFFFFFFFFFFFFFFFFFFFFFFFFFFFFFFFFFFFFFFFFFFFFFFFFFFFFFF30
:2030C000FFFFFFFFFFFFFFFFFFFFFFFFFFFFFFFFFFFFFFFFFFFFFFFFFFFFFFFFFFFFFFFF10
:2030E000FFFFFFFFFFFFFFFFFFFFFFFFFFFFFFFFFFFFFFFFFFFFFFFFFFFFFFFFFFFFFFFFF0
:20310000FFFFFFFFFFFFFFFFFFFFFFFFFFFFFFFFFFFFFFFFFFFFFFFFFFFFFFFFFFFFFFFFCF
:20312000FFFFFFFFFFFFFFFFFFFFFFFFFFFFFFFFFFFFFFFFFFFFFFFFFFFFFFFFFFFFFFFFAF
:20314000FFFFFFFFFFFFFFFFFFFFFFFFFFFFFFFFFFFFFFFFFFFFFFFFFFFFFFFFFFFFFFFF8F
:20316000FFFFFFFFFFFFFFFFFFFFFFFFFFFFFFFFFFFFFFFFFFFFFFFFFFFFFFFFFFFFFFFF6F
:20318000FFFFFFFFFFFFFFFFFFFFFFFFFFFFFFFFFFFFFFFFFFFFFFFFFFFFFFFFFFFFFFFF4F
:2031A000FFFFFFFFFFFFFFFFFFFFFFFFFFFFFFFFFFFFFFFFFFFFFFFFFFFFFFFFFFFFFFFF2F
:2031C000FFFFFFFFFFFFFFFFFFFFFFFFFFFFFFFFFFFFFFFFFFFFFFFFFFFFFFFFFFFFFFFF0F
:2031E000FFFFFFFFFFFFFFFFFFFFFFFFFFFFFFFFFFFFFFFFFFFFFFFFFFFFFFFFFFFFFFFFEF
:20320000FFFFFFFFFFFFFFFFFFFFFFFFFFFFFFFFFFFFFFFFFFFFFFFFFFFFFFFFFFFFFFFFCE
:20322000FFFFFFFFFFFFFFFFFFFFFFFFFFFFFFFFFFFFFFFFFFFFFFFFFFFFFFFFFFFFFFFFAE
:20324000FFFFFFFFFFFFFFFFFFFFFFFFFFFFFFFFFFFFFFFFFFFFFFFFFFFFFFFFFFFFFFFF8E
:20326000FFFFFFFFFFFFFFFFFFFFFFFFFFFFFFFFFFFFFFFFFFFFFFFFFFFFFFFFFFFFFFFF6E
:20328000FFFFFFFFFFFFFFFFFFFFFFFFFFFFFFFFFFFFFFFFFFFFFFFFFFFFFFFFFFFFFFFF4E
:2032A000FFFFFFFFFFFFFFFFFFFFFFFFFFFFFFFFFFFFFFFFFFFFFFFFFFFFFFFFFFFFFFFF2E
:2032C000FFFFFFFFFFFFFFFFFFFFFFFFFFFFFFFFFFFFFFFFFFFFFFFFFFFFFFFFFFFFFFFF0E
:2032E000FFFFFFFFFFFFFFFFFFFFFFFFFFFFFFFFFFFFFFFFFFFFFFFFFFFFFFFFFFFFFFFFEE
:20330000FFFFFFFFFFFFFFFFFFFFFFFFFFFFFFFFFFFFFFFFFFFFFFFFFFFFFFFFFFFFFFFFCD
:20332000FFFFFFFFFFFFFFFFFFFFFFFFFFFFFFFFFFFFFFFFFFFFFFFFFFFFFFFFFFFFFFFFAD
:20334000FFFFFFFFFFFFFFFFFFFFFFFFFFFFFFFFFFFFFFFFFFFFFFFFFFFFFFFFFFFFFFFF8D
:20336000FFFFFFFFFFFFFFFFFFFFFFFFFFFFFFFFFFFFFFFFFFFFFFFFFFFFFFFFFFFFFFFF6D
:20338000FFFFFFFFFFFFFFFFFFFFFFFFFFFFFFFFFFFFFFFFFFFFFFFFFFFFFFFFFFFFFFFF4D
:2033A000FFFFFFFFFFFFFFFFFFFFFFFFFFFFFFFFFFFFFFFFFFFFFFFFFFFFFFFFFFFFFFFF2D
:2033C000FFFFFFFFFFFFFFFFFFFFFFFFFFFFFFFFFFFFFFFFFFFFFFFFFFFFFFFFFFFFFFFF0D
:2033E000FFFFFFFFFFFFFFFFFFFFFFFFFFFFFFFFFFFFFFFFFFFFFFFFFFFFFFFFFFFFFFFFED
:20340000FFFFFFFFFFFFFFFFFFFFFFFFFFFFFFFFFFFFFFFFFFFFFFFFFFFFFFFFFFFFFFFFCC
:20342000FFFFFFFFFFFFFFFFFFFFFFFFFFFFFFFFFFFFFFFFFFFFFFFFFFFFFFFFFFFFFFFFAC
:20344000FFFFFFFFFFFFFFFFFFFFFFFFFFFFFFFFFFFFFFFFFFFFFFFFFFFFFFFFFFFFFFFF8C
:20346000FFFFFFFFFFFFFFFFFFFFFFFFFFFFFFFFFFFFFFFFFFFFFFFFFFFFFFFFFFFFFFFF6C
:20348000FFFFFFFFFFFFFFFFFFFFFFFFFFFFFFFFFFFFFFFFFFFFFFFFFFFFFFFFFFFFFFFF4C
:2034A000FFFFFFFFFFFFFFFFFFFFFFFFFFFFFFFFFFFFFFFFFFFFFFFFFFFFFFFFFFFFFFFF2C
:2034C000FFFFFFFFFFFFFFFFFFFFFFFFFFFFFFFFFFFFFFFFFFFFFFFFFFFFFFFFFFFFFFFF0C
:2034E000FFFFFFFFFFFFFFFFFFFFFFFFFFFFFFFFFFFFFFFFFFFFFFFFFFFFFFFFFFFFFFFFEC
:20350000FFFFFFFFFFFFFFFFFFFFFFFFFFFFFFFFFFFFFFFFFFFFFFFFFFFFFFFFFFFFFFFFCB
:20352000FFFFFFFFFFFFFFFFFFFFFFFFFFFFFFFFFFFFFFFFFFFFFFFFFFFFFFFFFFFFFFFFAB
:20354000FFFFFFFFFFFFFFFFFFFFFFFFFFFFFFFFFFFFFFFFFFFFFFFFFFFFFFFFFFFFFFFF8B
:20356000FFFFFFFFFFFFFFFFFFFFFFFFFFFFFFFFFFFFFFFFFFFFFFFFFFFFFFFFFFFFFFFF6B
:20358000FFFFFFFFFFFFFFFFFFFFFFFFFFFFFFFFFFFFFFFFFFFFFFFFFFFFFFFFFFFFFFFF4B
:2035A000FFFFFFFFFFFFFFFFFFFFFFFFFFFFFFFFFFFFFFFFFFFFFFFFFFFFFFFFFFFFFFFF2B
:2035C000FFFFFFFFFFFFFFFFFFFFFFFFFFFFFFFFFFFFFFFFFFFFFFFFFFFFFFFFFFFFFFFF0B
:2035E000FFFFFFFFFFFFFFFFFFFFFFFFFFFFFFFFFFFFFFFFFFFFFFFFFFFFFFFFFFFFFFFFEB
:20360000FFFFFFFFFFFFFFFFFFFFFFFFFFFFFFFFFFFFFFFFFFFFFFFFFFFFFFFFFFFFFFFFCA
:20362000FFFFFFFFFFFFFFFFFFFFFFFFFFFFFFFFFFFFFFFFFFFFFFFFFFFFFFFFFFFFFFFFAA
:20364000FFFFFFFFFFFFFFFFFFFFFFFFFFFFFFFFFFFFFFFFFFFFFFFFFFFFFFFFFFFFFFFF8A
:20366000FFFFFFFFFFFFFFFFFFFFFFFFFFFFFFFFFFFFFFFFFFFFFFFFFFFFFFFFFFFFFFFF6A
:20368000FFFFFFFFFFFFFFFFFFFFFFFFFFFFFFFFFFFFFFFFFFFFFFFFFFFFFFFFFFFFFFFF4A
:2036A000FFFFFFFFFFFFFFFFFFFFFFFFFFFFFFFFFFFFFFFFFFFFFFFFFFFFFFFFFFFFFFFF2A
:2036C000FFFFFFFFFFFFFFFFFFFFFFFFFFFFFFFFFFFFFFFFFFFFFFFFFFFFFFFFFFFFFFFF0A
:2036E000FFFFFFFFFFFFFFFFFFFFFFFFFFFFFFFFFFFFFFFFFFFFFFFFFFFFFFFFFFFFFFFFEA
:20370000FFFFFFFFFFFFFFFFFFFFFFFFFFFFFFFFFFFFFFFFFFFFFFFFFFFFFFFFFFFFFFFFC9
:20372000FFFFFFFFFFFFFFFFFFFFFFFFFFFFFFFFFFFFFFFFFFFFFFFFFFFFFFFFFFFFFFFFA9
:20374000FFFFFFFFFFFFFFFFFFFFFFFFFFFFFFFFFFFFFFFFFFFFFFFFFFFFFFFFFFFFFFFF89
:20376000FFFFFFFFFFFFFFFFFFFFFFFFFFFFFFFFFFFFFFFFFFFFFFFFFFFFFFFFFFFFFFFF69
:20378000FFFFFFFFFFFFFFFFFFFFFFFFFFFFFFFFFFFFFFFFFFFFFFFFFFFFFFFFFFFFFFFF49
:2037A000FFFFFFFFFFFFFFFFFFFFFFFFFFFFFFFFFFFFFFFFFFFFFFFFFFFFFFFFFFFFFFFF29
:2037C000FFFFFFFFFFFFFFFFFFFFFFFFFFFFFFFFFFFFFFFFFFFFFFFFFFFFFFFFFFFFFFFF09
:2037E000FFFFFFFFFFFFFFFFFFFFFFFFFFFFFFFFFFFFFFFFFFFFFFFFFFFFFFFFFFFFFFFFE9
:20380000FFFFFFFFFFFFFFFFFFFFFFFFFFFFFFFFFFFFFFFFFFFFFFFFFFFFFFFFFFFFFFFFC8
:20382000FFFFFFFFFFFFFFFFFFFFFFFFFFFFFFFFFFFFFFFFFFFFFFFFFFFFFFFFFFFFFFFFA8
:20384000FFFFFFFFFFFFFFFFFFFFFFFFFFFFFFFFFFFFFFFFFFFFFFFFFFFFFFFFFFFFFFFF88
:20386000FFFFFFFFFFFFFFFFFFFFFFFFFFFFFFFFFFFFFFFFFFFFFFFFFFFFFFFFFFFFFFFF68
:20388000FFFFFFFFFFFFFFFFFFFFFFFFFFFFFFFFFFFFFFFFFFFFFFFFFFFFFFFFFFFFFFFF48
:2038A000FFFFFFFFFFFFFFFFFFFFFFFFFFFFFFFFFFFFFFFFFFFFFFFFFFFFFFFFFFFFFFFF28
:2038C000FFFFFFFFFFFFFFFFFFFFFFFFFFFFFFFFFFFFFFFFFFFFFFFFFFFFFFFFFFFFFFFF08
:2038E000FFFFFFFFFFFFFFFFFFFFFFFFFFFFFFFFFFFFFFFFFFFFFFFFFFFFFFFFFFFFFFFFE8
:20390000FFFFFFFFFFFFFFFFFFFFFFFFFFFFFFFFFFFFFFFFFFFFFFFFFFFFFFFFFFFFFFFFC7
:20392000FFFFFFFFFFFFFFFFFFFFFFFFFFFFFFFFFFFFFFFFFFFFFFFFFFFFFFFFFFFFFFFFA7
:20394000FFFFFFFFFFFFFFFFFFFFFFFFFFFFFFFFFFFFFFFFFFFFFFFFFFFFFFFFFFFFFFFF87
:20396000FFFFFFFFFFFFFFFFFFFFFFFFFFFFFFFFFFFFFFFFFFFFFFFFFFFFFFFFFFFFFFFF67
:20398000FFFFFFFFFFFFFFFFFFFFFFFFFFFFFFFFFFFFFFFFFFFFFFFFFFFFFFFFFFFFFFFF47
:2039A000FFFFFFFFFFFFFFFFFFFFFFFFFFFFFFFFFFFFFFFFFFFFFFFFFFFFFFFFFFFFFFFF27
:2039C000FFFFFFFFFFFFFFFFFFFFFFFFFFFFFFFFFFFFFFFFFFFFFFFFFFFFFFFFFFFFFFFF07
:2039E000FFFFFFFFFFFFFFFFFFFFFFFFFFFFFFFFFFFFFFFFFFFFFFFFFFFFFFFFFFFFFFFFE7
:203A0000FFFFFFFFFFFFFFFFFFFFFFFFFFFFFFFFFFFFFFFFFFFFFFFFFFFFFFFFFFFFFFFFC6
:203A2000FFFFFFFFFFFFFFFFFFFFFFFFFFFFFFFFFFFFFFFFFFFFFFFFFFFFFFFFFFFFFFFFA6
:203A4000FFFFFFFFFFFFFFFFFFFFFFFFFFFFFFFFFFFFFFFFFFFFFFFFFFFFFFFFFFFFFFFF86
:203A6000FFFFFFFFFFFFFFFFFFFFFFFFFFFFFFFFFFFFFFFFFFFFFFFFFFFFFFFFFFFFFFFF66
:203A8000FFFFFFFFFFFFFFFFFFFFFFFFFFFFFFFFFFFFFFFFFFFFFFFFFFFFFFFFFFFFFFFF46
:203AA000FFFFFFFFFFFFFFFFFFFFFFFFFFFFFFFFFFFFFFFFFFFFFFFFFFFFFFFFFFFFFFFF26
:203AC000FFFFFFFFFFFFFFFFFFFFFFFFFFFFFFFFFFFFFFFFFFFFFFFFFFFFFFFFFFFFFFFF06
:203AE000FFFFFFFFFFFFFFFFFFFFFFFFFFFFFFFFFFFFFFFFFFFFFFFFFFFFFFFFFFFFFFFFE6
:203B0000FFFFFFFFFFFFFFFFFFFFFFFFFFFFFFFFFFFFFFFFFFFFFFFFFFFFFFFFFFFFFFFFC5
:203B2000FFFFFFFFFFFFFFFFFFFFFFFFFFFFFFFFFFFFFFFFFFFFFFFFFFFFFFFFFFFFFFFFA5
:203B4000FFFFFFFFFFFFFFFFFFFFFFFFFFFFFFFFFFFFFFFFFFFFFFFFFFFFFFFFFFFFFFFF85
:203B6000FFFFFFFFFFFFFFFFFFFFFFFFFFFFFFFFFFFFFFFFFFFFFFFFFFFFFFFFFFFFFFFF65
:203B8000FFFFFFFFFFFFFFFFFFFFFFFFFFFFFFFFFFFFFFFFFFFFFFFFFFFFFFFFFFFFFFFF45
:203BA000FFFFFFFFFFFFFFFFFFFFFFFFFFFFFFFFFFFFFFFFFFFFFFFFFFFFFFFFFFFFFFFF25
:203BC000FFFFFFFFFFFFFFFFFFFFFFFFFFFFFFFFFFFFFFFFFFFFFFFFFFFFFFFFFFFFFFFF05
:203BE000FFFFFFFFFFFFFFFFFFFFFFFFFFFFFFFFFFFFFFFFFFFFFFFFFFFFFFFFFFFFFFFFE5
:203C0000FFFFFFFFFFFFFFFFFFFFFFFFFFFFFFFFFFFFFFFFFFFFFFFFFFFFFFFFFFFFFFFFC4
:203C2000FFFFFFFFFFFFFFFFFFFFFFFFFFFFFFFFFFFFFFFFFFFFFFFFFFFFFFFFFFFFFFFFA4
:203C4000FFFFFFFFFFFFFFFFFFFFFFFFFFFFFFFFFFFFFFFFFFFFFFFFFFFFFFFFFFFFFFFF84
:203C6000FFFFFFFFFFFFFFFFFFFFFFFFFFFFFFFFFFFFFFFFFFFFFFFFFFFFFFFFFFFFFFFF64
:203C8000FFFFFFFFFFFFFFFFFFFFFFFFFFFFFFFFFFFFFFFFFFFFFFFFFFFFFFFFFFFFFFFF44
:203CA000FFFFFFFFFFFFFFFFFFFFFFFFFFFFFFFFFFFFFFFFFFFFFFFFFFFFFFFFFFFFFFFF24
:203CC000FFFFFFFFFFFFFFFFFFFFFFFFFFFFFFFFFFFFFFFFFFFFFFFFFFFFFFFFFFFFFFFF04
:203CE000FFFFFFFFFFFFFFFFFFFFFFFFFFFFFFFFFFFFFFFFFFFFFFFFFFFFFFFFFFFFFFFFE4
:203D0000FFFFFFFFFFFFFFFFFFFFFFFFFFFFFFFFFFFFFFFFFFFFFFFFFFFFFFFFFFFFFFFFC3
:203D2000FFFFFFFFFFFFFFFFFFFFFFFFFFFFFFFFFFFFFFFFFFFFFFFFFFFFFFFFFFFFFFFFA3
:203D4000FFFFFFFFFFFFFFFFFFFFFFFFFFFFFFFFFFFFFFFFFFFFFFFFFFFFFFFFFFFFFFFF83
:203D6000FFFFFFFFFFFFFFFFFFFFFFFFFFFFFFFFFFFFFFFFFFFFFFFFFFFFFFFFFFFFFFFF63
:203D8000FFFFFFFFFFFFFFFFFFFFFFFFFFFFFFFFFFFFFFFFFFFFFFFFFFFFFFFFFFFFFFFF43
:203DA000FFFFFFFFFFFFFFFFFFFFFFFFFFFFFFFFFFFFFFFFFFFFFFFFFFFFFFFFFFFFFFFF23
:203DC000FFFFFFFFFFFFFFFFFFFFFFFFFFFFFFFFFFFFFFFFFFFFFFFFFFFFFFFFFFFFFFFF03
:203DE000FFFFFFFFFFFFFFFFFFFFFFFFFFFFFFFFFFFFFFFFFFFFFFFFFFFFFFFFFFFFFFFFE3
:203E0000FFFFFFFFFFFFFFFFFFFFFFFFFFFFFFFFFFFFFFFFFFFFFFFFFFFFFFFFFFFFFFFFC2
:203E2000FFFFFFFFFFFFFFFFFFFFFFFFFFFFFFFFFFFFFFFFFFFFFFFFFFFFFFFFFFFFFFFFA2
:203E4000FFFFFFFFFFFFFFFFFFFFFFFFFFFFFFFFFFFFFFFFFFFFFFFFFFFFFFFFFFFFFFFF82
:203E6000FFFFFFFFFFFFFFFFFFFFFFFFFFFFFFFFFFFFFFFFFFFFFFFFFFFFFFFFFFFFFFFF62
:203E8000FFFFFFFFFFFFFFFFFFFFFFFFFFFFFFFFFFFFFFFFFFFFFFFFFFFFFFFFFFFFFFFF42
:203EA000FFFFFFFFFFFFFFFFFFFFFFFFFFFFFFFFFFFFFFFFFFFFFFFFFFFFFFFFFFFFFFFF22
:203EC000FFFFFFFFFFFFFFFFFFFFFFFFFFFFFFFFFFFFFFFFFFFFFFFFFFFFFFFFFFFFFFFF02
:203EE000FFFFFFFFFFFFFFFFFFFFFFFFFFFFFFFFFFFFFFFFFFFFFFFFFFFFFFFFFFFFFFFFE2
:203F0000FFFFFFFFFFFFFFFFFFFFFFFFFFFFFFFFFFFFFFFFFFFFFFFFFFFFFFFFFFFFFFFFC1
:203F2000FFFFFFFFFFFFFFFFFFFFFFFFFFFFFFFFFFFFFFFFFFFFFFFFFFFFFFFFFFFFFFFFA1
:203F4000FFFFFFFFFFFFFFFFFFFFFFFFFFFFFFFFFFFFFFFFFFFFFFFFFFFFFFFFFFFFFFFF81
:203F6000FFFFFFFFFFFFFFFFFFFFFFFFFFFFFFFFFFFFFFFFFFFFFFFFFFFFFFFFFFFFFFFF61
:203F8000FFFFFFFFFFFFFFFFFFFFFFFFFFFFFFFFFFFFFFFFFFFFFFFFFFFFFFFFFFFFFFFF41
:203FA000FFFFFFFFFFFFFFFFFFFFFFFFFFFFFFFFFFFFFFFFFFFFFFFFFFFFFFFFFFFFFFFF21
:203FC000FFFFFFFFFFFFFFFFFFFFFFFFFFFFFFFFFFFFFFFFFFFFFFFFFFFFFFFFFFFFFFFF01
:203FE000FFFFFFFFFFFFFFFFFFFFFFFFFFFFFFFFFFFFFFFFFFFFFFFFFFFFFFFFFFFFFFFFE1
:20400000FFFFFFFFFFFFFFFFFFFFFFFFFFFFFFFFFFFFFFFFFFFFFFFFFFFFFFFFFFFFFFFFC0
:20402000FFFFFFFFFFFFFFFFFFFFFFFFFFFFFFFFFFFFFFFFFFFFFFFFFFFFFFFFFFFFFFFFA0
:20404000FFFFFFFFFFFFFFFFFFFFFFFFFFFFFFFFFFFFFFFFFFFFFFFFFFFFFFFFFFFFFFFF80
:20406000FFFFFFFFFFFFFFFFFFFFFFFFFFFFFFFFFFFFFFFFFFFFFFFFFFFFFFFFFFFFFFFF60
:20408000FFFFFFFFFFFFFFFFFFFFFFFFFFFFFFFFFFFFFFFFFFFFFFFFFFFFFFFFFFFFFFFF40
:2040A000FFFFFFFFFFFFFFFFFFFFFFFFFFFFFFFFFFFFFFFFFFFFFFFFFFFFFFFFFFFFFFFF20
:2040C000FFFFFFFFFFFFFFFFFFFFFFFFFFFFFFFFFFFFFFFFFFFFFFFFFFFFFFFFFFFFFFFF00
:2040E000FFFFFFFFFFFFFFFFFFFFFFFFFFFFFFFFFFFFFFFFFFFFFFFFFFFFFFFFFFFFFFFFE0
:20410000FFFFFFFFFFFFFFFFFFFFFFFFFFFFFFFFFFFFFFFFFFFFFFFFFFFFFFFFFFFFFFFFBF
:20412000FFFFFFFFFFFFFFFFFFFFFFFFFFFFFFFFFFFFFFFFFFFFFFFFFFFFFFFFFFFFFFFF9F
:20414000FFFFFFFFFFFFFFFFFFFFFFFFFFFFFFFFFFFFFFFFFFFFFFFFFFFFFFFFFFFFFFFF7F
:20416000FFFFFFFFFFFFFFFFFFFFFFFFFFFFFFFFFFFFFFFFFFFFFFFFFFFFFFFFFFFFFFFF5F
:20418000FFFFFFFFFFFFFFFFFFFFFFFFFFFFFFFFFFFFFFFFFFFFFFFFFFFFFFFFFFFFFFFF3F
:2041A000FFFFFFFFFFFFFFFFFFFFFFFFFFFFFFFFFFFFFFFFFFFFFFFFFFFFFFFFFFFFFFFF1F
:2041C000FFFFFFFFFFFFFFFFFFFFFFFFFFFFFFFFFFFFFFFFFFFFFFFFFFFFFFFFFFFFFFFFFF
:2041E000FFFFFFFFFFFFFFFFFFFFFFFFFFFFFFFFFFFFFFFFFFFFFFFFFFFFFFFFFFFFFFFFDF
:20420000FFFFFFFFFFFFFFFFFFFFFFFFFFFFFFFFFFFFFFFFFFFFFFFFFFFFFFFFFFFFFFFFBE
:20422000FFFFFFFFFFFFFFFFFFFFFFFFFFFFFFFFFFFFFFFFFFFFFFFFFFFFFFFFFFFFFFFF9E
:20424000FFFFFFFFFFFFFFFFFFFFFFFFFFFFFFFFFFFFFFFFFFFFFFFFFFFFFFFFFFFFFFFF7E
:20426000FFFFFFFFFFFFFFFFFFFFFFFFFFFFFFFFFFFFFFFFFFFFFFFFFFFFFFFFFFFFFFFF5E
:20428000FFFFFFFFFFFFFFFFFFFFFFFFFFFFFFFFFFFFFFFFFFFFFFFFFFFFFFFFFFFFFFFF3E
:2042A000FFFFFFFFFFFFFFFFFFFFFFFFFFFFFFFFFFFFFFFFFFFFFFFFFFFFFFFFFFFFFFFF1E
:2042C000FFFFFFFFFFFFFFFFFFFFFFFFFFFFFFFFFFFFFFFFFFFFFFFFFFFFFFFFFFFFFFFFFE
:2042E000FFFFFFFFFFFFFFFFFFFFFFFFFFFFFFFFFFFFFFFFFFFFFFFFFFFFFFFFFFFFFFFFDE
:20430000FFFFFFFFFFFFFFFFFFFFFFFFFFFFFFFFFFFFFFFFFFFFFFFFFFFFFFFFFFFFFFFFBD
:20432000FFFFFFFFFFFFFFFFFFFFFFFFFFFFFFFFFFFFFFFFFFFFFFFFFFFFFFFFFFFFFFFF9D
:20434000FFFFFFFFFFFFFFFFFFFFFFFFFFFFFFFFFFFFFFFFFFFFFFFFFFFFFFFFFFFFFFFF7D
:20436000FFFFFFFFFFFFFFFFFFFFFFFFFFFFFFFFFFFFFFFFFFFFFFFFFFFFFFFFFFFFFFFF5D
:20438000FFFFFFFFFFFFFFFFFFFFFFFFFFFFFFFFFFFFFFFFFFFFFFFFFFFFFFFFFFFFFFFF3D
:2043A000FFFFFFFFFFFFFFFFFFFFFFFFFFFFFFFFFFFFFFFFFFFFFFFFFFFFFFFFFFFFFFFF1D
:2043C000FFFFFFFFFFFFFFFFFFFFFFFFFFFFFFFFFFFFFFFFFFFFFFFFFFFFFFFFFFFFFFFFFD
:2043E000FFFFFFFFFFFFFFFFFFFFFFFFFFFFFFFFFFFFFFFFFFFFFFFFFFFFFFFFFFFFFFFFDD
:20440000FFFFFFFFFFFFFFFFFFFFFFFFFFFFFFFFFFFFFFFFFFFFFFFFFFFFFFFFFFFFFFFFBC
:20442000FFFFFFFFFFFFFFFFFFFFFFFFFFFFFFFFFFFFFFFFFFFFFFFFFFFFFFFFFFFFFFFF9C
:20444000FFFFFFFFFFFFFFFFFFFFFFFFFFFFFFFFFFFFFFFFFFFFFFFFFFFFFFFFFFFFFFFF7C
:20446000FFFFFFFFFFFFFFFFFFFFFFFFFFFFFFFFFFFFFFFFFFFFFFFFFFFFFFFFFFFFFFFF5C
:20448000FFFFFFFFFFFFFFFFFFFFFFFFFFFFFFFFFFFFFFFFFFFFFFFFFFFFFFFFFFFFFFFF3C
:2044A000FFFFFFFFFFFFFFFFFFFFFFFFFFFFFFFFFFFFFFFFFFFFFFFFFFFFFFFFFFFFFFFF1C
:2044C000FFFFFFFFFFFFFFFFFFFFFFFFFFFFFFFFFFFFFFFFFFFFFFFFFFFFFFFFFFFFFFFFFC
:2044E000FFFFFFFFFFFFFFFFFFFFFFFFFFFFFFFFFFFFFFFFFFFFFFFFFFFFFFFFFFFFFFFFDC
:20450000FFFFFFFFFFFFFFFFFFFFFFFFFFFFFFFFFFFFFFFFFFFFFFFFFFFFFFFFFFFFFFFFBB
:20452000FFFFFFFFFFFFFFFFFFFFFFFFFFFFFFFFFFFFFFFFFFFFFFFFFFFFFFFFFFFFFFFF9B
:20454000FFFFFFFFFFFFFFFFFFFFFFFFFFFFFFFFFFFFFFFFFFFFFFFFFFFFFFFFFFFFFFFF7B
:20456000FFFFFFFFFFFFFFFFFFFFFFFFFFFFFFFFFFFFFFFFFFFFFFFFFFFFFFFFFFFFFFFF5B
:20458000FFFFFFFFFFFFFFFFFFFFFFFFFFFFFFFFFFFFFFFFFFFFFFFFFFFFFFFFFFFFFFFF3B
:2045A000FFFFFFFFFFFFFFFFFFFFFFFFFFFFFFFFFFFFFFFFFFFFFFFFFFFFFFFFFFFFFFFF1B
:2045C000FFFFFFFFFFFFFFFFFFFFFFFFFFFFFFFFFFFFFFFFFFFFFFFFFFFFFFFFFFFFFFFFFB
:2045E000FFFFFFFFFFFFFFFFFFFFFFFFFFFFFFFFFFFFFFFFFFFFFFFFFFFFFFFFFFFFFFFFDB
:20460000FFFFFFFFFFFFFFFFFFFFFFFFFFFFFFFFFFFFFFFFFFFFFFFFFFFFFFFFFFFFFFFFBA
:20462000FFFFFFFFFFFFFFFFFFFFFFFFFFFFFFFFFFFFFFFFFFFFFFFFFFFFFFFFFFFFFFFF9A
:20464000FFFFFFFFFFFFFFFFFFFFFFFFFFFFFFFFFFFFFFFFFFFFFFFFFFFFFFFFFFFFFFFF7A
:20466000FFFFFFFFFFFFFFFFFFFFFFFFFFFFFFFFFFFFFFFFFFFFFFFFFFFFFFFFFFFFFFFF5A
:20468000FFFFFFFFFFFFFFFFFFFFFFFFFFFFFFFFFFFFFFFFFFFFFFFFFFFFFFFFFFFFFFFF3A
:2046A000FFFFFFFFFFFFFFFFFFFFFFFFFFFFFFFFFFFFFFFFFFFFFFFFFFFFFFFFFFFFFFFF1A
:2046C000FFFFFFFFFFFFFFFFFFFFFFFFFFFFFFFFFFFFFFFFFFFFFFFFFFFFFFFFFFFFFFFFFA
:2046E000FFFFFFFFFFFFFFFFFFFFFFFFFFFFFFFFFFFFFFFFFFFFFFFFFFFFFFFFFFFFFFFFDA
:20470000FFFFFFFFFFFFFFFFFFFFFFFFFFFFFFFFFFFFFFFFFFFFFFFFFFFFFFFFFFFFFFFFB9
:20472000FFFFFFFFFFFFFFFFFFFFFFFFFFFFFFFFFFFFFFFFFFFFFFFFFFFFFFFFFFFFFFFF99
:20474000FFFFFFFFFFFFFFFFFFFFFFFFFFFFFFFFFFFFFFFFFFFFFFFFFFFFFFFFFFFFFFFF79
:20476000FFFFFFFFFFFFFFFFFFFFFFFFFFFFFFFFFFFFFFFFFFFFFFFFFFFFFFFFFFFFFFFF59
:20478000FFFFFFFFFFFFFFFFFFFFFFFFFFFFFFFFFFFFFFFFFFFFFFFFFFFFFFFFFFFFFFFF39
:2047A000FFFFFFFFFFFFFFFFFFFFFFFFFFFFFFFFFFFFFFFFFFFFFFFFFFFFFFFFFFFFFFFF19
:2047C000FFFFFFFFFFFFFFFFFFFFFFFFFFFFFFFFFFFFFFFFFFFFFFFFFFFFFFFFFFFFFFFFF9
:2047E000FFFFFFFFFFFFFFFFFFFFFFFFFFFFFFFFFFFFFFFFFFFFFFFFFFFFFFFFFFFFFFFFD9
:20480000FFFFFFFFFFFFFFFFFFFFFFFFFFFFFFFFFFFFFFFFFFFFFFFFFFFFFFFFFFFFFFFFB8
:20482000FFFFFFFFFFFFFFFFFFFFFFFFFFFFFFFFFFFFFFFFFFFFFFFFFFFFFFFFFFFFFFFF98
:20484000FFFFFFFFFFFFFFFFFFFFFFFFFFFFFFFFFFFFFFFFFFFFFFFFFFFFFFFFFFFFFFFF78
:20486000FFFFFFFFFFFFFFFFFFFFFFFFFFFFFFFFFFFFFFFFFFFFFFFFFFFFFFFFFFFFFFFF58
:20488000FFFFFFFFFFFFFFFFFFFFFFFFFFFFFFFFFFFFFFFFFFFFFFFFFFFFFFFFFFFFFFFF38
:2048A000FFFFFFFFFFFFFFFFFFFFFFFFFFFFFFFFFFFFFFFFFFFFFFFFFFFFFFFFFFFFFFFF18
:2048C000FFFFFFFFFFFFFFFFFFFFFFFFFFFFFFFFFFFFFFFFFFFFFFFFFFFFFFFFFFFFFFFFF8
:2048E000FFFFFFFFFFFFFFFFFFFFFFFFFFFFFFFFFFFFFFFFFFFFFFFFFFFFFFFFFFFFFFFFD8
:20490000FFFFFFFFFFFFFFFFFFFFFFFFFFFFFFFFFFFFFFFFFFFFFFFFFFFFFFFFFFFFFFFFB7
:20492000FFFFFFFFFFFFFFFFFFFFFFFFFFFFFFFFFFFFFFFFFFFFFFFFFFFFFFFFFFFFFFFF97
:20494000FFFFFFFFFFFFFFFFFFFFFFFFFFFFFFFFFFFFFFFFFFFFFFFFFFFFFFFFFFFFFFFF77
:20496000FFFFFFFFFFFFFFFFFFFFFFFFFFFFFFFFFFFFFFFFFFFFFFFFFFFFFFFFFFFFFFFF57
:20498000FFFFFFFFFFFFFFFFFFFFFFFFFFFFFFFFFFFFFFFFFFFFFFFFFFFFFFFFFFFFFFFF37
:2049A000FFFFFFFFFFFFFFFFFFFFFFFFFFFFFFFFFFFFFFFFFFFFFFFFFFFFFFFFFFFFFFFF17
:2049C000FFFFFFFFFFFFFFFFFFFFFFFFFFFFFFFFFFFFFFFFFFFFFFFFFFFFFFFFFFFFFFFFF7
:2049E000FFFFFFFFFFFFFFFFFFFFFFFFFFFFFFFFFFFFFFFFFFFFFFFFFFFFFFFFFFFFFFFFD7
:204A0000FFFFFFFFFFFFFFFFFFFFFFFFFFFFFFFFFFFFFFFFFFFFFFFFFFFFFFFFFFFFFFFFB6
:204A2000FFFFFFFFFFFFFFFFFFFFFFFFFFFFFFFFFFFFFFFFFFFFFFFFFFFFFFFFFFFFFFFF96
:204A4000FFFFFFFFFFFFFFFFFFFFFFFFFFFFFFFFFFFFFFFFFFFFFFFFFFFFFFFFFFFFFFFF76
:204A6000FFFFFFFFFFFFFFFFFFFFFFFFFFFFFFFFFFFFFFFFFFFFFFFFFFFFFFFFFFFFFFFF56
:204A8000FFFFFFFFFFFFFFFFFFFFFFFFFFFFFFFFFFFFFFFFFFFFFFFFFFFFFFFFFFFFFFFF36
:204AA000FFFFFFFFFFFFFFFFFFFFFFFFFFFFFFFFFFFFFFFFFFFFFFFFFFFFFFFFFFFFFFFF16
:204AC000FFFFFFFFFFFFFFFFFFFFFFFFFFFFFFFFFFFFFFFFFFFFFFFFFFFFFFFFFFFFFFFFF6
:204AE000FFFFFFFFFFFFFFFFFFFFFFFFFFFFFFFFFFFFFFFFFFFFFFFFFFFFFFFFFFFFFFFFD6
:204B0000FFFFFFFFFFFFFFFFFFFFFFFFFFFFFFFFFFFFFFFFFFFFFFFFFFFFFFFFFFFFFFFFB5
:204B2000FFFFFFFFFFFFFFFFFFFFFFFFFFFFFFFFFFFFFFFFFFFFFFFFFFFFFFFFFFFFFFFF95
:204B4000FFFFFFFFFFFFFFFFFFFFFFFFFFFFFFFFFFFFFFFFFFFFFFFFFFFFFFFFFFFFFFFF75
:204B6000FFFFFFFFFFFFFFFFFFFFFFFFFFFFFFFFFFFFFFFFFFFFFFFFFFFFFFFFFFFFFFFF55
:204B8000FFFFFFFFFFFFFFFFFFFFFFFFFFFFFFFFFFFFFFFFFFFFFFFFFFFFFFFFFFFFFFFF35
:204BA000FFFFFFFFFFFFFFFFFFFFFFFFFFFFFFFFFFFFFFFFFFFFFFFFFFFFFFFFFFFFFFFF15
:204BC000FFFFFFFFFFFFFFFFFFFFFFFFFFFFFFFFFFFFFFFFFFFFFFFFFFFFFFFFFFFFFFFFF5
:204BE000FFFFFFFFFFFFFFFFFFFFFFFFFFFFFFFFFFFFFFFFFFFFFFFFFFFFFFFFFFFFFFFFD5
:204C0000FFFFFFFFFFFFFFFFFFFFFFFFFFFFFFFFFFFFFFFFFFFFFFFFFFFFFFFFFFFFFFFFB4
:204C2000FFFFFFFFFFFFFFFFFFFFFFFFFFFFFFFFFFFFFFFFFFFFFFFFFFFFFFFFFFFFFFFF94
:204C4000FFFFFFFFFFFFFFFFFFFFFFFFFFFFFFFFFFFFFFFFFFFFFFFFFFFFFFFFFFFFFFFF74
:204C6000FFFFFFFFFFFFFFFFFFFFFFFFFFFFFFFFFFFFFFFFFFFFFFFFFFFFFFFFFFFFFFFF54
:204C8000FFFFFFFFFFFFFFFFFFFFFFFFFFFFFFFFFFFFFFFFFFFFFFFFFFFFFFFFFFFFFFFF34
:204CA000FFFFFFFFFFFFFFFFFFFFFFFFFFFFFFFFFFFFFFFFFFFFFFFFFFFFFFFFFFFFFFFF14
:204CC000FFFFFFFFFFFFFFFFFFFFFFFFFFFFFFFFFFFFFFFFFFFFFFFFFFFFFFFFFFFFFFFFF4
:204CE000FFFFFFFFFFFFFFFFFFFFFFFFFFFFFFFFFFFFFFFFFFFFFFFFFFFFFFFFFFFFFFFFD4
:204D0000FFFFFFFFFFFFFFFFFFFFFFFFFFFFFFFFFFFFFFFFFFFFFFFFFFFFFFFFFFFFFFFFB3
:204D2000FFFFFFFFFFFFFFFFFFFFFFFFFFFFFFFFFFFFFFFFFFFFFFFFFFFFFFFFFFFFFFFF93
:204D4000FFFFFFFFFFFFFFFFFFFFFFFFFFFFFFFFFFFFFFFFFFFFFFFFFFFFFFFFFFFFFFFF73
:204D6000FFFFFFFFFFFFFFFFFFFFFFFFFFFFFFFFFFFFFFFFFFFFFFFFFFFFFFFFFFFFFFFF53
:204D8000FFFFFFFFFFFFFFFFFFFFFFFFFFFFFFFFFFFFFFFFFFFFFFFFFFFFFFFFFFFFFFFF33
:204DA000FFFFFFFFFFFFFFFFFFFFFFFFFFFFFFFFFFFFFFFFFFFFFFFFFFFFFFFFFFFFFFFF13
:204DC000FFFFFFFFFFFFFFFFFFFFFFFFFFFFFFFFFFFFFFFFFFFFFFFFFFFFFFFFFFFFFFFFF3
:204DE000FFFFFFFFFFFFFFFFFFFFFFFFFFFFFFFFFFFFFFFFFFFFFFFFFFFFFFFFFFFFFFFFD3
:204E0000FFFFFFFFFFFFFFFFFFFFFFFFFFFFFFFFFFFFFFFFFFFFFFFFFFFFFFFFFFFFFFFFB2
:204E2000FFFFFFFFFFFFFFFFFFFFFFFFFFFFFFFFFFFFFFFFFFFFFFFFFFFFFFFFFFFFFFFF92
:204E4000FFFFFFFFFFFFFFFFFFFFFFFFFFFFFFFFFFFFFFFFFFFFFFFFFFFFFFFFFFFFFFFF72
:204E6000FFFFFFFFFFFFFFFFFFFFFFFFFFFFFFFFFFFFFFFFFFFFFFFFFFFFFFFFFFFFFFFF52
:204E8000FFFFFFFFFFFFFFFFFFFFFFFFFFFFFFFFFFFFFFFFFFFFFFFFFFFFFFFFFFFFFFFF32
:204EA000FFFFFFFFFFFFFFFFFFFFFFFFFFFFFFFFFFFFFFFFFFFFFFFFFFFFFFFFFFFFFFFF12
:204EC000FFFFFFFFFFFFFFFFFFFFFFFFFFFFFFFFFFFFFFFFFFFFFFFFFFFFFFFFFFFFFFFFF2
:204EE000FFFFFFFFFFFFFFFFFFFFFFFFFFFFFFFFFFFFFFFFFFFFFFFFFFFFFFFFFFFFFFFFD2
:204F0000FFFFFFFFFFFFFFFFFFFFFFFFFFFFFFFFFFFFFFFFFFFFFFFFFFFFFFFFFFFFFFFFB1
:204F2000FFFFFFFFFFFFFFFFFFFFFFFFFFFFFFFFFFFFFFFFFFFFFFFFFFFFFFFFFFFFFFFF91
:204F4000FFFFFFFFFFFFFFFFFFFFFFFFFFFFFFFFFFFFFFFFFFFFFFFFFFFFFFFFFFFFFFFF71
:204F6000FFFFFFFFFFFFFFFFFFFFFFFFFFFFFFFFFFFFFFFFFFFFFFFFFFFFFFFFFFFFFFFF51
:204F8000FFFFFFFFFFFFFFFFFFFFFFFFFFFFFFFFFFFFFFFFFFFFFFFFFFFFFFFFFFFFFFFF31
:204FA000FFFFFFFFFFFFFFFFFFFFFFFFFFFFFFFFFFFFFFFFFFFFFFFFFFFFFFFFFFFFFFFF11
:204FC000FFFFFFFFFFFFFFFFFFFFFFFFFFFFFFFFFFFFFFFFFFFFFFFFFFFFFFFFFFFFFFFFF1
:204FE000FFFFFFFFFFFFFFFFFFFFFFFFFFFFFFFFFFFFFFFFFFFFFFFFFFFFFFFFFFFFFFFFD1
:20500000FFFFFFFFFFFFFFFFFFFFFFFFFFFFFFFFFFFFFFFFFFFFFFFFFFFFFFFFFFFFFFFFB0
:20502000FFFFFFFFFFFFFFFFFFFFFFFFFFFFFFFFFFFFFFFFFFFFFFFFFFFFFFFFFFFFFFFF90
:20504000FFFFFFFFFFFFFFFFFFFFFFFFFFFFFFFFFFFFFFFFFFFFFFFFFFFFFFFFFFFFFFFF70
:20506000FFFFFFFFFFFFFFFFFFFFFFFFFFFFFFFFFFFFFFFFFFFFFFFFFFFFFFFFFFFFFFFF50
:20508000FFFFFFFFFFFFFFFFFFFFFFFFFFFFFFFFFFFFFFFFFFFFFFFFFFFFFFFFFFFFFFFF30
:2050A000FFFFFFFFFFFFFFFFFFFFFFFFFFFFFFFFFFFFFFFFFFFFFFFFFFFFFFFFFFFFFFFF10
:2050C000FFFFFFFFFFFFFFFFFFFFFFFFFFFFFFFFFFFFFFFFFFFFFFFFFFFFFFFFFFFFFFFFF0
:2050E000FFFFFFFFFFFFFFFFFFFFFFFFFFFFFFFFFFFFFFFFFFFFFFFFFFFFFFFFFFFFFFFFD0
:20510000FFFFFFFFFFFFFFFFFFFFFFFFFFFFFFFFFFFFFFFFFFFFFFFFFFFFFFFFFFFFFFFFAF
:20512000FFFFFFFFFFFFFFFFFFFFFFFFFFFFFFFFFFFFFFFFFFFFFFFFFFFFFFFFFFFFFFFF8F
:20514000FFFFFFFFFFFFFFFFFFFFFFFFFFFFFFFFFFFFFFFFFFFFFFFFFFFFFFFFFFFFFFFF6F
:20516000FFFFFFFFFFFFFFFFFFFFFFFFFFFFFFFFFFFFFFFFFFFFFFFFFFFFFFFFFFFFFFFF4F
:20518000FFFFFFFFFFFFFFFFFFFFFFFFFFFFFFFFFFFFFFFFFFFFFFFFFFFFFFFFFFFFFFFF2F
:2051A000FFFFFFFFFFFFFFFFFFFFFFFFFFFFFFFFFFFFFFFFFFFFFFFFFFFFFFFFFFFFFFFF0F
:2051C000FFFFFFFFFFFFFFFFFFFFFFFFFFFFFFFFFFFFFFFFFFFFFFFFFFFFFFFFFFFFFFFFEF
:2051E000FFFFFFFFFFFFFFFFFFFFFFFFFFFFFFFFFFFFFFFFFFFFFFFFFFFFFFFFFFFFFFFFCF
:20520000FFFFFFFFFFFFFFFFFFFFFFFFFFFFFFFFFFFFFFFFFFFFFFFFFFFFFFFFFFFFFFFFAE
:20522000FFFFFFFFFFFFFFFFFFFFFFFFFFFFFFFFFFFFFFFFFFFFFFFFFFFFFFFFFFFFFFFF8E
:20524000FFFFFFFFFFFFFFFFFFFFFFFFFFFFFFFFFFFFFFFFFFFFFFFFFFFFFFFFFFFFFFFF6E
:20526000FFFFFFFFFFFFFFFFFFFFFFFFFFFFFFFFFFFFFFFFFFFFFFFFFFFFFFFFFFFFFFFF4E
:20528000FFFFFFFFFFFFFFFFFFFFFFFFFFFFFFFFFFFFFFFFFFFFFFFFFFFFFFFFFFFFFFFF2E
:2052A000FFFFFFFFFFFFFFFFFFFFFFFFFFFFFFFFFFFFFFFFFFFFFFFFFFFFFFFFFFFFFFFF0E
:2052C000FFFFFFFFFFFFFFFFFFFFFFFFFFFFFFFFFFFFFFFFFFFFFFFFFFFFFFFFFFFFFFFFEE
:2052E000FFFFFFFFFFFFFFFFFFFFFFFFFFFFFFFFFFFFFFFFFFFFFFFFFFFFFFFFFFFFFFFFCE
:20530000FFFFFFFFFFFFFFFFFFFFFFFFFFFFFFFFFFFFFFFFFFFFFFFFFFFFFFFFFFFFFFFFAD
:20532000FFFFFFFFFFFFFFFFFFFFFFFFFFFFFFFFFFFFFFFFFFFFFFFFFFFFFFFFFFFFFFFF8D
:20534000FFFFFFFFFFFFFFFFFFFFFFFFFFFFFFFFFFFFFFFFFFFFFFFFFFFFFFFFFFFFFFFF6D
:20536000FFFFFFFFFFFFFFFFFFFFFFFFFFFFFFFFFFFFFFFFFFFFFFFFFFFFFFFFFFFFFFFF4D
:20538000FFFFFFFFFFFFFFFFFFFFFFFFFFFFFFFFFFFFFFFFFFFFFFFFFFFFFFFFFFFFFFFF2D
:2053A000FFFFFFFFFFFFFFFFFFFFFFFFFFFFFFFFFFFFFFFFFFFFFFFFFFFFFFFFFFFFFFFF0D
:2053C000FFFFFFFFFFFFFFFFFFFFFFFFFFFFFFFFFFFFFFFFFFFFFFFFFFFFFFFFFFFFFFFFED
:2053E000FFFFFFFFFFFFFFFFFFFFFFFFFFFFFFFFFFFFFFFFFFFFFFFFFFFFFFFFFFFFFFFFCD
:20540000FFFFFFFFFFFFFFFFFFFFFFFFFFFFFFFFFFFFFFFFFFFFFFFFFFFFFFFFFFFFFFFFAC
:20542000FFFFFFFFFFFFFFFFFFFFFFFFFFFFFFFFFFFFFFFFFFFFFFFFFFFFFFFFFFFFFFFF8C
:20544000FFFFFFFFFFFFFFFFFFFFFFFFFFFFFFFFFFFFFFFFFFFFFFFFFFFFFFFFFFFFFFFF6C
:20546000FFFFFFFFFFFFFFFFFFFFFFFFFFFFFFFFFFFFFFFFFFFFFFFFFFFFFFFFFFFFFFFF4C
:20548000FFFFFFFFFFFFFFFFFFFFFFFFFFFFFFFFFFFFFFFFFFFFFFFFFFFFFFFFFFFFFFFF2C
:2054A000FFFFFFFFFFFFFFFFFFFFFFFFFFFFFFFFFFFFFFFFFFFFFFFFFFFFFFFFFFFFFFFF0C
:2054C000FFFFFFFFFFFFFFFFFFFFFFFFFFFFFFFFFFFFFFFFFFFFFFFFFFFFFFFFFFFFFFFFEC
:2054E000FFFFFFFFFFFFFFFFFFFFFFFFFFFFFFFFFFFFFFFFFFFFFFFFFFFFFFFFFFFFFFFFCC
:20550000FFFFFFFFFFFFFFFFFFFFFFFFFFFFFFFFFFFFFFFFFFFFFFFFFFFFFFFFFFFFFFFFAB
:20552000FFFFFFFFFFFFFFFFFFFFFFFFFFFFFFFFFFFFFFFFFFFFFFFFFFFFFFFFFFFFFFFF8B
:20554000FFFFFFFFFFFFFFFFFFFFFFFFFFFFFFFFFFFFFFFFFFFFFFFFFFFFFFFFFFFFFFFF6B
:20556000FFFFFFFFFFFFFFFFFFFFFFFFFFFFFFFFFFFFFFFFFFFFFFFFFFFFFFFFFFFFFFFF4B
:20558000FFFFFFFFFFFFFFFFFFFFFFFFFFFFFFFFFFFFFFFFFFFFFFFFFFFFFFFFFFFFFFFF2B
:2055A000FFFFFFFFFFFFFFFFFFFFFFFFFFFFFFFFFFFFFFFFFFFFFFFFFFFFFFFFFFFFFFFF0B
:2055C000FFFFFFFFFFFFFFFFFFFFFFFFFFFFFFFFFFFFFFFFFFFFFFFFFFFFFFFFFFFFFFFFEB
:2055E000FFFFFFFFFFFFFFFFFFFFFFFFFFFFFFFFFFFFFFFFFFFFFFFFFFFFFFFFFFFFFFFFCB
:20560000FFFFFFFFFFFFFFFFFFFFFFFFFFFFFFFFFFFFFFFFFFFFFFFFFFFFFFFFFFFFFFFFAA
:20562000FFFFFFFFFFFFFFFFFFFFFFFFFFFFFFFFFFFFFFFFFFFFFFFFFFFFFFFFFFFFFFFF8A
:20564000FFFFFFFFFFFFFFFFFFFFFFFFFFFFFFFFFFFFFFFFFFFFFFFFFFFFFFFFFFFFFFFF6A
:20566000FFFFFFFFFFFFFFFFFFFFFFFFFFFFFFFFFFFFFFFFFFFFFFFFFFFFFFFFFFFFFFFF4A
:20568000FFFFFFFFFFFFFFFFFFFFFFFFFFFFFFFFFFFFFFFFFFFFFFFFFFFFFFFFFFFFFFFF2A
:2056A000FFFFFFFFFFFFFFFFFFFFFFFFFFFFFFFFFFFFFFFFFFFFFFFFFFFFFFFFFFFFFFFF0A
:2056C000FFFFFFFFFFFFFFFFFFFFFFFFFFFFFFFFFFFFFFFFFFFFFFFFFFFFFFFFFFFFFFFFEA
:2056E000FFFFFFFFFFFFFFFFFFFFFFFFFFFFFFFFFFFFFFFFFFFFFFFFFFFFFFFFFFFFFFFFCA
:20570000FFFFFFFFFFFFFFFFFFFFFFFFFFFFFFFFFFFFFFFFFFFFFFFFFFFFFFFFFFFFFFFFA9
:20572000FFFFFFFFFFFFFFFFFFFFFFFFFFFFFFFFFFFFFFFFFFFFFFFFFFFFFFFFFFFFFFFF89
:20574000FFFFFFFFFFFFFFFFFFFFFFFFFFFFFFFFFFFFFFFFFFFFFFFFFFFFFFFFFFFFFFFF69
:20576000FFFFFFFFFFFFFFFFFFFFFFFFFFFFFFFFFFFFFFFFFFFFFFFFFFFFFFFFFFFFFFFF49
:20578000FFFFFFFFFFFFFFFFFFFFFFFFFFFFFFFFFFFFFFFFFFFFFFFFFFFFFFFFFFFFFFFF29
:2057A000FFFFFFFFFFFFFFFFFFFFFFFFFFFFFFFFFFFFFFFFFFFFFFFFFFFFFFFFFFFFFFFF09
:2057C000FFFFFFFFFFFFFFFFFFFFFFFFFFFFFFFFFFFFFFFFFFFFFFFFFFFFFFFFFFFFFFFFE9
:2057E000FFFFFFFFFFFFFFFFFFFFFFFFFFFFFFFFFFFFFFFFFFFFFFFFFFFFFFFFFFFFFFFFC9
:20580000FFFFFFFFFFFFFFFFFFFFFFFFFFFFFFFFFFFFFFFFFFFFFFFFFFFFFFFFFFFFFFFFA8
:20582000FFFFFFFFFFFFFFFFFFFFFFFFFFFFFFFFFFFFFFFFFFFFFFFFFFFFFFFFFFFFFFFF88
:20584000FFFFFFFFFFFFFFFFFFFFFFFFFFFFFFFFFFFFFFFFFFFFFFFFFFFFFFFFFFFFFFFF68
:20586000FFFFFFFFFFFFFFFFFFFFFFFFFFFFFFFFFFFFFFFFFFFFFFFFFFFFFFFFFFFFFFFF48
:20588000FFFFFFFFFFFFFFFFFFFFFFFFFFFFFFFFFFFFFFFFFFFFFFFFFFFFFFFFFFFFFFFF28
:2058A000FFFFFFFFFFFFFFFFFFFFFFFFFFFFFFFFFFFFFFFFFFFFFFFFFFFFFFFFFFFFFFFF08
:2058C000FFFFFFFFFFFFFFFFFFFFFFFFFFFFFFFFFFFFFFFFFFFFFFFFFFFFFFFFFFFFFFFFE8
:2058E000FFFFFFFFFFFFFFFFFFFFFFFFFFFFFFFFFFFFFFFFFFFFFFFFFFFFFFFFFFFFFFFFC8
:20590000FFFFFFFFFFFFFFFFFFFFFFFFFFFFFFFFFFFFFFFFFFFFFFFFFFFFFFFFFFFFFFFFA7
:20592000FFFFFFFFFFFFFFFFFFFFFFFFFFFFFFFFFFFFFFFFFFFFFFFFFFFFFFFFFFFFFFFF87
:20594000FFFFFFFFFFFFFFFFFFFFFFFFFFFFFFFFFFFFFFFFFFFFFFFFFFFFFFFFFFFFFFFF67
:20596000FFFFFFFFFFFFFFFFFFFFFFFFFFFFFFFFFFFFFFFFFFFFFFFFFFFFFFFFFFFFFFFF47
:20598000FFFFFFFFFFFFFFFFFFFFFFFFFFFFFFFFFFFFFFFFFFFFFFFFFFFFFFFFFFFFFFFF27
:2059A000FFFFFFFFFFFFFFFFFFFFFFFFFFFFFFFFFFFFFFFFFFFFFFFFFFFFFFFFFFFFFFFF07
:2059C000FFFFFFFFFFFFFFFFFFFFFFFFFFFFFFFFFFFFFFFFFFFFFFFFFFFFFFFFFFFFFFFFE7
:2059E000FFFFFFFFFFFFFFFFFFFFFFFFFFFFFFFFFFFFFFFFFFFFFFFFFFFFFFFFFFFFFFFFC7
:205A0000FFFFFFFFFFFFFFFFFFFFFFFFFFFFFFFFFFFFFFFFFFFFFFFFFFFFFFFFFFFFFFFFA6
:205A2000FFFFFFFFFFFFFFFFFFFFFFFFFFFFFFFFFFFFFFFFFFFFFFFFFFFFFFFFFFFFFFFF86
:205A4000FFFFFFFFFFFFFFFFFFFFFFFFFFFFFFFFFFFFFFFFFFFFFFFFFFFFFFFFFFFFFFFF66
:205A6000FFFFFFFFFFFFFFFFFFFFFFFFFFFFFFFFFFFFFFFFFFFFFFFFFFFFFFFFFFFFFFFF46
:205A8000FFFFFFFFFFFFFFFFFFFFFFFFFFFFFFFFFFFFFFFFFFFFFFFFFFFFFFFFFFFFFFFF26
:205AA000FFFFFFFFFFFFFFFFFFFFFFFFFFFFFFFFFFFFFFFFFFFFFFFFFFFFFFFFFFFFFFFF06
:205AC000FFFFFFFFFFFFFFFFFFFFFFFFFFFFFFFFFFFFFFFFFFFFFFFFFFFFFFFFFFFFFFFFE6
:205AE000FFFFFFFFFFFFFFFFFFFFFFFFFFFFFFFFFFFFFFFFFFFFFFFFFFFFFFFFFFFFFFFFC6
:205B0000FFFFFFFFFFFFFFFFFFFFFFFFFFFFFFFFFFFFFFFFFFFFFFFFFFFFFFFFFFFFFFFFA5
:205B2000FFFFFFFFFFFFFFFFFFFFFFFFFFFFFFFFFFFFFFFFFFFFFFFFFFFFFFFFFFFFFFFF85
:205B4000FFFFFFFFFFFFFFFFFFFFFFFFFFFFFFFFFFFFFFFFFFFFFFFFFFFFFFFFFFFFFFFF65
:205B6000FFFFFFFFFFFFFFFFFFFFFFFFFFFFFFFFFFFFFFFFFFFFFFFFFFFFFFFFFFFFFFFF45
:205B8000FFFFFFFFFFFFFFFFFFFFFFFFFFFFFFFFFFFFFFFFFFFFFFFFFFFFFFFFFFFFFFFF25
:205BA000FFFFFFFFFFFFFFFFFFFFFFFFFFFFFFFFFFFFFFFFFFFFFFFFFFFFFFFFFFFFFFFF05
:205BC000FFFFFFFFFFFFFFFFFFFFFFFFFFFFFFFFFFFFFFFFFFFFFFFFFFFFFFFFFFFFFFFFE5
:205BE000FFFFFFFFFFFFFFFFFFFFFFFFFFFFFFFFFFFFFFFFFFFFFFFFFFFFFFFFFFFFFFFFC5
:205C0000FFFFFFFFFFFFFFFFFFFFFFFFFFFFFFFFFFFFFFFFFFFFFFFFFFFFFFFFFFFFFFFFA4
:205C2000FFFFFFFFFFFFFFFFFFFFFFFFFFFFFFFFFFFFFFFFFFFFFFFFFFFFFFFFFFFFFFFF84
:205C4000FFFFFFFFFFFFFFFFFFFFFFFFFFFFFFFFFFFFFFFFFFFFFFFFFFFFFFFFFFFFFFFF64
:205C6000FFFFFFFFFFFFFFFFFFFFFFFFFFFFFFFFFFFFFFFFFFFFFFFFFFFFFFFFFFFFFFFF44
:205C8000FFFFFFFFFFFFFFFFFFFFFFFFFFFFFFFFFFFFFFFFFFFFFFFFFFFFFFFFFFFFFFFF24
:205CA000FFFFFFFFFFFFFFFFFFFFFFFFFFFFFFFFFFFFFFFFFFFFFFFFFFFFFFFFFFFFFFFF04
:205CC000FFFFFFFFFFFFFFFFFFFFFFFFFFFFFFFFFFFFFFFFFFFFFFFFFFFFFFFFFFFFFFFFE4
:205CE000FFFFFFFFFFFFFFFFFFFFFFFFFFFFFFFFFFFFFFFFFFFFFFFFFFFFFFFFFFFFFFFFC4
:205D0000FFFFFFFFFFFFFFFFFFFFFFFFFFFFFFFFFFFFFFFFFFFFFFFFFFFFFFFFFFFFFFFFA3
:205D2000FFFFFFFFFFFFFFFFFFFFFFFFFFFFFFFFFFFFFFFFFFFFFFFFFFFFFFFFFFFFFFFF83
:205D4000FFFFFFFFFFFFFFFFFFFFFFFFFFFFFFFFFFFFFFFFFFFFFFFFFFFFFFFFFFFFFFFF63
:205D6000FFFFFFFFFFFFFFFFFFFFFFFFFFFFFFFFFFFFFFFFFFFFFFFFFFFFFFFFFFFFFFFF43
:205D8000FFFFFFFFFFFFFFFFFFFFFFFFFFFFFFFFFFFFFFFFFFFFFFFFFFFFFFFFFFFFFFFF23
:205DA000FFFFFFFFFFFFFFFFFFFFFFFFFFFFFFFFFFFFFFFFFFFFFFFFFFFFFFFFFFFFFFFF03
:205DC000FFFFFFFFFFFFFFFFFFFFFFFFFFFFFFFFFFFFFFFFFFFFFFFFFFFFFFFFFFFFFFFFE3
:205DE000FFFFFFFFFFFFFFFFFFFFFFFFFFFFFFFFFFFFFFFFFFFFFFFFFFFFFFFFFFFFFFFFC3
:205E0000FFFFFFFFFFFFFFFFFFFFFFFFFFFFFFFFFFFFFFFFFFFFFFFFFFFFFFFFFFFFFFFFA2
:205E2000FFFFFFFFFFFFFFFFFFFFFFFFFFFFFFFFFFFFFFFFFFFFFFFFFFFFFFFFFFFFFFFF82
:205E4000FFFFFFFFFFFFFFFFFFFFFFFFFFFFFFFFFFFFFFFFFFFFFFFFFFFFFFFFFFFFFFFF62
:205E6000FFFFFFFFFFFFFFFFFFFFFFFFFFFFFFFFFFFFFFFFFFFFFFFFFFFFFFFFFFFFFFFF42
:205E8000FFFFFFFFFFFFFFFFFFFFFFFFFFFFFFFFFFFFFFFFFFFFFFFFFFFFFFFFFFFFFFFF22
:205EA000FFFFFFFFFFFFFFFFFFFFFFFFFFFFFFFFFFFFFFFFFFFFFFFFFFFFFFFFFFFFFFFF02
:205EC000FFFFFFFFFFFFFFFFFFFFFFFFFFFFFFFFFFFFFFFFFFFFFFFFFFFFFFFFFFFFFFFFE2
:205EE000FFFFFFFFFFFFFFFFFFFFFFFFFFFFFFFFFFFFFFFFFFFFFFFFFFFFFFFFFFFFFFFFC2
:205F0000FFFFFFFFFFFFFFFFFFFFFFFFFFFFFFFFFFFFFFFFFFFFFFFFFFFFFFFFFFFFFFFFA1
:205F2000FFFFFFFFFFFFFFFFFFFFFFFFFFFFFFFFFFFFFFFFFFFFFFFFFFFFFFFFFFFFFFFF81
:205F4000FFFFFFFFFFFFFFFFFFFFFFFFFFFFFFFFFFFFFFFFFFFFFFFFFFFFFFFFFFFFFFFF61
:205F6000FFFFFFFFFFFFFFFFFFFFFFFFFFFFFFFFFFFFFFFFFFFFFFFFFFFFFFFFFFFFFFFF41
:205F8000FFFFFFFFFFFFFFFFFFFFFFFFFFFFFFFFFFFFFFFFFFFFFFFFFFFFFFFFFFFFFFFF21
:205FA000FFFFFFFFFFFFFFFFFFFFFFFFFFFFFFFFFFFFFFFFFFFFFFFFFFFFFFFFFFFFFFFF01
:205FC000FFFFFFFFFFFFFFFFFFFFFFFFFFFFFFFFFFFFFFFFFFFFFFFFFFFFFFFFFFFFFFFFE1
:205FE000FFFFFFFFFFFFFFFFFFFFFFFFFFFFFFFFFFFFFFFFFFFFFFFFFFFFFFFFFFFFFFFFC1
:20600000FFFFFFFFFFFFFFFFFFFFFFFFFFFFFFFFFFFFFFFFFFFFFFFFFFFFFFFFFFFFFFFFA0
:20602000FFFFFFFFFFFFFFFFFFFFFFFFFFFFFFFFFFFFFFFFFFFFFFFFFFFFFFFFFFFFFFFF80
:20604000FFFFFFFFFFFFFFFFFFFFFFFFFFFFFFFFFFFFFFFFFFFFFFFFFFFFFFFFFFFFFFFF60
:20606000FFFFFFFFFFFFFFFFFFFFFFFFFFFFFFFFFFFFFFFFFFFFFFFFFFFFFFFFFFFFFFFF40
:20608000FFFFFFFFFFFFFFFFFFFFFFFFFFFFFFFFFFFFFFFFFFFFFFFFFFFFFFFFFFFFFFFF20
:2060A000FFFFFFFFFFFFFFFFFFFFFFFFFFFFFFFFFFFFFFFFFFFFFFFFFFFFFFFFFFFFFFFF00
:2060C000FFFFFFFFFFFFFFFFFFFFFFFFFFFFFFFFFFFFFFFFFFFFFFFFFFFFFFFFFFFFFFFFE0
:2060E000FFFFFFFFFFFFFFFFFFFFFFFFFFFFFFFFFFFFFFFFFFFFFFFFFFFFFFFFFFFFFFFFC0
:20610000FFFFFFFFFFFFFFFFFFFFFFFFFFFFFFFFFFFFFFFFFFFFFFFFFFFFFFFFFFFFFFFF9F
:20612000FFFFFFFFFFFFFFFFFFFFFFFFFFFFFFFFFFFFFFFFFFFFFFFFFFFFFFFFFFFFFFFF7F
:20614000FFFFFFFFFFFFFFFFFFFFFFFFFFFFFFFFFFFFFFFFFFFFFFFFFFFFFFFFFFFFFFFF5F
:20616000FFFFFFFFFFFFFFFFFFFFFFFFFFFFFFFFFFFFFFFFFFFFFFFFFFFFFFFFFFFFFFFF3F
:20618000FFFFFFFFFFFFFFFFFFFFFFFFFFFFFFFFFFFFFFFFFFFFFFFFFFFFFFFFFFFFFFFF1F
:2061A000FFFFFFFFFFFFFFFFFFFFFFFFFFFFFFFFFFFFFFFFFFFFFFFFFFFFFFFFFFFFFFFFFF
:2061C000FFFFFFFFFFFFFFFFFFFFFFFFFFFFFFFFFFFFFFFFFFFFFFFFFFFFFFFFFFFFFFFFDF
:2061E000FFFFFFFFFFFFFFFFFFFFFFFFFFFFFFFFFFFFFFFFFFFFFFFFFFFFFFFFFFFFFFFFBF
:20620000FFFFFFFFFFFFFFFFFFFFFFFFFFFFFFFFFFFFFFFFFFFFFFFFFFFFFFFFFFFFFFFF9E
:20622000FFFFFFFFFFFFFFFFFFFFFFFFFFFFFFFFFFFFFFFFFFFFFFFFFFFFFFFFFFFFFFFF7E
:20624000FFFFFFFFFFFFFFFFFFFFFFFFFFFFFFFFFFFFFFFFFFFFFFFFFFFFFFFFFFFFFFFF5E
:20626000FFFFFFFFFFFFFFFFFFFFFFFFFFFFFFFFFFFFFFFFFFFFFFFFFFFFFFFFFFFFFFFF3E
:20628000FFFFFFFFFFFFFFFFFFFFFFFFFFFFFFFFFFFFFFFFFFFFFFFFFFFFFFFFFFFFFFFF1E
:2062A000FFFFFFFFFFFFFFFFFFFFFFFFFFFFFFFFFFFFFFFFFFFFFFFFFFFFFFFFFFFFFFFFFE
:2062C000FFFFFFFFFFFFFFFFFFFFFFFFFFFFFFFFFFFFFFFFFFFFFFFFFFFFFFFFFFFFFFFFDE
:2062E000FFFFFFFFFFFFFFFFFFFFFFFFFFFFFFFFFFFFFFFFFFFFFFFFFFFFFFFFFFFFFFFFBE
:20630000FFFFFFFFFFFFFFFFFFFFFFFFFFFFFFFFFFFFFFFFFFFFFFFFFFFFFFFFFFFFFFFF9D
:20632000FFFFFFFFFFFFFFFFFFFFFFFFFFFFFFFFFFFFFFFFFFFFFFFFFFFFFFFFFFFFFFFF7D
:20634000FFFFFFFFFFFFFFFFFFFFFFFFFFFFFFFFFFFFFFFFFFFFFFFFFFFFFFFFFFFFFFFF5D
:20636000FFFFFFFFFFFFFFFFFFFFFFFFFFFFFFFFFFFFFFFFFFFFFFFFFFFFFFFFFFFFFFFF3D
:20638000FFFFFFFFFFFFFFFFFFFFFFFFFFFFFFFFFFFFFFFFFFFFFFFFFFFFFFFFFFFFFFFF1D
:2063A000FFFFFFFFFFFFFFFFFFFFFFFFFFFFFFFFFFFFFFFFFFFFFFFFFFFFFFFFFFFFFFFFFD
:2063C000FFFFFFFFFFFFFFFFFFFFFFFFFFFFFFFFFFFFFFFFFFFFFFFFFFFFFFFFFFFFFFFFDD
:2063E000FFFFFFFFFFFFFFFFFFFFFFFFFFFFFFFFFFFFFFFFFFFFFFFFFFFFFFFFFFFFFFFFBD
:20640000FFFFFFFFFFFFFFFFFFFFFFFFFFFFFFFFFFFFFFFFFFFFFFFFFFFFFFFFFFFFFFFF9C
:20642000FFFFFFFFFFFFFFFFFFFFFFFFFFFFFFFFFFFFFFFFFFFFFFFFFFFFFFFFFFFFFFFF7C
:20644000FFFFFFFFFFFFFFFFFFFFFFFFFFFFFFFFFFFFFFFFFFFFFFFFFFFFFFFFFFFFFFFF5C
:20646000FFFFFFFFFFFFFFFFFFFFFFFFFFFFFFFFFFFFFFFFFFFFFFFFFFFFFFFFFFFFFFFF3C
:20648000FFFFFFFFFFFFFFFFFFFFFFFFFFFFFFFFFFFFFFFFFFFFFFFFFFFFFFFFFFFFFFFF1C
:2064A000FFFFFFFFFFFFFFFFFFFFFFFFFFFFFFFFFFFFFFFFFFFFFFFFFFFFFFFFFFFFFFFFFC
:2064C000FFFFFFFFFFFFFFFFFFFFFFFFFFFFFFFFFFFFFFFFFFFFFFFFFFFFFFFFFFFFFFFFDC
:2064E000FFFFFFFFFFFFFFFFFFFFFFFFFFFFFFFFFFFFFFFFFFFFFFFFFFFFFFFFFFFFFFFFBC
:20650000FFFFFFFFFFFFFFFFFFFFFFFFFFFFFFFFFFFFFFFFFFFFFFFFFFFFFFFFFFFFFFFF9B
:20652000FFFFFFFFFFFFFFFFFFFFFFFFFFFFFFFFFFFFFFFFFFFFFFFFFFFFFFFFFFFFFFFF7B
:20654000FFFFFFFFFFFFFFFFFFFFFFFFFFFFFFFFFFFFFFFFFFFFFFFFFFFFFFFFFFFFFFFF5B
:20656000FFFFFFFFFFFFFFFFFFFFFFFFFFFFFFFFFFFFFFFFFFFFFFFFFFFFFFFFFFFFFFFF3B
:20658000FFFFFFFFFFFFFFFFFFFFFFFFFFFFFFFFFFFFFFFFFFFFFFFFFFFFFFFFFFFFFFFF1B
:2065A000FFFFFFFFFFFFFFFFFFFFFFFFFFFFFFFFFFFFFFFFFFFFFFFFFFFFFFFFFFFFFFFFFB
:2065C000FFFFFFFFFFFFFFFFFFFFFFFFFFFFFFFFFFFFFFFFFFFFFFFFFFFFFFFFFFFFFFFFDB
:2065E000FFFFFFFFFFFFFFFFFFFFFFFFFFFFFFFFFFFFFFFFFFFFFFFFFFFFFFFFFFFFFFFFBB
:20660000FFFFFFFFFFFFFFFFFFFFFFFFFFFFFFFFFFFFFFFFFFFFFFFFFFFFFFFFFFFFFFFF9A
:20662000FFFFFFFFFFFFFFFFFFFFFFFFFFFFFFFFFFFFFFFFFFFFFFFFFFFFFFFFFFFFFFFF7A
:20664000FFFFFFFFFFFFFFFFFFFFFFFFFFFFFFFFFFFFFFFFFFFFFFFFFFFFFFFFFFFFFFFF5A
:20666000FFFFFFFFFFFFFFFFFFFFFFFFFFFFFFFFFFFFFFFFFFFFFFFFFFFFFFFFFFFFFFFF3A
:20668000FFFFFFFFFFFFFFFFFFFFFFFFFFFFFFFFFFFFFFFFFFFFFFFFFFFFFFFFFFFFFFFF1A
:2066A000FFFFFFFFFFFFFFFFFFFFFFFFFFFFFFFFFFFFFFFFFFFFFFFFFFFFFFFFFFFFFFFFFA
:2066C000FFFFFFFFFFFFFFFFFFFFFFFFFFFFFFFFFFFFFFFFFFFFFFFFFFFFFFFFFFFFFFFFDA
:2066E000FFFFFFFFFFFFFFFFFFFFFFFFFFFFFFFFFFFFFFFFFFFFFFFFFFFFFFFFFFFFFFFFBA
:20670000FFFFFFFFFFFFFFFFFFFFFFFFFFFFFFFFFFFFFFFFFFFFFFFFFFFFFFFFFFFFFFFF99
:20672000FFFFFFFFFFFFFFFFFFFFFFFFFFFFFFFFFFFFFFFFFFFFFFFFFFFFFFFFFFFFFFFF79
:20674000FFFFFFFFFFFFFFFFFFFFFFFFFFFFFFFFFFFFFFFFFFFFFFFFFFFFFFFFFFFFFFFF59
:20676000FFFFFFFFFFFFFFFFFFFFFFFFFFFFFFFFFFFFFFFFFFFFFFFFFFFFFFFFFFFFFFFF39
:20678000FFFFFFFFFFFFFFFFFFFFFFFFFFFFFFFFFFFFFFFFFFFFFFFFFFFFFFFFFFFFFFFF19
:2067A000FFFFFFFFFFFFFFFFFFFFFFFFFFFFFFFFFFFFFFFFFFFFFFFFFFFFFFFFFFFFFFFFF9
:2067C000FFFFFFFFFFFFFFFFFFFFFFFFFFFFFFFFFFFFFFFFFFFFFFFFFFFFFFFFFFFFFFFFD9
:2067E000FFFFFFFFFFFFFFFFFFFFFFFFFFFFFFFFFFFFFFFFFFFFFFFFFFFFFFFFFFFFFFFFB9
:20680000FFFFFFFFFFFFFFFFFFFFFFFFFFFFFFFFFFFFFFFFFFFFFFFFFFFFFFFFFFFFFFFF98
:20682000FFFFFFFFFFFFFFFFFFFFFFFFFFFFFFFFFFFFFFFFFFFFFFFFFFFFFFFFFFFFFFFF78
:20684000FFFFFFFFFFFFFFFFFFFFFFFFFFFFFFFFFFFFFFFFFFFFFFFFFFFFFFFFFFFFFFFF58
:20686000FFFFFFFFFFFFFFFFFFFFFFFFFFFFFFFFFFFFFFFFFFFFFFFFFFFFFFFFFFFFFFFF38
:20688000FFFFFFFFFFFFFFFFFFFFFFFFFFFFFFFFFFFFFFFFFFFFFFFFFFFFFFFFFFFFFFFF18
:2068A000FFFFFFFFFFFFFFFFFFFFFFFFFFFFFFFFFFFFFFFFFFFFFFFFFFFFFFFFFFFFFFFFF8
:2068C000FFFFFFFFFFFFFFFFFFFFFFFFFFFFFFFFFFFFFFFFFFFFFFFFFFFFFFFFFFFFFFFFD8
:2068E000FFFFFFFFFFFFFFFFFFFFFFFFFFFFFFFFFFFFFFFFFFFFFFFFFFFFFFFFFFFFFFFFB8
:20690000FFFFFFFFFFFFFFFFFFFFFFFFFFFFFFFFFFFFFFFFFFFFFFFFFFFFFFFFFFFFFFFF97
:20692000FFFFFFFFFFFFFFFFFFFFFFFFFFFFFFFFFFFFFFFFFFFFFFFFFFFFFFFFFFFFFFFF77
:20694000FFFFFFFFFFFFFFFFFFFFFFFFFFFFFFFFFFFFFFFFFFFFFFFFFFFFFFFFFFFFFFFF57
:20696000FFFFFFFFFFFFFFFFFFFFFFFFFFFFFFFFFFFFFFFFFFFFFFFFFFFFFFFFFFFFFFFF37
:20698000FFFFFFFFFFFFFFFFFFFFFFFFFFFFFFFFFFFFFFFFFFFFFFFFFFFFFFFFFFFFFFFF17
:2069A000FFFFFFFFFFFFFFFFFFFFFFFFFFFFFFFFFFFFFFFFFFFFFFFFFFFFFFFFFFFFFFFFF7
:2069C000FFFFFFFFFFFFFFFFFFFFFFFFFFFFFFFFFFFFFFFFFFFFFFFFFFFFFFFFFFFFFFFFD7
:2069E000FFFFFFFFFFFFFFFFFFFFFFFFFFFFFFFFFFFFFFFFFFFFFFFFFFFFFFFFFFFFFFFFB7
:206A0000FFFFFFFFFFFFFFFFFFFFFFFFFFFFFFFFFFFFFFFFFFFFFFFFFFFFFFFFFFFFFFFF96
:206A2000FFFFFFFFFFFFFFFFFFFFFFFFFFFFFFFFFFFFFFFFFFFFFFFFFFFFFFFFFFFFFFFF76
:206A4000FFFFFFFFFFFFFFFFFFFFFFFFFFFFFFFFFFFFFFFFFFFFFFFFFFFFFFFFFFFFFFFF56
:206A6000FFFFFFFFFFFFFFFFFFFFFFFFFFFFFFFFFFFFFFFFFFFFFFFFFFFFFFFFFFFFFFFF36
:206A8000FFFFFFFFFFFFFFFFFFFFFFFFFFFFFFFFFFFFFFFFFFFFFFFFFFFFFFFFFFFFFFFF16
:206AA000FFFFFFFFFFFFFFFFFFFFFFFFFFFFFFFFFFFFFFFFFFFFFFFFFFFFFFFFFFFFFFFFF6
:206AC000FFFFFFFFFFFFFFFFFFFFFFFFFFFFFFFFFFFFFFFFFFFFFFFFFFFFFFFFFFFFFFFFD6
:206AE000FFFFFFFFFFFFFFFFFFFFFFFFFFFFFFFFFFFFFFFFFFFFFFFFFFFFFFFFFFFFFFFFB6
:206B0000FFFFFFFFFFFFFFFFFFFFFFFFFFFFFFFFFFFFFFFFFFFFFFFFFFFFFFFFFFFFFFFF95
:206B2000FFFFFFFFFFFFFFFFFFFFFFFFFFFFFFFFFFFFFFFFFFFFFFFFFFFFFFFFFFFFFFFF75
:206B4000FFFFFFFFFFFFFFFFFFFFFFFFFFFFFFFFFFFFFFFFFFFFFFFFFFFFFFFFFFFFFFFF55
:206B6000FFFFFFFFFFFFFFFFFFFFFFFFFFFFFFFFFFFFFFFFFFFFFFFFFFFFFFFFFFFFFFFF35
:206B8000FFFFFFFFFFFFFFFFFFFFFFFFFFFFFFFFFFFFFFFFFFFFFFFFFFFFFFFFFFFFFFFF15
:206BA000FFFFFFFFFFFFFFFFFFFFFFFFFFFFFFFFFFFFFFFFFFFFFFFFFFFFFFFFFFFFFFFFF5
:206BC000FFFFFFFFFFFFFFFFFFFFFFFFFFFFFFFFFFFFFFFFFFFFFFFFFFFFFFFFFFFFFFFFD5
:206BE000FFFFFFFFFFFFFFFFFFFFFFFFFFFFFFFFFFFFFFFFFFFFFFFFFFFFFFFFFFFFFFFFB5
:206C0000FFFFFFFFFFFFFFFFFFFFFFFFFFFFFFFFFFFFFFFFFFFFFFFFFFFFFFFFFFFFFFFF94
:206C2000FFFFFFFFFFFFFFFFFFFFFFFFFFFFFFFFFFFFFFFFFFFFFFFFFFFFFFFFFFFFFFFF74
:206C4000FFFFFFFFFFFFFFFFFFFFFFFFFFFFFFFFFFFFFFFFFFFFFFFFFFFFFFFFFFFFFFFF54
:206C6000FFFFFFFFFFFFFFFFFFFFFFFFFFFFFFFFFFFFFFFFFFFFFFFFFFFFFFFFFFFFFFFF34
:206C8000FFFFFFFFFFFFFFFFFFFFFFFFFFFFFFFFFFFFFFFFFFFFFFFFFFFFFFFFFFFFFFFF14
:206CA000FFFFFFFFFFFFFFFFFFFFFFFFFFFFFFFFFFFFFFFFFFFFFFFFFFFFFFFFFFFFFFFFF4
:206CC000FFFFFFFFFFFFFFFFFFFFFFFFFFFFFFFFFFFFFFFFFFFFFFFFFFFFFFFFFFFFFFFFD4
:206CE000FFFFFFFFFFFFFFFFFFFFFFFFFFFFFFFFFFFFFFFFFFFFFFFFFFFFFFFFFFFFFFFFB4
:206D0000FFFFFFFFFFFFFFFFFFFFFFFFFFFFFFFFFFFFFFFFFFFFFFFFFFFFFFFFFFFFFFFF93
:206D2000FFFFFFFFFFFFFFFFFFFFFFFFFFFFFFFFFFFFFFFFFFFFFFFFFFFFFFFFFFFFFFFF73
:206D4000FFFFFFFFFFFFFFFFFFFFFFFFFFFFFFFFFFFFFFFFFFFFFFFFFFFFFFFFFFFFFFFF53
:206D6000FFFFFFFFFFFFFFFFFFFFFFFFFFFFFFFFFFFFFFFFFFFFFFFFFFFFFFFFFFFFFFFF33
:206D8000FFFFFFFFFFFFFFFFFFFFFFFFFFFFFFFFFFFFFFFFFFFFFFFFFFFFFFFFFFFFFFFF13
:206DA000FFFFFFFFFFFFFFFFFFFFFFFFFFFFFFFFFFFFFFFFFFFFFFFFFFFFFFFFFFFFFFFFF3
:206DC000FFFFFFFFFFFFFFFFFFFFFFFFFFFFFFFFFFFFFFFFFFFFFFFFFFFFFFFFFFFFFFFFD3
:206DE000FFFFFFFFFFFFFFFFFFFFFFFFFFFFFFFFFFFFFFFFFFFFFFFFFFFFFFFFFFFFFFFFB3
:206E0000FFFFFFFFFFFFFFFFFFFFFFFFFFFFFFFFFFFFFFFFFFFFFFFFFFFFFFFFFFFFFFFF92
:206E2000FFFFFFFFFFFFFFFFFFFFFFFFFFFFFFFFFFFFFFFFFFFFFFFFFFFFFFFFFFFFFFFF72
:206E4000FFFFFFFFFFFFFFFFFFFFFFFFFFFFFFFFFFFFFFFFFFFFFFFFFFFFFFFFFFFFFFFF52
:206E6000FFFFFFFFFFFFFFFFFFFFFFFFFFFFFFFFFFFFFFFFFFFFFFFFFFFFFFFFFFFFFFFF32
:206E8000FFFFFFFFFFFFFFFFFFFFFFFFFFFFFFFFFFFFFFFFFFFFFFFFFFFFFFFFFFFFFFFF12
:206EA000FFFFFFFFFFFFFFFFFFFFFFFFFFFFFFFFFFFFFFFFFFFFFFFFFFFFFFFFFFFFFFFFF2
:206EC000FFFFFFFFFFFFFFFFFFFFFFFFFFFFFFFFFFFFFFFFFFFFFFFFFFFFFFFFFFFFFFFFD2
:206EE000FFFFFFFFFFFFFFFFFFFFFFFFFFFFFFFFFFFFFFFFFFFFFFFFFFFFFFFFFFFFFFFFB2
:206F0000FFFFFFFFFFFFFFFFFFFFFFFFFFFFFFFFFFFFFFFFFFFFFFFFFFFFFFFFFFFFFFFF91
:206F2000FFFFFFFFFFFFFFFFFFFFFFFFFFFFFFFFFFFFFFFFFFFFFFFFFFFFFFFFFFFFFFFF71
:206F4000FFFFFFFFFFFFFFFFFFFFFFFFFFFFFFFFFFFFFFFFFFFFFFFFFFFFFFFFFFFFFFFF51
:206F6000FFFFFFFFFFFFFFFFFFFFFFFFFFFFFFFFFFFFFFFFFFFFFFFFFFFFFFFFFFFFFFFF31
:206F8000FFFFFFFFFFFFFFFFFFFFFFFFFFFFFFFFFFFFFFFFFFFFFFFFFFFFFFFFFFFFFFFF11
:206FA000FFFFFFFFFFFFFFFFFFFFFFFFFFFFFFFFFFFFFFFFFFFFFFFFFFFFFFFFFFFFFFFFF1
:206FC000FFFFFFFFFFFFFFFFFFFFFFFFFFFFFFFFFFFFFFFFFFFFFFFFFFFFFFFFFFFFFFFFD1
:206FE000FFFFFFFFFFFFFFFFFFFFFFFFFFFFFFFFFFFFFFFFFFFFFFFFFFFFFFFFFFFFFFFFB1
:20700000FFFFFFFFFFFFFFFFFFFFFFFFFFFFFFFFFFFFFFFFFFFFFFFFFFFFFFFFFFFFFFFF90
:20702000FFFFFFFFFFFFFFFFFFFFFFFFFFFFFFFFFFFFFFFFFFFFFFFFFFFFFFFFFFFFFFFF70
:20704000FFFFFFFFFFFFFFFFFFFFFFFFFFFFFFFFFFFFFFFFFFFFFFFFFFFFFFFFFFFFFFFF50
:20706000FFFFFFFFFFFFFFFFFFFFFFFFFFFFFFFFFFFFFFFFFFFFFFFFFFFFFFFFFFFFFFFF30
:20708000FFFFFFFFFFFFFFFFFFFFFFFFFFFFFFFFFFFFFFFFFFFFFFFFFFFFFFFFFFFFFFFF10
:2070A000FFFFFFFFFFFFFFFFFFFFFFFFFFFFFFFFFFFFFFFFFFFFFFFFFFFFFFFFFFFFFFFFF0
:2070C000FFFFFFFFFFFFFFFFFFFFFFFFFFFFFFFFFFFFFFFFFFFFFFFFFFFFFFFFFFFFFFFFD0
:2070E000FFFFFFFFFFFFFFFFFFFFFFFFFFFFFFFFFFFFFFFFFFFFFFFFFFFFFFFFFFFFFFFFB0
:20710000FFFFFFFFFFFFFFFFFFFFFFFFFFFFFFFFFFFFFFFFFFFFFFFFFFFFFFFFFFFFFFFF8F
:20712000FFFFFFFFFFFFFFFFFFFFFFFFFFFFFFFFFFFFFFFFFFFFFFFFFFFFFFFFFFFFFFFF6F
:20714000FFFFFFFFFFFFFFFFFFFFFFFFFFFFFFFFFFFFFFFFFFFFFFFFFFFFFFFFFFFFFFFF4F
:20716000FFFFFFFFFFFFFFFFFFFFFFFFFFFFFFFFFFFFFFFFFFFFFFFFFFFFFFFFFFFFFFFF2F
:20718000FFFFFFFFFFFFFFFFFFFFFFFFFFFFFFFFFFFFFFFFFFFFFFFFFFFFFFFFFFFFFFFF0F
:2071A000FFFFFFFFFFFFFFFFFFFFFFFFFFFFFFFFFFFFFFFFFFFFFFFFFFFFFFFFFFFFFFFFEF
:2071C000FFFFFFFFFFFFFFFFFFFFFFFFFFFFFFFFFFFFFFFFFFFFFFFFFFFFFFFFFFFFFFFFCF
:2071E000FFFFFFFFFFFFFFFFFFFFFFFFFFFFFFFFFFFFFFFFFFFFFFFFFFFFFFFFFFFFFFFFAF
:20720000FFFFFFFFFFFFFFFFFFFFFFFFFFFFFFFFFFFFFFFFFFFFFFFFFFFFFFFFFFFFFFFF8E
:20722000FFFFFFFFFFFFFFFFFFFFFFFFFFFFFFFFFFFFFFFFFFFFFFFFFFFFFFFFFFFFFFFF6E
:20724000FFFFFFFFFFFFFFFFFFFFFFFFFFFFFFFFFFFFFFFFFFFFFFFFFFFFFFFFFFFFFFFF4E
:20726000FFFFFFFFFFFFFFFFFFFFFFFFFFFFFFFFFFFFFFFFFFFFFFFFFFFFFFFFFFFFFFFF2E
:20728000FFFFFFFFFFFFFFFFFFFFFFFFFFFFFFFFFFFFFFFFFFFFFFFFFFFFFFFFFFFFFFFF0E
:2072A000FFFFFFFFFFFFFFFFFFFFFFFFFFFFFFFFFFFFFFFFFFFFFFFFFFFFFFFFFFFFFFFFEE
:2072C000FFFFFFFFFFFFFFFFFFFFFFFFFFFFFFFFFFFFFFFFFFFFFFFFFFFFFFFFFFFFFFFFCE
:2072E000FFFFFFFFFFFFFFFFFFFFFFFFFFFFFFFFFFFFFFFFFFFFFFFFFFFFFFFFFFFFFFFFAE
:20730000FFFFFFFFFFFFFFFFFFFFFFFFFFFFFFFFFFFFFFFFFFFFFFFFFFFFFFFFFFFFFFFF8D
:20732000FFFFFFFFFFFFFFFFFFFFFFFFFFFFFFFFFFFFFFFFFFFFFFFFFFFFFFFFFFFFFFFF6D
:20734000FFFFFFFFFFFFFFFFFFFFFFFFFFFFFFFFFFFFFFFFFFFFFFFFFFFFFFFFFFFFFFFF4D
:20736000FFFFFFFFFFFFFFFFFFFFFFFFFFFFFFFFFFFFFFFFFFFFFFFFFFFFFFFFFFFFFFFF2D
:20738000FFFFFFFFFFFFFFFFFFFFFFFFFFFFFFFFFFFFFFFFFFFFFFFFFFFFFFFFFFFFFFFF0D
:2073A000FFFFFFFFFFFFFFFFFFFFFFFFFFFFFFFFFFFFFFFFFFFFFFFFFFFFFFFFFFFFFFFFED
:2073C000FFFFFFFFFFFFFFFFFFFFFFFFFFFFFFFFFFFFFFFFFFFFFFFFFFFFFFFFFFFFFFFFCD
:2073E000FFFFFFFFFFFFFFFFFFFFFFFFFFFFFFFFFFFFFFFFFFFFFFFFFFFFFFFFFFFFFFFFAD
:20740000FFFFFFFFFFFFFFFFFFFFFFFFFFFFFFFFFFFFFFFFFFFFFFFFFFFFFFFFFFFFFFFF8C
:20742000FFFFFFFFFFFFFFFFFFFFFFFFFFFFFFFFFFFFFFFFFFFFFFFFFFFFFFFFFFFFFFFF6C
:20744000FFFFFFFFFFFFFFFFFFFFFFFFFFFFFFFFFFFFFFFFFFFFFFFFFFFFFFFFFFFFFFFF4C
:20746000FFFFFFFFFFFFFFFFFFFFFFFFFFFFFFFFFFFFFFFFFFFFFFFFFFFFFFFFFFFFFFFF2C
:20748000FFFFFFFFFFFFFFFFFFFFFFFFFFFFFFFFFFFFFFFFFFFFFFFFFFFFFFFFFFFFFFFF0C
:2074A000FFFFFFFFFFFFFFFFFFFFFFFFFFFFFFFFFFFFFFFFFFFFFFFFFFFFFFFFFFFFFFFFEC
:2074C000FFFFFFFFFFFFFFFFFFFFFFFFFFFFFFFFFFFFFFFFFFFFFFFFFFFFFFFFFFFFFFFFCC
:2074E000FFFFFFFFFFFFFFFFFFFFFFFFFFFFFFFFFFFFFFFFFFFFFFFFFFFFFFFFFFFFFFFFAC
:20750000FFFFFFFFFFFFFFFFFFFFFFFFFFFFFFFFFFFFFFFFFFFFFFFFFFFFFFFFFFFFFFFF8B
:20752000FFFFFFFFFFFFFFFFFFFFFFFFFFFFFFFFFFFFFFFFFFFFFFFFFFFFFFFFFFFFFFFF6B
:20754000FFFFFFFFFFFFFFFFFFFFFFFFFFFFFFFFFFFFFFFFFFFFFFFFFFFFFFFFFFFFFFFF4B
:20756000FFFFFFFFFFFFFFFFFFFFFFFFFFFFFFFFFFFFFFFFFFFFFFFFFFFFFFFFFFFFFFFF2B
:20758000FFFFFFFFFFFFFFFFFFFFFFFFFFFFFFFFFFFFFFFFFFFFFFFFFFFFFFFFFFFFFFFF0B
:2075A000FFFFFFFFFFFFFFFFFFFFFFFFFFFFFFFFFFFFFFFFFFFFFFFFFFFFFFFFFFFFFFFFEB
:2075C000FFFFFFFFFFFFFFFFFFFFFFFFFFFFFFFFFFFFFFFFFFFFFFFFFFFFFFFFFFFFFFFFCB
:2075E000FFFFFFFFFFFFFFFFFFFFFFFFFFFFFFFFFFFFFFFFFFFFFFFFFFFFFFFFFFFFFFFFAB
:20760000FFFFFFFFFFFFFFFFFFFFFFFFFFFFFFFFFFFFFFFFFFFFFFFFFFFFFFFFFFFFFFFF8A
:20762000FFFFFFFFFFFFFFFFFFFFFFFFFFFFFFFFFFFFFFFFFFFFFFFFFFFFFFFFFFFFFFFF6A
:20764000FFFFFFFFFFFFFFFFFFFFFFFFFFFFFFFFFFFFFFFFFFFFFFFFFFFFFFFFFFFFFFFF4A
:20766000FFFFFFFFFFFFFFFFFFFFFFFFFFFFFFFFFFFFFFFFFFFFFFFFFFFFFFFFFFFFFFFF2A
:20768000FFFFFFFFFFFFFFFFFFFFFFFFFFFFFFFFFFFFFFFFFFFFFFFFFFFFFFFFFFFFFFFF0A
:2076A000FFFFFFFFFFFFFFFFFFFFFFFFFFFFFFFFFFFFFFFFFFFFFFFFFFFFFFFFFFFFFFFFEA
:2076C000FFFFFFFFFFFFFFFFFFFFFFFFFFFFFFFFFFFFFFFFFFFFFFFFFFFFFFFFFFFFFFFFCA
:2076E000FFFFFFFFFFFFFFFFFFFFFFFFFFFFFFFFFFFFFFFFFFFFFFFFFFFFFFFFFFFFFFFFAA
:20770000FFFFFFFFFFFFFFFFFFFFFFFFFFFFFFFFFFFFFFFFFFFFFFFFFFFFFFFFFFFFFFFF89
:20772000FFFFFFFFFFFFFFFFFFFFFFFFFFFFFFFFFFFFFFFFFFFFFFFFFFFFFFFFFFFFFFFF69
:20774000FFFFFFFFFFFFFFFFFFFFFFFFFFFFFFFFFFFFFFFFFFFFFFFFFFFFFFFFFFFFFFFF49
:20776000FFFFFFFFFFFFFFFFFFFFFFFFFFFFFFFFFFFFFFFFFFFFFFFFFFFFFFFFFFFFFFFF29
:20778000FFFFFFFFFFFFFFFFFFFFFFFFFFFFFFFFFFFFFFFFFFFFFFFFFFFFFFFFFFFFFFFF09
:2077A000FFFFFFFFFFFFFFFFFFFFFFFFFFFFFFFFFFFFFFFFFFFFFFFFFFFFFFFFFFFFFFFFE9
:2077C000FFFFFFFFFFFFFFFFFFFFFFFFFFFFFFFFFFFFFFFFFFFFFFFFFFFFFFFFFFFFFFFFC9
:2077E000FFFFFFFFFFFFFFFFFFFFFFFFFFFFFFFFFFFFFFFFFFFFFFFFFFFFFFFFFFFFFFFFA9
:20780000FFFFFFFFFFFFFFFFFFFFFFFFFFFFFFFFFFFFFFFFFFFFFFFFFFFFFFFFFFFFFFFF88
:20782000FFFFFFFFFFFFFFFFFFFFFFFFFFFFFFFFFFFFFFFFFFFFFFFFFFFFFFFFFFFFFFFF68
:20784000FFFFFFFFFFFFFFFFFFFFFFFFFFFFFFFFFFFFFFFFFFFFFFFFFFFFFFFFFFFFFFFF48
:20786000FFFFFFFFFFFFFFFFFFFFFFFFFFFFFFFFFFFFFFFFFFFFFFFFFFFFFFFFFFFFFFFF28
:20788000FFFFFFFFFFFFFFFFFFFFFFFFFFFFFFFFFFFFFFFFFFFFFFFFFFFFFFFFFFFFFFFF08
:2078A000FFFFFFFFFFFFFFFFFFFFFFFFFFFFFFFFFFFFFFFFFFFFFFFFFFFFFFFFFFFFFFFFE8
:2078C000FFFFFFFFFFFFFFFFFFFFFFFFFFFFFFFFFFFFFFFFFFFFFFFFFFFFFFFFFFFFFFFFC8
:2078E000FFFFFFFFFFFFFFFFFFFFFFFFFFFFFFFFFFFFFFFFFFFFFFFFFFFFFFFFFFFFFFFFA8
:20790000FFFFFFFFFFFFFFFFFFFFFFFFFFFFFFFFFFFFFFFFFFFFFFFFFFFFFFFFFFFFFFFF87
:20792000FFFFFFFFFFFFFFFFFFFFFFFFFFFFFFFFFFFFFFFFFFFFFFFFFFFFFFFFFFFFFFFF67
:20794000FFFFFFFFFFFFFFFFFFFFFFFFFFFFFFFFFFFFFFFFFFFFFFFFFFFFFFFFFFFFFFFF47
:20796000FFFFFFFFFFFFFFFFFFFFFFFFFFFFFFFFFFFFFFFFFFFFFFFFFFFFFFFFFFFFFFFF27
:20798000FFFFFFFFFFFFFFFFFFFFFFFFFFFFFFFFFFFFFFFFFFFFFFFFFFFFFFFFFFFFFFFF07
:2079A000FFFFFFFFFFFFFFFFFFFFFFFFFFFFFFFFFFFFFFFFFFFFFFFFFFFFFFFFFFFFFFFFE7
:2079C000FFFFFFFFFFFFFFFFFFFFFFFFFFFFFFFFFFFFFFFFFFFFFFFFFFFFFFFFFFFFFFFFC7
:2079E000FFFFFFFFFFFFFFFFFFFFFFFFFFFFFFFFFFFFFFFFFFFFFFFFFFFFFFFFFFFFFFFFA7
:207A0000FFFFFFFFFFFFFFFFFFFFFFFFFFFFFFFFFFFFFFFFFFFFFFFFFFFFFFFFFFFFFFFF86
:207A2000FFFFFFFFFFFFFFFFFFFFFFFFFFFFFFFFFFFFFFFFFFFFFFFFFFFFFFFFFFFFFFFF66
:207A4000FFFFFFFFFFFFFFFFFFFFFFFFFFFFFFFFFFFFFFFFFFFFFFFFFFFFFFFFFFFFFFFF46
:207A6000FFFFFFFFFFFFFFFFFFFFFFFFFFFFFFFFFFFFFFFFFFFFFFFFFFFFFFFFFFFFFFFF26
:207A8000FFFFFFFFFFFFFFFFFFFFFFFFFFFFFFFFFFFFFFFFFFFFFFFFFFFFFFFFFFFFFFFF06
:207AA000FFFFFFFFFFFFFFFFFFFFFFFFFFFFFFFFFFFFFFFFFFFFFFFFFFFFFFFFFFFFFFFFE6
:207AC000FFFFFFFFFFFFFFFFFFFFFFFFFFFFFFFFFFFFFFFFFFFFFFFFFFFFFFFFFFFFFFFFC6
:207AE000FFFFFFFFFFFFFFFFFFFFFFFFFFFFFFFFFFFFFFFFFFFFFFFFFFFFFFFFFFFFFFFFA6
:207B0000FFFFFFFFFFFFFFFFFFFFFFFFFFFFFFFFFFFFFFFFFFFFFFFFFFFFFFFFFFFFFFFF85
:207B2000FFFFFFFFFFFFFFFFFFFFFFFFFFFFFFFFFFFFFFFFFFFFFFFFFFFFFFFFFFFFFFFF65
:207B4000FFFFFFFFFFFFFFFFFFFFFFFFFFFFFFFFFFFFFFFFFFFFFFFFFFFFFFFFFFFFFFFF45
:207B6000FFFFFFFFFFFFFFFFFFFFFFFFFFFFFFFFFFFFFFFFFFFFFFFFFFFFFFFFFFFFFFFF25
:207B8000FFFFFFFFFFFFFFFFFFFFFFFFFFFFFFFFFFFFFFFFFFFFFFFFFFFFFFFFFFFFFFFF05
:207BA000FFFFFFFFFFFFFFFFFFFFFFFFFFFFFFFFFFFFFFFFFFFFFFFFFFFFFFFFFFFFFFFFE5
:207BC000FFFFFFFFFFFFFFFFFFFFFFFFFFFFFFFFFFFFFFFFFFFFFFFFFFFFFFFFFFFFFFFFC5
:207BE000FFFFFFFFFFFFFFFFFFFFFFFFFFFFFFFFFFFFFFFFFFFFFFFFFFFFFFFFFFFFFFFFA5
:207C0000FFFFFFFFFFFFFFFFFFFFFFFFFFFFFFFFFFFFFFFFFFFFFFFFFFFFFFFFFFFFFFFF84
:207C2000FFFFFFFFFFFFFFFFFFFFFFFFFFFFFFFFFFFFFFFFFFFFFFFFFFFFFFFFFFFFFFFF64
:207C4000FFFFFFFFFFFFFFFFFFFFFFFFFFFFFFFFFFFFFFFFFFFFFFFFFFFFFFFFFFFFFFFF44
:207C6000FFFFFFFFFFFFFFFFFFFFFFFFFFFFFFFFFFFFFFFFFFFFFFFFFFFFFFFFFFFFFFFF24
:207C8000FFFFFFFFFFFFFFFFFFFFFFFFFFFFFFFFFFFFFFFFFFFFFFFFFFFFFFFFFFFFFFFF04
:207CA000FFFFFFFFFFFFFFFFFFFFFFFFFFFFFFFFFFFFFFFFFFFFFFFFFFFFFFFFFFFFFFFFE4
:207CC000FFFFFFFFFFFFFFFFFFFFFFFFFFFFFFFFFFFFFFFFFFFFFFFFFFFFFFFFFFFFFFFFC4
:207CE000FFFFFFFFFFFFFFFFFFFFFFFFFFFFFFFFFFFFFFFFFFFFFFFFFFFFFFFFFFFFFFFFA4
:207D0000FFFFFFFFFFFFFFFFFFFFFFFFFFFFFFFFFFFFFFFFFFFFFFFFFFFFFFFFFFFFFFFF83
:207D2000FFFFFFFFFFFFFFFFFFFFFFFFFFFFFFFFFFFFFFFFFFFFFFFFFFFFFFFFFFFFFFFF63
:207D4000FFFFFFFFFFFFFFFFFFFFFFFFFFFFFFFFFFFFFFFFFFFFFFFFFFFFFFFFFFFFFFFF43
:207D6000FFFFFFFFFFFFFFFFFFFFFFFFFFFFFFFFFFFFFFFFFFFFFFFFFFFFFFFFFFFFFFFF23
:207D8000FFFFFFFFFFFFFFFFFFFFFFFFFFFFFFFFFFFFFFFFFFFFFFFFFFFFFFFFFFFFFFFF03
:207DA000FFFFFFFFFFFFFFFFFFFFFFFFFFFFFFFFFFFFFFFFFFFFFFFFFFFFFFFFFFFFFFFFE3
:207DC000FFFFFFFFFFFFFFFFFFFFFFFFFFFFFFFFFFFFFFFFFFFFFFFFFFFFFFFFFFFFFFFFC3
:207DE000FFFFFFFFFFFFFFFFFFFFFFFFFFFFFFFFFFFFFFFFFFFFFFFFFFFFFFFFFFFFFFFFA3
:207E0000FFFFFFFFFFFFFFFFFFFFFFFFFFFFFFFFFFFFFFFFFFFFFFFFFFFFFFFFFFFFFFFF82
:207E2000FFFFFFFFFFFFFFFFFFFFFFFFFFFFFFFFFFFFFFFFFFFFFFFFFFFFFFFFFFFFFFFF62
:207E4000FFFFFFFFFFFFFFFFFFFFFFFFFFFFFFFFFFFFFFFFFFFFFFFFFFFFFFFFFFFFFFFF42
:207E6000FFFFFFFFFFFFFFFFFFFFFFFFFFFFFFFFFFFFFFFFFFFFFFFFFFFFFFFFFFFFFFFF22
:207E8000FFFFFFFFFFFFFFFFFFFFFFFFFFFFFFFFFFFFFFFFFFFFFFFFFFFFFFFFFFFFFFFF02
:207EA000FFFFFFFFFFFFFFFFFFFFFFFFFFFFFFFFFFFFFFFFFFFFFFFFFFFFFFFFFFFFFFFFE2
:207EC000FFFFFFFFFFFFFFFFFFFFFFFFFFFFFFFFFFFFFFFFFFFFFFFFFFFFFFFFFFFFFFFFC2
:207EE000FFFFFFFFFFFFFFFFFFFFFFFFFFFFFFFFFFFFFFFFFFFFFFFFFFFFFFFFFFFFFFFFA2
:207F0000FFFFFFFFFFFFFFFFFFFFFFFFFFFFFFFFFFFFFFFFFFFFFFFFFFFFFFFFFFFFFFFF81
:207F2000FFFFFFFFFFFFFFFFFFFFFFFFFFFFFFFFFFFFFFFFFFFFFFFFFFFFFFFFFFFFFFFF61
:207F4000FFFFFFFFFFFFFFFFFFFFFFFFFFFFFFFFFFFFFFFFFFFFFFFFFFFFFFFFFFFFFFFF41
:207F6000FFFFFFFFFFFFFFFFFFFFFFFFFFFFFFFFFFFFFFFFFFFFFFFFFFFFFFFFFFFFFFFF21
:207F8000FFFFFFFFFFFFFFFFFFFFFFFFFFFFFFFFFFFFFFFFFFFFFFFFFFFFFFFFFFFFFFFF01
:207FA000FFFFFFFFFFFFFFFFFFFFFFFFFFFFFFFFFFFFFFFFFFFFFFFFFFFFFFFFFFFFFFFFE1
:207FC000FFFFFFFFFFFFFFFFFFFFFFFFFFFFFFFFFFFFFFFFFFFFFFFFFFFFFFFFFFFFFFFFC1
:207FE000FFFFFFFFFFFFFFFFFFFFFFFFFFFFFFFFFFFFFFFFFFFFFFFFFFFFFFFFFFFFFFFFA1
:20800000FFFFFFFFFFFFFFFFFFFFFFFFFFFFFFFFFFFFFFFFFFFFFFFFFFFFFFFFFFFFFFFF80
:20802000FFFFFFFFFFFFFFFFFFFFFFFFFFFFFFFFFFFFFFFFFFFFFFFFFFFFFFFFFFFFFFFF60
:20804000FFFFFFFFFFFFFFFFFFFFFFFFFFFFFFFFFFFFFFFFFFFFFFFFFFFFFFFFFFFFFFFF40
:20806000FFFFFFFFFFFFFFFFFFFFFFFFFFFFFFFFFFFFFFFFFFFFFFFFFFFFFFFFFFFFFFFF20
:20808000FFFFFFFFFFFFFFFFFFFFFFFFFFFFFFFFFFFFFFFFFFFFFFFFFFFFFFFFFFFFFFFF00
:2080A000FFFFFFFFFFFFFFFFFFFFFFFFFFFFFFFFFFFFFFFFFFFFFFFFFFFFFFFFFFFFFFFFE0
:2080C000FFFFFFFFFFFFFFFFFFFFFFFFFFFFFFFFFFFFFFFFFFFFFFFFFFFFFFFFFFFFFFFFC0
:2080E000FFFFFFFFFFFFFFFFFFFFFFFFFFFFFFFFFFFFFFFFFFFFFFFFFFFFFFFFFFFFFFFFA0
:20810000FFFFFFFFFFFFFFFFFFFFFFFFFFFFFFFFFFFFFFFFFFFFFFFFFFFFFFFFFFFFFFFF7F
:20812000FFFFFFFFFFFFFFFFFFFFFFFFFFFFFFFFFFFFFFFFFFFFFFFFFFFFFFFFFFFFFFFF5F
:20814000FFFFFFFFFFFFFFFFFFFFFFFFFFFFFFFFFFFFFFFFFFFFFFFFFFFFFFFFFFFFFFFF3F
:20816000FFFFFFFFFFFFFFFFFFFFFFFFFFFFFFFFFFFFFFFFFFFFFFFFFFFFFFFFFFFFFFFF1F
:20818000FFFFFFFFFFFFFFFFFFFFFFFFFFFFFFFFFFFFFFFFFFFFFFFFFFFFFFFFFFFFFFFFFF
:2081A000FFFFFFFFFFFFFFFFFFFFFFFFFFFFFFFFFFFFFFFFFFFFFFFFFFFFFFFFFFFFFFFFDF
:2081C000FFFFFFFFFFFFFFFFFFFFFFFFFFFFFFFFFFFFFFFFFFFFFFFFFFFFFFFFFFFFFFFFBF
:2081E000FFFFFFFFFFFFFFFFFFFFFFFFFFFFFFFFFFFFFFFFFFFFFFFFFFFFFFFFFFFFFFFF9F
:20820000FFFFFFFFFFFFFFFFFFFFFFFFFFFFFFFFFFFFFFFFFFFFFFFFFFFFFFFFFFFFFFFF7E
:20822000FFFFFFFFFFFFFFFFFFFFFFFFFFFFFFFFFFFFFFFFFFFFFFFFFFFFFFFFFFFFFFFF5E
:20824000FFFFFFFFFFFFFFFFFFFFFFFFFFFFFFFFFFFFFFFFFFFFFFFFFFFFFFFFFFFFFFFF3E
:20826000FFFFFFFFFFFFFFFFFFFFFFFFFFFFFFFFFFFFFFFFFFFFFFFFFFFFFFFFFFFFFFFF1E
:20828000FFFFFFFFFFFFFFFFFFFFFFFFFFFFFFFFFFFFFFFFFFFFFFFFFFFFFFFFFFFFFFFFFE
:2082A000FFFFFFFFFFFFFFFFFFFFFFFFFFFFFFFFFFFFFFFFFFFFFFFFFFFFFFFFFFFFFFFFDE
:2082C000FFFFFFFFFFFFFFFFFFFFFFFFFFFFFFFFFFFFFFFFFFFFFFFFFFFFFFFFFFFFFFFFBE
:2082E000FFFFFFFFFFFFFFFFFFFFFFFFFFFFFFFFFFFFFFFFFFFFFFFFFFFFFFFFFFFFFFFF9E
:20830000FFFFFFFFFFFFFFFFFFFFFFFFFFFFFFFFFFFFFFFFFFFFFFFFFFFFFFFFFFFFFFFF7D
:20832000FFFFFFFFFFFFFFFFFFFFFFFFFFFFFFFFFFFFFFFFFFFFFFFFFFFFFFFFFFFFFFFF5D
:20834000FFFFFFFFFFFFFFFFFFFFFFFFFFFFFFFFFFFFFFFFFFFFFFFFFFFFFFFFFFFFFFFF3D
:20836000FFFFFFFFFFFFFFFFFFFFFFFFFFFFFFFFFFFFFFFFFFFFFFFFFFFFFFFFFFFFFFFF1D
:20838000FFFFFFFFFFFFFFFFFFFFFFFFFFFFFFFFFFFFFFFFFFFFFFFFFFFFFFFFFFFFFFFFFD
:2083A000FFFFFFFFFFFFFFFFFFFFFFFFFFFFFFFFFFFFFFFFFFFFFFFFFFFFFFFFFFFFFFFFDD
:2083C000FFFFFFFFFFFFFFFFFFFFFFFFFFFFFFFFFFFFFFFFFFFFFFFFFFFFFFFFFFFFFFFFBD
:2083E000FFFFFFFFFFFFFFFFFFFFFFFFFFFFFFFFFFFFFFFFFFFFFFFFFFFFFFFFFFFFFFFF9D
:20840000FFFFFFFFFFFFFFFFFFFFFFFFFFFFFFFFFFFFFFFFFFFFFFFFFFFFFFFFFFFFFFFF7C
:20842000FFFFFFFFFFFFFFFFFFFFFFFFFFFFFFFFFFFFFFFFFFFFFFFFFFFFFFFFFFFFFFFF5C
:20844000FFFFFFFFFFFFFFFFFFFFFFFFFFFFFFFFFFFFFFFFFFFFFFFFFFFFFFFFFFFFFFFF3C
:20846000FFFFFFFFFFFFFFFFFFFFFFFFFFFFFFFFFFFFFFFFFFFFFFFFFFFFFFFFFFFFFFFF1C
:20848000FFFFFFFFFFFFFFFFFFFFFFFFFFFFFFFFFFFFFFFFFFFFFFFFFFFFFFFFFFFFFFFFFC
:2084A000FFFFFFFFFFFFFFFFFFFFFFFFFFFFFFFFFFFFFFFFFFFFFFFFFFFFFFFFFFFFFFFFDC
:2084C000FFFFFFFFFFFFFFFFFFFFFFFFFFFFFFFFFFFFFFFFFFFFFFFFFFFFFFFFFFFFFFFFBC
:2084E000FFFFFFFFFFFFFFFFFFFFFFFFFFFFFFFFFFFFFFFFFFFFFFFFFFFFFFFFFFFFFFFF9C
:20850000FFFFFFFFFFFFFFFFFFFFFFFFFFFFFFFFFFFFFFFFFFFFFFFFFFFFFFFFFFFFFFFF7B
:20852000FFFFFFFFFFFFFFFFFFFFFFFFFFFFFFFFFFFFFFFFFFFFFFFFFFFFFFFFFFFFFFFF5B
:20854000FFFFFFFFFFFFFFFFFFFFFFFFFFFFFFFFFFFFFFFFFFFFFFFFFFFFFFFFFFFFFFFF3B
:20856000FFFFFFFFFFFFFFFFFFFFFFFFFFFFFFFFFFFFFFFFFFFFFFFFFFFFFFFFFFFFFFFF1B
:20858000FFFFFFFFFFFFFFFFFFFFFFFFFFFFFFFFFFFFFFFFFFFFFFFFFFFFFFFFFFFFFFFFFB
:2085A000FFFFFFFFFFFFFFFFFFFFFFFFFFFFFFFFFFFFFFFFFFFFFFFFFFFFFFFFFFFFFFFFDB
:2085C000FFFFFFFFFFFFFFFFFFFFFFFFFFFFFFFFFFFFFFFFFFFFFFFFFFFFFFFFFFFFFFFFBB
:2085E000FFFFFFFFFFFFFFFFFFFFFFFFFFFFFFFFFFFFFFFFFFFFFFFFFFFFFFFFFFFFFFFF9B
:20860000FFFFFFFFFFFFFFFFFFFFFFFFFFFFFFFFFFFFFFFFFFFFFFFFFFFFFFFFFFFFFFFF7A
:20862000FFFFFFFFFFFFFFFFFFFFFFFFFFFFFFFFFFFFFFFFFFFFFFFFFFFFFFFFFFFFFFFF5A
:20864000FFFFFFFFFFFFFFFFFFFFFFFFFFFFFFFFFFFFFFFFFFFFFFFFFFFFFFFFFFFFFFFF3A
:20866000FFFFFFFFFFFFFFFFFFFFFFFFFFFFFFFFFFFFFFFFFFFFFFFFFFFFFFFFFFFFFFFF1A
:20868000FFFFFFFFFFFFFFFFFFFFFFFFFFFFFFFFFFFFFFFFFFFFFFFFFFFFFFFFFFFFFFFFFA
:2086A000FFFFFFFFFFFFFFFFFFFFFFFFFFFFFFFFFFFFFFFFFFFFFFFFFFFFFFFFFFFFFFFFDA
:2086C000FFFFFFFFFFFFFFFFFFFFFFFFFFFFFFFFFFFFFFFFFFFFFFFFFFFFFFFFFFFFFFFFBA
:2086E000FFFFFFFFFFFFFFFFFFFFFFFFFFFFFFFFFFFFFFFFFFFFFFFFFFFFFFFFFFFFFFFF9A
:20870000FFFFFFFFFFFFFFFFFFFFFFFFFFFFFFFFFFFFFFFFFFFFFFFFFFFFFFFFFFFFFFFF79
:20872000FFFFFFFFFFFFFFFFFFFFFFFFFFFFFFFFFFFFFFFFFFFFFFFFFFFFFFFFFFFFFFFF59
:20874000FFFFFFFFFFFFFFFFFFFFFFFFFFFFFFFFFFFFFFFFFFFFFFFFFFFFFFFFFFFFFFFF39
:20876000FFFFFFFFFFFFFFFFFFFFFFFFFFFFFFFFFFFFFFFFFFFFFFFFFFFFFFFFFFFFFFFF19
:20878000FFFFFFFFFFFFFFFFFFFFFFFFFFFFFFFFFFFFFFFFFFFFFFFFFFFFFFFFFFFFFFFFF9
:2087A000FFFFFFFFFFFFFFFFFFFFFFFFFFFFFFFFFFFFFFFFFFFFFFFFFFFFFFFFFFFFFFFFD9
:2087C000FFFFFFFFFFFFFFFFFFFFFFFFFFFFFFFFFFFFFFFFFFFFFFFFFFFFFFFFFFFFFFFFB9
:2087E000FFFFFFFFFFFFFFFFFFFFFFFFFFFFFFFFFFFFFFFFFFFFFFFFFFFFFFFFFFFFFFFF99
:20880000FFFFFFFFFFFFFFFFFFFFFFFFFFFFFFFFFFFFFFFFFFFFFFFFFFFFFFFFFFFFFFFF78
:20882000FFFFFFFFFFFFFFFFFFFFFFFFFFFFFFFFFFFFFFFFFFFFFFFFFFFFFFFFFFFFFFFF58
:20884000FFFFFFFFFFFFFFFFFFFFFFFFFFFFFFFFFFFFFFFFFFFFFFFFFFFFFFFFFFFFFFFF38
:20886000FFFFFFFFFFFFFFFFFFFFFFFFFFFFFFFFFFFFFFFFFFFFFFFFFFFFFFFFFFFFFFFF18
:20888000FFFFFFFFFFFFFFFFFFFFFFFFFFFFFFFFFFFFFFFFFFFFFFFFFFFFFFFFFFFFFFFFF8
:2088A000FFFFFFFFFFFFFFFFFFFFFFFFFFFFFFFFFFFFFFFFFFFFFFFFFFFFFFFFFFFFFFFFD8
:2088C000FFFFFFFFFFFFFFFFFFFFFFFFFFFFFFFFFFFFFFFFFFFFFFFFFFFFFFFFFFFFFFFFB8
:2088E000FFFFFFFFFFFFFFFFFFFFFFFFFFFFFFFFFFFFFFFFFFFFFFFFFFFFFFFFFFFFFFFF98
:20890000FFFFFFFFFFFFFFFFFFFFFFFFFFFFFFFFFFFFFFFFFFFFFFFFFFFFFFFFFFFFFFFF77
:20892000FFFFFFFFFFFFFFFFFFFFFFFFFFFFFFFFFFFFFFFFFFFFFFFFFFFFFFFFFFFFFFFF57
:20894000FFFFFFFFFFFFFFFFFFFFFFFFFFFFFFFFFFFFFFFFFFFFFFFFFFFFFFFFFFFFFFFF37
:20896000FFFFFFFFFFFFFFFFFFFFFFFFFFFFFFFFFFFFFFFFFFFFFFFFFFFFFFFFFFFFFFFF17
:20898000FFFFFFFFFFFFFFFFFFFFFFFFFFFFFFFFFFFFFFFFFFFFFFFFFFFFFFFFFFFFFFFFF7
:2089A000FFFFFFFFFFFFFFFFFFFFFFFFFFFFFFFFFFFFFFFFFFFFFFFFFFFFFFFFFFFFFFFFD7
:2089C000FFFFFFFFFFFFFFFFFFFFFFFFFFFFFFFFFFFFFFFFFFFFFFFFFFFFFFFFFFFFFFFFB7
:2089E000FFFFFFFFFFFFFFFFFFFFFFFFFFFFFFFFFFFFFFFFFFFFFFFFFFFFFFFFFFFFFFFF97
:208A0000FFFFFFFFFFFFFFFFFFFFFFFFFFFFFFFFFFFFFFFFFFFFFFFFFFFFFFFFFFFFFFFF76
:208A2000FFFFFFFFFFFFFFFFFFFFFFFFFFFFFFFFFFFFFFFFFFFFFFFFFFFFFFFFFFFFFFFF56
:208A4000FFFFFFFFFFFFFFFFFFFFFFFFFFFFFFFFFFFFFFFFFFFFFFFFFFFFFFFFFFFFFFFF36
:208A6000FFFFFFFFFFFFFFFFFFFFFFFFFFFFFFFFFFFFFFFFFFFFFFFFFFFFFFFFFFFFFFFF16
:208A8000FFFFFFFFFFFFFFFFFFFFFFFFFFFFFFFFFFFFFFFFFFFFFFFFFFFFFFFFFFFFFFFFF6
:208AA000FFFFFFFFFFFFFFFFFFFFFFFFFFFFFFFFFFFFFFFFFFFFFFFFFFFFFFFFFFFFFFFFD6
:208AC000FFFFFFFFFFFFFFFFFFFFFFFFFFFFFFFFFFFFFFFFFFFFFFFFFFFFFFFFFFFFFFFFB6
:208AE000FFFFFFFFFFFFFFFFFFFFFFFFFFFFFFFFFFFFFFFFFFFFFFFFFFFFFFFFFFFFFFFF96
:208B0000FFFFFFFFFFFFFFFFFFFFFFFFFFFFFFFFFFFFFFFFFFFFFFFFFFFFFFFFFFFFFFFF75
:208B2000FFFFFFFFFFFFFFFFFFFFFFFFFFFFFFFFFFFFFFFFFFFFFFFFFFFFFFFFFFFFFFFF55
:208B4000FFFFFFFFFFFFFFFFFFFFFFFFFFFFFFFFFFFFFFFFFFFFFFFFFFFFFFFFFFFFFFFF35
:208B6000FFFFFFFFFFFFFFFFFFFFFFFFFFFFFFFFFFFFFFFFFFFFFFFFFFFFFFFFFFFFFFFF15
:208B8000FFFFFFFFFFFFFFFFFFFFFFFFFFFFFFFFFFFFFFFFFFFFFFFFFFFFFFFFFFFFFFFFF5
:208BA000FFFFFFFFFFFFFFFFFFFFFFFFFFFFFFFFFFFFFFFFFFFFFFFFFFFFFFFFFFFFFFFFD5
:208BC000FFFFFFFFFFFFFFFFFFFFFFFFFFFFFFFFFFFFFFFFFFFFFFFFFFFFFFFFFFFFFFFFB5
:208BE000FFFFFFFFFFFFFFFFFFFFFFFFFFFFFFFFFFFFFFFFFFFFFFFFFFFFFFFFFFFFFFFF95
:208C0000FFFFFFFFFFFFFFFFFFFFFFFFFFFFFFFFFFFFFFFFFFFFFFFFFFFFFFFFFFFFFFFF74
:208C2000FFFFFFFFFFFFFFFFFFFFFFFFFFFFFFFFFFFFFFFFFFFFFFFFFFFFFFFFFFFFFFFF54
:208C4000FFFFFFFFFFFFFFFFFFFFFFFFFFFFFFFFFFFFFFFFFFFFFFFFFFFFFFFFFFFFFFFF34
:208C6000FFFFFFFFFFFFFFFFFFFFFFFFFFFFFFFFFFFFFFFFFFFFFFFFFFFFFFFFFFFFFFFF14
:208C8000FFFFFFFFFFFFFFFFFFFFFFFFFFFFFFFFFFFFFFFFFFFFFFFFFFFFFFFFFFFFFFFFF4
:208CA000FFFFFFFFFFFFFFFFFFFFFFFFFFFFFFFFFFFFFFFFFFFFFFFFFFFFFFFFFFFFFFFFD4
:208CC000FFFFFFFFFFFFFFFFFFFFFFFFFFFFFFFFFFFFFFFFFFFFFFFFFFFFFFFFFFFFFFFFB4
:208CE000FFFFFFFFFFFFFFFFFFFFFFFFFFFFFFFFFFFFFFFFFFFFFFFFFFFFFFFFFFFFFFFF94
:208D0000FFFFFFFFFFFFFFFFFFFFFFFFFFFFFFFFFFFFFFFFFFFFFFFFFFFFFFFFFFFFFFFF73
:208D2000FFFFFFFFFFFFFFFFFFFFFFFFFFFFFFFFFFFFFFFFFFFFFFFFFFFFFFFFFFFFFFFF53
:208D4000FFFFFFFFFFFFFFFFFFFFFFFFFFFFFFFFFFFFFFFFFFFFFFFFFFFFFFFFFFFFFFFF33
:208D6000FFFFFFFFFFFFFFFFFFFFFFFFFFFFFFFFFFFFFFFFFFFFFFFFFFFFFFFFFFFFFFFF13
:208D8000FFFFFFFFFFFFFFFFFFFFFFFFFFFFFFFFFFFFFFFFFFFFFFFFFFFFFFFFFFFFFFFFF3
:208DA000FFFFFFFFFFFFFFFFFFFFFFFFFFFFFFFFFFFFFFFFFFFFFFFFFFFFFFFFFFFFFFFFD3
:208DC000FFFFFFFFFFFFFFFFFFFFFFFFFFFFFFFFFFFFFFFFFFFFFFFFFFFFFFFFFFFFFFFFB3
:208DE000FFFFFFFFFFFFFFFFFFFFFFFFFFFFFFFFFFFFFFFFFFFFFFFFFFFFFFFFFFFFFFFF93
:208E0000FFFFFFFFFFFFFFFFFFFFFFFFFFFFFFFFFFFFFFFFFFFFFFFFFFFFFFFFFFFFFFFF72
:208E2000FFFFFFFFFFFFFFFFFFFFFFFFFFFFFFFFFFFFFFFFFFFFFFFFFFFFFFFFFFFFFFFF52
:208E4000FFFFFFFFFFFFFFFFFFFFFFFFFFFFFFFFFFFFFFFFFFFFFFFFFFFFFFFFFFFFFFFF32
:208E6000FFFFFFFFFFFFFFFFFFFFFFFFFFFFFFFFFFFFFFFFFFFFFFFFFFFFFFFFFFFFFFFF12
:208E8000FFFFFFFFFFFFFFFFFFFFFFFFFFFFFFFFFFFFFFFFFFFFFFFFFFFFFFFFFFFFFFFFF2
:208EA000FFFFFFFFFFFFFFFFFFFFFFFFFFFFFFFFFFFFFFFFFFFFFFFFFFFFFFFFFFFFFFFFD2
:208EC000FFFFFFFFFFFFFFFFFFFFFFFFFFFFFFFFFFFFFFFFFFFFFFFFFFFFFFFFFFFFFFFFB2
:208EE000FFFFFFFFFFFFFFFFFFFFFFFFFFFFFFFFFFFFFFFFFFFFFFFFFFFFFFFFFFFFFFFF92
:208F0000FFFFFFFFFFFFFFFFFFFFFFFFFFFFFFFFFFFFFFFFFFFFFFFFFFFFFFFFFFFFFFFF71
:208F2000FFFFFFFFFFFFFFFFFFFFFFFFFFFFFFFFFFFFFFFFFFFFFFFFFFFFFFFFFFFFFFFF51
:208F4000FFFFFFFFFFFFFFFFFFFFFFFFFFFFFFFFFFFFFFFFFFFFFFFFFFFFFFFFFFFFFFFF31
:208F6000FFFFFFFFFFFFFFFFFFFFFFFFFFFFFFFFFFFFFFFFFFFFFFFFFFFFFFFFFFFFFFFF11
:208F8000FFFFFFFFFFFFFFFFFFFFFFFFFFFFFFFFFFFFFFFFFFFFFFFFFFFFFFFFFFFFFFFFF1
:208FA000FFFFFFFFFFFFFFFFFFFFFFFFFFFFFFFFFFFFFFFFFFFFFFFFFFFFFFFFFFFFFFFFD1
:208FC000FFFFFFFFFFFFFFFFFFFFFFFFFFFFFFFFFFFFFFFFFFFFFFFFFFFFFFFFFFFFFFFFB1
:208FE000FFFFFFFFFFFFFFFFFFFFFFFFFFFFFFFFFFFFFFFFFFFFFFFFFFFFFFFFFFFFFFFF91
:20900000FFFFFFFFFFFFFFFFFFFFFFFFFFFFFFFFFFFFFFFFFFFFFFFFFFFFFFFFFFFFFFFF70
:20902000FFFFFFFFFFFFFFFFFFFFFFFFFFFFFFFFFFFFFFFFFFFFFFFFFFFFFFFFFFFFFFFF50
:20904000FFFFFFFFFFFFFFFFFFFFFFFFFFFFFFFFFFFFFFFFFFFFFFFFFFFFFFFFFFFFFFFF30
:20906000FFFFFFFFFFFFFFFFFFFFFFFFFFFFFFFFFFFFFFFFFFFFFFFFFFFFFFFFFFFFFFFF10
:20908000FFFFFFFFFFFFFFFFFFFFFFFFFFFFFFFFFFFFFFFFFFFFFFFFFFFFFFFFFFFFFFFFF0
:2090A000FFFFFFFFFFFFFFFFFFFFFFFFFFFFFFFFFFFFFFFFFFFFFFFFFFFFFFFFFFFFFFFFD0
:2090C000FFFFFFFFFFFFFFFFFFFFFFFFFFFFFFFFFFFFFFFFFFFFFFFFFFFFFFFFFFFFFFFFB0
:2090E000FFFFFFFFFFFFFFFFFFFFFFFFFFFFFFFFFFFFFFFFFFFFFFFFFFFFFFFFFFFFFFFF90
:20910000FFFFFFFFFFFFFFFFFFFFFFFFFFFFFFFFFFFFFFFFFFFFFFFFFFFFFFFFFFFFFFFF6F
:20912000FFFFFFFFFFFFFFFFFFFFFFFFFFFFFFFFFFFFFFFFFFFFFFFFFFFFFFFFFFFFFFFF4F
:20914000FFFFFFFFFFFFFFFFFFFFFFFFFFFFFFFFFFFFFFFFFFFFFFFFFFFFFFFFFFFFFFFF2F
:20916000FFFFFFFFFFFFFFFFFFFFFFFFFFFFFFFFFFFFFFFFFFFFFFFFFFFFFFFFFFFFFFFF0F
:20918000FFFFFFFFFFFFFFFFFFFFFFFFFFFFFFFFFFFFFFFFFFFFFFFFFFFFFFFFFFFFFFFFEF
:2091A000FFFFFFFFFFFFFFFFFFFFFFFFFFFFFFFFFFFFFFFFFFFFFFFFFFFFFFFFFFFFFFFFCF
:2091C000FFFFFFFFFFFFFFFFFFFFFFFFFFFFFFFFFFFFFFFFFFFFFFFFFFFFFFFFFFFFFFFFAF
:2091E000FFFFFFFFFFFFFFFFFFFFFFFFFFFFFFFFFFFFFFFFFFFFFFFFFFFFFFFFFFFFFFFF8F
:20920000FFFFFFFFFFFFFFFFFFFFFFFFFFFFFFFFFFFFFFFFFFFFFFFFFFFFFFFFFFFFFFFF6E
:20922000FFFFFFFFFFFFFFFFFFFFFFFFFFFFFFFFFFFFFFFFFFFFFFFFFFFFFFFFFFFFFFFF4E
:20924000FFFFFFFFFFFFFFFFFFFFFFFFFFFFFFFFFFFFFFFFFFFFFFFFFFFFFFFFFFFFFFFF2E
:20926000FFFFFFFFFFFFFFFFFFFFFFFFFFFFFFFFFFFFFFFFFFFFFFFFFFFFFFFFFFFFFFFF0E
:20928000FFFFFFFFFFFFFFFFFFFFFFFFFFFFFFFFFFFFFFFFFFFFFFFFFFFFFFFFFFFFFFFFEE
:2092A000FFFFFFFFFFFFFFFFFFFFFFFFFFFFFFFFFFFFFFFFFFFFFFFFFFFFFFFFFFFFFFFFCE
:2092C000FFFFFFFFFFFFFFFFFFFFFFFFFFFFFFFFFFFFFFFFFFFFFFFFFFFFFFFFFFFFFFFFAE
:2092E000FFFFFFFFFFFFFFFFFFFFFFFFFFFFFFFFFFFFFFFFFFFFFFFFFFFFFFFFFFFFFFFF8E
:20930000FFFFFFFFFFFFFFFFFFFFFFFFFFFFFFFFFFFFFFFFFFFFFFFFFFFFFFFFFFFFFFFF6D
:20932000FFFFFFFFFFFFFFFFFFFFFFFFFFFFFFFFFFFFFFFFFFFFFFFFFFFFFFFFFFFFFFFF4D
:20934000FFFFFFFFFFFFFFFFFFFFFFFFFFFFFFFFFFFFFFFFFFFFFFFFFFFFFFFFFFFFFFFF2D
:20936000FFFFFFFFFFFFFFFFFFFFFFFFFFFFFFFFFFFFFFFFFFFFFFFFFFFFFFFFFFFFFFFF0D
:20938000FFFFFFFFFFFFFFFFFFFFFFFFFFFFFFFFFFFFFFFFFFFFFFFFFFFFFFFFFFFFFFFFED
:2093A000FFFFFFFFFFFFFFFFFFFFFFFFFFFFFFFFFFFFFFFFFFFFFFFFFFFFFFFFFFFFFFFFCD
:2093C000FFFFFFFFFFFFFFFFFFFFFFFFFFFFFFFFFFFFFFFFFFFFFFFFFFFFFFFFFFFFFFFFAD
:2093E000FFFFFFFFFFFFFFFFFFFFFFFFFFFFFFFFFFFFFFFFFFFFFFFFFFFFFFFFFFFFFFFF8D
:20940000FFFFFFFFFFFFFFFFFFFFFFFFFFFFFFFFFFFFFFFFFFFFFFFFFFFFFFFFFFFFFFFF6C
:20942000FFFFFFFFFFFFFFFFFFFFFFFFFFFFFFFFFFFFFFFFFFFFFFFFFFFFFFFFFFFFFFFF4C
:20944000FFFFFFFFFFFFFFFFFFFFFFFFFFFFFFFFFFFFFFFFFFFFFFFFFFFFFFFFFFFFFFFF2C
:20946000FFFFFFFFFFFFFFFFFFFFFFFFFFFFFFFFFFFFFFFFFFFFFFFFFFFFFFFFFFFFFFFF0C
:20948000FFFFFFFFFFFFFFFFFFFFFFFFFFFFFFFFFFFFFFFFFFFFFFFFFFFFFFFFFFFFFFFFEC
:2094A000FFFFFFFFFFFFFFFFFFFFFFFFFFFFFFFFFFFFFFFFFFFFFFFFFFFFFFFFFFFFFFFFCC
:2094C000FFFFFFFFFFFFFFFFFFFFFFFFFFFFFFFFFFFFFFFFFFFFFFFFFFFFFFFFFFFFFFFFAC
:2094E000FFFFFFFFFFFFFFFFFFFFFFFFFFFFFFFFFFFFFFFFFFFFFFFFFFFFFFFFFFFFFFFF8C
:20950000FFFFFFFFFFFFFFFFFFFFFFFFFFFFFFFFFFFFFFFFFFFFFFFFFFFFFFFFFFFFFFFF6B
:20952000FFFFFFFFFFFFFFFFFFFFFFFFFFFFFFFFFFFFFFFFFFFFFFFFFFFFFFFFFFFFFFFF4B
:20954000FFFFFFFFFFFFFFFFFFFFFFFFFFFFFFFFFFFFFFFFFFFFFFFFFFFFFFFFFFFFFFFF2B
:20956000FFFFFFFFFFFFFFFFFFFFFFFFFFFFFFFFFFFFFFFFFFFFFFFFFFFFFFFFFFFFFFFF0B
:20958000FFFFFFFFFFFFFFFFFFFFFFFFFFFFFFFFFFFFFFFFFFFFFFFFFFFFFFFFFFFFFFFFEB
:2095A000FFFFFFFFFFFFFFFFFFFFFFFFFFFFFFFFFFFFFFFFFFFFFFFFFFFFFFFFFFFFFFFFCB
:2095C000FFFFFFFFFFFFFFFFFFFFFFFFFFFFFFFFFFFFFFFFFFFFFFFFFFFFFFFFFFFFFFFFAB
:2095E000FFFFFFFFFFFFFFFFFFFFFFFFFFFFFFFFFFFFFFFFFFFFFFFFFFFFFFFFFFFFFFFF8B
:20960000FFFFFFFFFFFFFFFFFFFFFFFFFFFFFFFFFFFFFFFFFFFFFFFFFFFFFFFFFFFFFFFF6A
:20962000FFFFFFFFFFFFFFFFFFFFFFFFFFFFFFFFFFFFFFFFFFFFFFFFFFFFFFFFFFFFFFFF4A
:20964000FFFFFFFFFFFFFFFFFFFFFFFFFFFFFFFFFFFFFFFFFFFFFFFFFFFFFFFFFFFFFFFF2A
:20966000FFFFFFFFFFFFFFFFFFFFFFFFFFFFFFFFFFFFFFFFFFFFFFFFFFFFFFFFFFFFFFFF0A
:20968000FFFFFFFFFFFFFFFFFFFFFFFFFFFFFFFFFFFFFFFFFFFFFFFFFFFFFFFFFFFFFFFFEA
:2096A000FFFFFFFFFFFFFFFFFFFFFFFFFFFFFFFFFFFFFFFFFFFFFFFFFFFFFFFFFFFFFFFFCA
:2096C000FFFFFFFFFFFFFFFFFFFFFFFFFFFFFFFFFFFFFFFFFFFFFFFFFFFFFFFFFFFFFFFFAA
:2096E000FFFFFFFFFFFFFFFFFFFFFFFFFFFFFFFFFFFFFFFFFFFFFFFFFFFFFFFFFFFFFFFF8A
:20970000FFFFFFFFFFFFFFFFFFFFFFFFFFFFFFFFFFFFFFFFFFFFFFFFFFFFFFFFFFFFFFFF69
:20972000FFFFFFFFFFFFFFFFFFFFFFFFFFFFFFFFFFFFFFFFFFFFFFFFFFFFFFFFFFFFFFFF49
:20974000FFFFFFFFFFFFFFFFFFFFFFFFFFFFFFFFFFFFFFFFFFFFFFFFFFFFFFFFFFFFFFFF29
:20976000FFFFFFFFFFFFFFFFFFFFFFFFFFFFFFFFFFFFFFFFFFFFFFFFFFFFFFFFFFFFFFFF09
:20978000FFFFFFFFFFFFFFFFFFFFFFFFFFFFFFFFFFFFFFFFFFFFFFFFFFFFFFFFFFFFFFFFE9
:2097A000FFFFFFFFFFFFFFFFFFFFFFFFFFFFFFFFFFFFFFFFFFFFFFFFFFFFFFFFFFFFFFFFC9
:2097C000FFFFFFFFFFFFFFFFFFFFFFFFFFFFFFFFFFFFFFFFFFFFFFFFFFFFFFFFFFFFFFFFA9
:2097E000FFFFFFFFFFFFFFFFFFFFFFFFFFFFFFFFFFFFFFFFFFFFFFFFFFFFFFFFFFFFFFFF89
:20980000FFFFFFFFFFFFFFFFFFFFFFFFFFFFFFFFFFFFFFFFFFFFFFFFFFFFFFFFFFFFFFFF68
:20982000FFFFFFFFFFFFFFFFFFFFFFFFFFFFFFFFFFFFFFFFFFFFFFFFFFFFFFFFFFFFFFFF48
:20984000FFFFFFFFFFFFFFFFFFFFFFFFFFFFFFFFFFFFFFFFFFFFFFFFFFFFFFFFFFFFFFFF28
:20986000FFFFFFFFFFFFFFFFFFFFFFFFFFFFFFFFFFFFFFFFFFFFFFFFFFFFFFFFFFFFFFFF08
:20988000FFFFFFFFFFFFFFFFFFFFFFFFFFFFFFFFFFFFFFFFFFFFFFFFFFFFFFFFFFFFFFFFE8
:2098A000FFFFFFFFFFFFFFFFFFFFFFFFFFFFFFFFFFFFFFFFFFFFFFFFFFFFFFFFFFFFFFFFC8
:2098C000FFFFFFFFFFFFFFFFFFFFFFFFFFFFFFFFFFFFFFFFFFFFFFFFFFFFFFFFFFFFFFFFA8
:2098E000FFFFFFFFFFFFFFFFFFFFFFFFFFFFFFFFFFFFFFFFFFFFFFFFFFFFFFFFFFFFFFFF88
:20990000FFFFFFFFFFFFFFFFFFFFFFFFFFFFFFFFFFFFFFFFFFFFFFFFFFFFFFFFFFFFFFFF67
:20992000FFFFFFFFFFFFFFFFFFFFFFFFFFFFFFFFFFFFFFFFFFFFFFFFFFFFFFFFFFFFFFFF47
:20994000FFFFFFFFFFFFFFFFFFFFFFFFFFFFFFFFFFFFFFFFFFFFFFFFFFFFFFFFFFFFFFFF27
:20996000FFFFFFFFFFFFFFFFFFFFFFFFFFFFFFFFFFFFFFFFFFFFFFFFFFFFFFFFFFFFFFFF07
:20998000FFFFFFFFFFFFFFFFFFFFFFFFFFFFFFFFFFFFFFFFFFFFFFFFFFFFFFFFFFFFFFFFE7
:2099A000FFFFFFFFFFFFFFFFFFFFFFFFFFFFFFFFFFFFFFFFFFFFFFFFFFFFFFFFFFFFFFFFC7
:2099C000FFFFFFFFFFFFFFFFFFFFFFFFFFFFFFFFFFFFFFFFFFFFFFFFFFFFFFFFFFFFFFFFA7
:2099E000FFFFFFFFFFFFFFFFFFFFFFFFFFFFFFFFFFFFFFFFFFFFFFFFFFFFFFFFFFFFFFFF87
:209A0000FFFFFFFFFFFFFFFFFFFFFFFFFFFFFFFFFFFFFFFFFFFFFFFFFFFFFFFFFFFFFFFF66
:209A2000FFFFFFFFFFFFFFFFFFFFFFFFFFFFFFFFFFFFFFFFFFFFFFFFFFFFFFFFFFFFFFFF46
:209A4000FFFFFFFFFFFFFFFFFFFFFFFFFFFFFFFFFFFFFFFFFFFFFFFFFFFFFFFFFFFFFFFF26
:209A6000FFFFFFFFFFFFFFFFFFFFFFFFFFFFFFFFFFFFFFFFFFFFFFFFFFFFFFFFFFFFFFFF06
:209A8000FFFFFFFFFFFFFFFFFFFFFFFFFFFFFFFFFFFFFFFFFFFFFFFFFFFFFFFFFFFFFFFFE6
:209AA000FFFFFFFFFFFFFFFFFFFFFFFFFFFFFFFFFFFFFFFFFFFFFFFFFFFFFFFFFFFFFFFFC6
:209AC000FFFFFFFFFFFFFFFFFFFFFFFFFFFFFFFFFFFFFFFFFFFFFFFFFFFFFFFFFFFFFFFFA6
:209AE000FFFFFFFFFFFFFFFFFFFFFFFFFFFFFFFFFFFFFFFFFFFFFFFFFFFFFFFFFFFFFFFF86
:209B0000FFFFFFFFFFFFFFFFFFFFFFFFFFFFFFFFFFFFFFFFFFFFFFFFFFFFFFFFFFFFFFFF65
:209B2000FFFFFFFFFFFFFFFFFFFFFFFFFFFFFFFFFFFFFFFFFFFFFFFFFFFFFFFFFFFFFFFF45
:209B4000FFFFFFFFFFFFFFFFFFFFFFFFFFFFFFFFFFFFFFFFFFFFFFFFFFFFFFFFFFFFFFFF25
:209B6000FFFFFFFFFFFFFFFFFFFFFFFFFFFFFFFFFFFFFFFFFFFFFFFFFFFFFFFFFFFFFFFF05
:209B8000FFFFFFFFFFFFFFFFFFFFFFFFFFFFFFFFFFFFFFFFFFFFFFFFFFFFFFFFFFFFFFFFE5
:209BA000FFFFFFFFFFFFFFFFFFFFFFFFFFFFFFFFFFFFFFFFFFFFFFFFFFFFFFFFFFFFFFFFC5
:209BC000FFFFFFFFFFFFFFFFFFFFFFFFFFFFFFFFFFFFFFFFFFFFFFFFFFFFFFFFFFFFFFFFA5
:209BE000FFFFFFFFFFFFFFFFFFFFFFFFFFFFFFFFFFFFFFFFFFFFFFFFFFFFFFFFFFFFFFFF85
:209C0000FFFFFFFFFFFFFFFFFFFFFFFFFFFFFFFFFFFFFFFFFFFFFFFFFFFFFFFFFFFFFFFF64
:209C2000FFFFFFFFFFFFFFFFFFFFFFFFFFFFFFFFFFFFFFFFFFFFFFFFFFFFFFFFFFFFFFFF44
:209C4000FFFFFFFFFFFFFFFFFFFFFFFFFFFFFFFFFFFFFFFFFFFFFFFFFFFFFFFFFFFFFFFF24
:209C6000FFFFFFFFFFFFFFFFFFFFFFFFFFFFFFFFFFFFFFFFFFFFFFFFFFFFFFFFFFFFFFFF04
:209C8000FFFFFFFFFFFFFFFFFFFFFFFFFFFFFFFFFFFFFFFFFFFFFFFFFFFFFFFFFFFFFFFFE4
:209CA000FFFFFFFFFFFFFFFFFFFFFFFFFFFFFFFFFFFFFFFFFFFFFFFFFFFFFFFFFFFFFFFFC4
:209CC000FFFFFFFFFFFFFFFFFFFFFFFFFFFFFFFFFFFFFFFFFFFFFFFFFFFFFFFFFFFFFFFFA4
:209CE000FFFFFFFFFFFFFFFFFFFFFFFFFFFFFFFFFFFFFFFFFFFFFFFFFFFFFFFFFFFFFFFF84
:209D0000FFFFFFFFFFFFFFFFFFFFFFFFFFFFFFFFFFFFFFFFFFFFFFFFFFFFFFFFFFFFFFFF63
:209D2000FFFFFFFFFFFFFFFFFFFFFFFFFFFFFFFFFFFFFFFFFFFFFFFFFFFFFFFFFFFFFFFF43
:209D4000FFFFFFFFFFFFFFFFFFFFFFFFFFFFFFFFFFFFFFFFFFFFFFFFFFFFFFFFFFFFFFFF23
:209D6000FFFFFFFFFFFFFFFFFFFFFFFFFFFFFFFFFFFFFFFFFFFFFFFFFFFFFFFFFFFFFFFF03
:209D8000FFFFFFFFFFFFFFFFFFFFFFFFFFFFFFFFFFFFFFFFFFFFFFFFFFFFFFFFFFFFFFFFE3
:209DA000FFFFFFFFFFFFFFFFFFFFFFFFFFFFFFFFFFFFFFFFFFFFFFFFFFFFFFFFFFFFFFFFC3
:209DC000FFFFFFFFFFFFFFFFFFFFFFFFFFFFFFFFFFFFFFFFFFFFFFFFFFFFFFFFFFFFFFFFA3
:209DE000FFFFFFFFFFFFFFFFFFFFFFFFFFFFFFFFFFFFFFFFFFFFFFFFFFFFFFFFFFFFFFFF83
:209E0000FFFFFFFFFFFFFFFFFFFFFFFFFFFFFFFFFFFFFFFFFFFFFFFFFFFFFFFFFFFFFFFF62
:209E2000FFFFFFFFFFFFFFFFFFFFFFFFFFFFFFFFFFFFFFFFFFFFFFFFFFFFFFFFFFFFFFFF42
:209E4000FFFFFFFFFFFFFFFFFFFFFFFFFFFFFFFFFFFFFFFFFFFFFFFFFFFFFFFFFFFFFFFF22
:209E6000FFFFFFFFFFFFFFFFFFFFFFFFFFFFFFFFFFFFFFFFFFFFFFFFFFFFFFFFFFFFFFFF02
:209E8000FFFFFFFFFFFFFFFFFFFFFFFFFFFFFFFFFFFFFFFFFFFFFFFFFFFFFFFFFFFFFFFFE2
:209EA000FFFFFFFFFFFFFFFFFFFFFFFFFFFFFFFFFFFFFFFFFFFFFFFFFFFFFFFFFFFFFFFFC2
:209EC000FFFFFFFFFFFFFFFFFFFFFFFFFFFFFFFFFFFFFFFFFFFFFFFFFFFFFFFFFFFFFFFFA2
:209EE000FFFFFFFFFFFFFFFFFFFFFFFFFFFFFFFFFFFFFFFFFFFFFFFFFFFFFFFFFFFFFFFF82
:209F0000FFFFFFFFFFFFFFFFFFFFFFFFFFFFFFFFFFFFFFFFFFFFFFFFFFFFFFFFFFFFFFFF61
:209F2000FFFFFFFFFFFFFFFFFFFFFFFFFFFFFFFFFFFFFFFFFFFFFFFFFFFFFFFFFFFFFFFF41
:209F4000FFFFFFFFFFFFFFFFFFFFFFFFFFFFFFFFFFFFFFFFFFFFFFFFFFFFFFFFFFFFFFFF21
:209F6000FFFFFFFFFFFFFFFFFFFFFFFFFFFFFFFFFFFFFFFFFFFFFFFFFFFFFFFFFFFFFFFF01
:209F8000FFFFFFFFFFFFFFFFFFFFFFFFFFFFFFFFFFFFFFFFFFFFFFFFFFFFFFFFFFFFFFFFE1
:209FA000FFFFFFFFFFFFFFFFFFFFFFFFFFFFFFFFFFFFFFFFFFFFFFFFFFFFFFFFFFFFFFFFC1
:209FC000FFFFFFFFFFFFFFFFFFFFFFFFFFFFFFFFFFFFFFFFFFFFFFFFFFFFFFFFFFFFFFFFA1
:209FE000FFFFFFFFFFFFFFFFFFFFFFFFFFFFFFFFFFFFFFFFFFFFFFFFFFFFFFFFFFFFFFFF81
:20A00000FFFFFFFFFFFFFFFFFFFFFFFFFFFFFFFFFFFFFFFFFFFFFFFFFFFFFFFFFFFFFFFF60
:20A02000FFFFFFFFFFFFFFFFFFFFFFFFFFFFFFFFFFFFFFFFFFFFFFFFFFFFFFFFFFFFFFFF40
:20A04000FFFFFFFFFFFFFFFFFFFFFFFFFFFFFFFFFFFFFFFFFFFFFFFFFFFFFFFFFFFFFFFF20
:20A06000FFFFFFFFFFFFFFFFFFFFFFFFFFFFFFFFFFFFFFFFFFFFFFFFFFFFFFFFFFFFFFFF00
:20A08000FFFFFFFFFFFFFFFFFFFFFFFFFFFFFFFFFFFFFFFFFFFFFFFFFFFFFFFFFFFFFFFFE0
:20A0A000FFFFFFFFFFFFFFFFFFFFFFFFFFFFFFFFFFFFFFFFFFFFFFFFFFFFFFFFFFFFFFFFC0
:20A0C000FFFFFFFFFFFFFFFFFFFFFFFFFFFFFFFFFFFFFFFFFFFFFFFFFFFFFFFFFFFFFFFFA0
:20A0E000FFFFFFFFFFFFFFFFFFFFFFFFFFFFFFFFFFFFFFFFFFFFFFFFFFFFFFFFFFFFFFFF80
:20A10000FFFFFFFFFFFFFFFFFFFFFFFFFFFFFFFFFFFFFFFFFFFFFFFFFFFFFFFFFFFFFFFF5F
:20A12000FFFFFFFFFFFFFFFFFFFFFFFFFFFFFFFFFFFFFFFFFFFFFFFFFFFFFFFFFFFFFFFF3F
:20A14000FFFFFFFFFFFFFFFFFFFFFFFFFFFFFFFFFFFFFFFFFFFFFFFFFFFFFFFFFFFFFFFF1F
:20A16000FFFFFFFFFFFFFFFFFFFFFFFFFFFFFFFFFFFFFFFFFFFFFFFFFFFFFFFFFFFFFFFFFF
:20A18000FFFFFFFFFFFFFFFFFFFFFFFFFFFFFFFFFFFFFFFFFFFFFFFFFFFFFFFFFFFFFFFFDF
:20A1A000FFFFFFFFFFFFFFFFFFFFFFFFFFFFFFFFFFFFFFFFFFFFFFFFFFFFFFFFFFFFFFFFBF
:20A1C000FFFFFFFFFFFFFFFFFFFFFFFFFFFFFFFFFFFFFFFFFFFFFFFFFFFFFFFFFFFFFFFF9F
:20A1E000FFFFFFFFFFFFFFFFFFFFFFFFFFFFFFFFFFFFFFFFFFFFFFFFFFFFFFFFFFFFFFFF7F
:20A20000FFFFFFFFFFFFFFFFFFFFFFFFFFFFFFFFFFFFFFFFFFFFFFFFFFFFFFFFFFFFFFFF5E
:20A22000FFFFFFFFFFFFFFFFFFFFFFFFFFFFFFFFFFFFFFFFFFFFFFFFFFFFFFFFFFFFFFFF3E
:20A24000FFFFFFFFFFFFFFFFFFFFFFFFFFFFFFFFFFFFFFFFFFFFFFFFFFFFFFFFFFFFFFFF1E
:20A26000FFFFFFFFFFFFFFFFFFFFFFFFFFFFFFFFFFFFFFFFFFFFFFFFFFFFFFFFFFFFFFFFFE
:20A28000FFFFFFFFFFFFFFFFFFFFFFFFFFFFFFFFFFFFFFFFFFFFFFFFFFFFFFFFFFFFFFFFDE
:20A2A000FFFFFFFFFFFFFFFFFFFFFFFFFFFFFFFFFFFFFFFFFFFFFFFFFFFFFFFFFFFFFFFFBE
:20A2C000FFFFFFFFFFFFFFFFFFFFFFFFFFFFFFFFFFFFFFFFFFFFFFFFFFFFFFFFFFFFFFFF9E
:20A2E000FFFFFFFFFFFFFFFFFFFFFFFFFFFFFFFFFFFFFFFFFFFFFFFFFFFFFFFFFFFFFFFF7E
:20A30000FFFFFFFFFFFFFFFFFFFFFFFFFFFFFFFFFFFFFFFFFFFFFFFFFFFFFFFFFFFFFFFF5D
:20A32000FFFFFFFFFFFFFFFFFFFFFFFFFFFFFFFFFFFFFFFFFFFFFFFFFFFFFFFFFFFFFFFF3D
:20A34000FFFFFFFFFFFFFFFFFFFFFFFFFFFFFFFFFFFFFFFFFFFFFFFFFFFFFFFFFFFFFFFF1D
:20A36000FFFFFFFFFFFFFFFFFFFFFFFFFFFFFFFFFFFFFFFFFFFFFFFFFFFFFFFFFFFFFFFFFD
:20A38000FFFFFFFFFFFFFFFFFFFFFFFFFFFFFFFFFFFFFFFFFFFFFFFFFFFFFFFFFFFFFFFFDD
:20A3A000FFFFFFFFFFFFFFFFFFFFFFFFFFFFFFFFFFFFFFFFFFFFFFFFFFFFFFFFFFFFFFFFBD
:20A3C000FFFFFFFFFFFFFFFFFFFFFFFFFFFFFFFFFFFFFFFFFFFFFFFFFFFFFFFFFFFFFFFF9D
:20A3E000FFFFFFFFFFFFFFFFFFFFFFFFFFFFFFFFFFFFFFFFFFFFFFFFFFFFFFFFFFFFFFFF7D
:20A40000FFFFFFFFFFFFFFFFFFFFFFFFFFFFFFFFFFFFFFFFFFFFFFFFFFFFFFFFFFFFFFFF5C
:20A42000FFFFFFFFFFFFFFFFFFFFFFFFFFFFFFFFFFFFFFFFFFFFFFFFFFFFFFFFFFFFFFFF3C
:20A44000FFFFFFFFFFFFFFFFFFFFFFFFFFFFFFFFFFFFFFFFFFFFFFFFFFFFFFFFFFFFFFFF1C
:20A46000FFFFFFFFFFFFFFFFFFFFFFFFFFFFFFFFFFFFFFFFFFFFFFFFFFFFFFFFFFFFFFFFFC
:20A48000FFFFFFFFFFFFFFFFFFFFFFFFFFFFFFFFFFFFFFFFFFFFFFFFFFFFFFFFFFFFFFFFDC
:20A4A000FFFFFFFFFFFFFFFFFFFFFFFFFFFFFFFFFFFFFFFFFFFFFFFFFFFFFFFFFFFFFFFFBC
:20A4C000FFFFFFFFFFFFFFFFFFFFFFFFFFFFFFFFFFFFFFFFFFFFFFFFFFFFFFFFFFFFFFFF9C
:20A4E000FFFFFFFFFFFFFFFFFFFFFFFFFFFFFFFFFFFFFFFFFFFFFFFFFFFFFFFFFFFFFFFF7C
:20A50000FFFFFFFFFFFFFFFFFFFFFFFFFFFFFFFFFFFFFFFFFFFFFFFFFFFFFFFFFFFFFFFF5B
:20A52000FFFFFFFFFFFFFFFFFFFFFFFFFFFFFFFFFFFFFFFFFFFFFFFFFFFFFFFFFFFFFFFF3B
:20A54000FFFFFFFFFFFFFFFFFFFFFFFFFFFFFFFFFFFFFFFFFFFFFFFFFFFFFFFFFFFFFFFF1B
:20A56000FFFFFFFFFFFFFFFFFFFFFFFFFFFFFFFFFFFFFFFFFFFFFFFFFFFFFFFFFFFFFFFFFB
:20A58000FFFFFFFFFFFFFFFFFFFFFFFFFFFFFFFFFFFFFFFFFFFFFFFFFFFFFFFFFFFFFFFFDB
:20A5A000FFFFFFFFFFFFFFFFFFFFFFFFFFFFFFFFFFFFFFFFFFFFFFFFFFFFFFFFFFFFFFFFBB
:20A5C000FFFFFFFFFFFFFFFFFFFFFFFFFFFFFFFFFFFFFFFFFFFFFFFFFFFFFFFFFFFFFFFF9B
:20A5E000FFFFFFFFFFFFFFFFFFFFFFFFFFFFFFFFFFFFFFFFFFFFFFFFFFFFFFFFFFFFFFFF7B
:20A60000FFFFFFFFFFFFFFFFFFFFFFFFFFFFFFFFFFFFFFFFFFFFFFFFFFFFFFFFFFFFFFFF5A
:20A62000FFFFFFFFFFFFFFFFFFFFFFFFFFFFFFFFFFFFFFFFFFFFFFFFFFFFFFFFFFFFFFFF3A
:20A64000FFFFFFFFFFFFFFFFFFFFFFFFFFFFFFFFFFFFFFFFFFFFFFFFFFFFFFFFFFFFFFFF1A
:20A66000FFFFFFFFFFFFFFFFFFFFFFFFFFFFFFFFFFFFFFFFFFFFFFFFFFFFFFFFFFFFFFFFFA
:20A68000FFFFFFFFFFFFFFFFFFFFFFFFFFFFFFFFFFFFFFFFFFFFFFFFFFFFFFFFFFFFFFFFDA
:20A6A000FFFFFFFFFFFFFFFFFFFFFFFFFFFFFFFFFFFFFFFFFFFFFFFFFFFFFFFFFFFFFFFFBA
:20A6C000FFFFFFFFFFFFFFFFFFFFFFFFFFFFFFFFFFFFFFFFFFFFFFFFFFFFFFFFFFFFFFFF9A
:20A6E000FFFFFFFFFFFFFFFFFFFFFFFFFFFFFFFFFFFFFFFFFFFFFFFFFFFFFFFFFFFFFFFF7A
:20A70000FFFFFFFFFFFFFFFFFFFFFFFFFFFFFFFFFFFFFFFFFFFFFFFFFFFFFFFFFFFFFFFF59
:20A72000FFFFFFFFFFFFFFFFFFFFFFFFFFFFFFFFFFFFFFFFFFFFFFFFFFFFFFFFFFFFFFFF39
:20A74000FFFFFFFFFFFFFFFFFFFFFFFFFFFFFFFFFFFFFFFFFFFFFFFFFFFFFFFFFFFFFFFF19
:20A76000FFFFFFFFFFFFFFFFFFFFFFFFFFFFFFFFFFFFFFFFFFFFFFFFFFFFFFFFFFFFFFFFF9
:20A78000FFFFFFFFFFFFFFFFFFFFFFFFFFFFFFFFFFFFFFFFFFFFFFFFFFFFFFFFFFFFFFFFD9
:20A7A000FFFFFFFFFFFFFFFFFFFFFFFFFFFFFFFFFFFFFFFFFFFFFFFFFFFFFFFFFFFFFFFFB9
:20A7C000FFFFFFFFFFFFFFFFFFFFFFFFFFFFFFFFFFFFFFFFFFFFFFFFFFFFFFFFFFFFFFFF99
:20A7E000FFFFFFFFFFFFFFFFFFFFFFFFFFFFFFFFFFFFFFFFFFFFFFFFFFFFFFFFFFFFFFFF79
:20A80000FFFFFFFFFFFFFFFFFFFFFFFFFFFFFFFFFFFFFFFFFFFFFFFFFFFFFFFFFFFFFFFF58
:20A82000FFFFFFFFFFFFFFFFFFFFFFFFFFFFFFFFFFFFFFFFFFFFFFFFFFFFFFFFFFFFFFFF38
:20A84000FFFFFFFFFFFFFFFFFFFFFFFFFFFFFFFFFFFFFFFFFFFFFFFFFFFFFFFFFFFFFFFF18
:20A86000FFFFFFFFFFFFFFFFFFFFFFFFFFFFFFFFFFFFFFFFFFFFFFFFFFFFFFFFFFFFFFFFF8
:20A88000FFFFFFFFFFFFFFFFFFFFFFFFFFFFFFFFFFFFFFFFFFFFFFFFFFFFFFFFFFFFFFFFD8
:20A8A000FFFFFFFFFFFFFFFFFFFFFFFFFFFFFFFFFFFFFFFFFFFFFFFFFFFFFFFFFFFFFFFFB8
:20A8C000FFFFFFFFFFFFFFFFFFFFFFFFFFFFFFFFFFFFFFFFFFFFFFFFFFFFFFFFFFFFFFFF98
:20A8E000FFFFFFFFFFFFFFFFFFFFFFFFFFFFFFFFFFFFFFFFFFFFFFFFFFFFFFFFFFFFFFFF78
:20A90000FFFFFFFFFFFFFFFFFFFFFFFFFFFFFFFFFFFFFFFFFFFFFFFFFFFFFFFFFFFFFFFF57
:20A92000FFFFFFFFFFFFFFFFFFFFFFFFFFFFFFFFFFFFFFFFFFFFFFFFFFFFFFFFFFFFFFFF37
:20A94000FFFFFFFFFFFFFFFFFFFFFFFFFFFFFFFFFFFFFFFFFFFFFFFFFFFFFFFFFFFFFFFF17
:20A96000FFFFFFFFFFFFFFFFFFFFFFFFFFFFFFFFFFFFFFFFFFFFFFFFFFFFFFFFFFFFFFFFF7
:20A98000FFFFFFFFFFFFFFFFFFFFFFFFFFFFFFFFFFFFFFFFFFFFFFFFFFFFFFFFFFFFFFFFD7
:20A9A000FFFFFFFFFFFFFFFFFFFFFFFFFFFFFFFFFFFFFFFFFFFFFFFFFFFFFFFFFFFFFFFFB7
:20A9C000FFFFFFFFFFFFFFFFFFFFFFFFFFFFFFFFFFFFFFFFFFFFFFFFFFFFFFFFFFFFFFFF97
:20A9E000FFFFFFFFFFFFFFFFFFFFFFFFFFFFFFFFFFFFFFFFFFFFFFFFFFFFFFFFFFFFFFFF77
:20AA0000FFFFFFFFFFFFFFFFFFFFFFFFFFFFFFFFFFFFFFFFFFFFFFFFFFFFFFFFFFFFFFFF56
:20AA2000FFFFFFFFFFFFFFFFFFFFFFFFFFFFFFFFFFFFFFFFFFFFFFFFFFFFFFFFFFFFFFFF36
:20AA4000FFFFFFFFFFFFFFFFFFFFFFFFFFFFFFFFFFFFFFFFFFFFFFFFFFFFFFFFFFFFFFFF16
:20AA6000FFFFFFFFFFFFFFFFFFFFFFFFFFFFFFFFFFFFFFFFFFFFFFFFFFFFFFFFFFFFFFFFF6
:20AA8000FFFFFFFFFFFFFFFFFFFFFFFFFFFFFFFFFFFFFFFFFFFFFFFFFFFFFFFFFFFFFFFFD6
:20AAA000FFFFFFFFFFFFFFFFFFFFFFFFFFFFFFFFFFFFFFFFFFFFFFFFFFFFFFFFFFFFFFFFB6
:20AAC000FFFFFFFFFFFFFFFFFFFFFFFFFFFFFFFFFFFFFFFFFFFFFFFFFFFFFFFFFFFFFFFF96
:20AAE000FFFFFFFFFFFFFFFFFFFFFFFFFFFFFFFFFFFFFFFFFFFFFFFFFFFFFFFFFFFFFFFF76
:20AB0000FFFFFFFFFFFFFFFFFFFFFFFFFFFFFFFFFFFFFFFFFFFFFFFFFFFFFFFFFFFFFFFF55
:20AB2000FFFFFFFFFFFFFFFFFFFFFFFFFFFFFFFFFFFFFFFFFFFFFFFFFFFFFFFFFFFFFFFF35
:20AB4000FFFFFFFFFFFFFFFFFFFFFFFFFFFFFFFFFFFFFFFFFFFFFFFFFFFFFFFFFFFFFFFF15
:20AB6000FFFFFFFFFFFFFFFFFFFFFFFFFFFFFFFFFFFFFFFFFFFFFFFFFFFFFFFFFFFFFFFFF5
:20AB8000FFFFFFFFFFFFFFFFFFFFFFFFFFFFFFFFFFFFFFFFFFFFFFFFFFFFFFFFFFFFFFFFD5
:20ABA000FFFFFFFFFFFFFFFFFFFFFFFFFFFFFFFFFFFFFFFFFFFFFFFFFFFFFFFFFFFFFFFFB5
:20ABC000FFFFFFFFFFFFFFFFFFFFFFFFFFFFFFFFFFFFFFFFFFFFFFFFFFFFFFFFFFFFFFFF95
:20ABE000FFFFFFFFFFFFFFFFFFFFFFFFFFFFFFFFFFFFFFFFFFFFFFFFFFFFFFFFFFFFFFFF75
:20AC0000FFFFFFFFFFFFFFFFFFFFFFFFFFFFFFFFFFFFFFFFFFFFFFFFFFFFFFFFFFFFFFFF54
:20AC2000FFFFFFFFFFFFFFFFFFFFFFFFFFFFFFFFFFFFFFFFFFFFFFFFFFFFFFFFFFFFFFFF34
:20AC4000FFFFFFFFFFFFFFFFFFFFFFFFFFFFFFFFFFFFFFFFFFFFFFFFFFFFFFFFFFFFFFFF14
:20AC6000FFFFFFFFFFFFFFFFFFFFFFFFFFFFFFFFFFFFFFFFFFFFFFFFFFFFFFFFFFFFFFFFF4
:20AC8000FFFFFFFFFFFFFFFFFFFFFFFFFFFFFFFFFFFFFFFFFFFFFFFFFFFFFFFFFFFFFFFFD4
:20ACA000FFFFFFFFFFFFFFFFFFFFFFFFFFFFFFFFFFFFFFFFFFFFFFFFFFFFFFFFFFFFFFFFB4
:20ACC000FFFFFFFFFFFFFFFFFFFFFFFFFFFFFFFFFFFFFFFFFFFFFFFFFFFFFFFFFFFFFFFF94
:20ACE000FFFFFFFFFFFFFFFFFFFFFFFFFFFFFFFFFFFFFFFFFFFFFFFFFFFFFFFFFFFFFFFF74
:20AD0000FFFFFFFFFFFFFFFFFFFFFFFFFFFFFFFFFFFFFFFFFFFFFFFFFFFFFFFFFFFFFFFF53
:20AD2000FFFFFFFFFFFFFFFFFFFFFFFFFFFFFFFFFFFFFFFFFFFFFFFFFFFFFFFFFFFFFFFF33
:20AD4000FFFFFFFFFFFFFFFFFFFFFFFFFFFFFFFFFFFFFFFFFFFFFFFFFFFFFFFFFFFFFFFF13
:20AD6000FFFFFFFFFFFFFFFFFFFFFFFFFFFFFFFFFFFFFFFFFFFFFFFFFFFFFFFFFFFFFFFFF3
:20AD8000FFFFFFFFFFFFFFFFFFFFFFFFFFFFFFFFFFFFFFFFFFFFFFFFFFFFFFFFFFFFFFFFD3
:20ADA000FFFFFFFFFFFFFFFFFFFFFFFFFFFFFFFFFFFFFFFFFFFFFFFFFFFFFFFFFFFFFFFFB3
:20ADC000FFFFFFFFFFFFFFFFFFFFFFFFFFFFFFFFFFFFFFFFFFFFFFFFFFFFFFFFFFFFFFFF93
:20ADE000FFFFFFFFFFFFFFFFFFFFFFFFFFFFFFFFFFFFFFFFFFFFFFFFFFFFFFFFFFFFFFFF73
:20AE0000FFFFFFFFFFFFFFFFFFFFFFFFFFFFFFFFFFFFFFFFFFFFFFFFFFFFFFFFFFFFFFFF52
:20AE2000FFFFFFFFFFFFFFFFFFFFFFFFFFFFFFFFFFFFFFFFFFFFFFFFFFFFFFFFFFFFFFFF32
:20AE4000FFFFFFFFFFFFFFFFFFFFFFFFFFFFFFFFFFFFFFFFFFFFFFFFFFFFFFFFFFFFFFFF12
:20AE6000FFFFFFFFFFFFFFFFFFFFFFFFFFFFFFFFFFFFFFFFFFFFFFFFFFFFFFFFFFFFFFFFF2
:20AE8000FFFFFFFFFFFFFFFFFFFFFFFFFFFFFFFFFFFFFFFFFFFFFFFFFFFFFFFFFFFFFFFFD2
:20AEA000FFFFFFFFFFFFFFFFFFFFFFFFFFFFFFFFFFFFFFFFFFFFFFFFFFFFFFFFFFFFFFFFB2
:20AEC000FFFFFFFFFFFFFFFFFFFFFFFFFFFFFFFFFFFFFFFFFFFFFFFFFFFFFFFFFFFFFFFF92
:20AEE000FFFFFFFFFFFFFFFFFFFFFFFFFFFFFFFFFFFFFFFFFFFFFFFFFFFFFFFFFFFFFFFF72
:20AF0000FFFFFFFFFFFFFFFFFFFFFFFFFFFFFFFFFFFFFFFFFFFFFFFFFFFFFFFFFFFFFFFF51
:20AF2000FFFFFFFFFFFFFFFFFFFFFFFFFFFFFFFFFFFFFFFFFFFFFFFFFFFFFFFFFFFFFFFF31
:20AF4000FFFFFFFFFFFFFFFFFFFFFFFFFFFFFFFFFFFFFFFFFFFFFFFFFFFFFFFFFFFFFFFF11
:20AF6000FFFFFFFFFFFFFFFFFFFFFFFFFFFFFFFFFFFFFFFFFFFFFFFFFFFFFFFFFFFFFFFFF1
:20AF8000FFFFFFFFFFFFFFFFFFFFFFFFFFFFFFFFFFFFFFFFFFFFFFFFFFFFFFFFFFFFFFFFD1
:20AFA000FFFFFFFFFFFFFFFFFFFFFFFFFFFFFFFFFFFFFFFFFFFFFFFFFFFFFFFFFFFFFFFFB1
:20AFC000FFFFFFFFFFFFFFFFFFFFFFFFFFFFFFFFFFFFFFFFFFFFFFFFFFFFFFFFFFFFFFFF91
:20AFE000FFFFFFFFFFFFFFFFFFFFFFFFFFFFFFFFFFFFFFFFFFFFFFFFFFFFFFFFFFFFFFFF71
:20B00000FFFFFFFFFFFFFFFFFFFFFFFFFFFFFFFFFFFFFFFFFFFFFFFFFFFFFFFFFFFFFFFF50
:20B02000FFFFFFFFFFFFFFFFFFFFFFFFFFFFFFFFFFFFFFFFFFFFFFFFFFFFFFFFFFFFFFFF30
:20B04000FFFFFFFFFFFFFFFFFFFFFFFFFFFFFFFFFFFFFFFFFFFFFFFFFFFFFFFFFFFFFFFF10
:20B06000FFFFFFFFFFFFFFFFFFFFFFFFFFFFFFFFFFFFFFFFFFFFFFFFFFFFFFFFFFFFFFFFF0
:20B08000FFFFFFFFFFFFFFFFFFFFFFFFFFFFFFFFFFFFFFFFFFFFFFFFFFFFFFFFFFFFFFFFD0
:20B0A000FFFFFFFFFFFFFFFFFFFFFFFFFFFFFFFFFFFFFFFFFFFFFFFFFFFFFFFFFFFFFFFFB0
:20B0C000FFFFFFFFFFFFFFFFFFFFFFFFFFFFFFFFFFFFFFFFFFFFFFFFFFFFFFFFFFFFFFFF90
:20B0E000FFFFFFFFFFFFFFFFFFFFFFFFFFFFFFFFFFFFFFFFFFFFFFFFFFFFFFFFFFFFFFFF70
:20B10000FFFFFFFFFFFFFFFFFFFFFFFFFFFFFFFFFFFFFFFFFFFFFFFFFFFFFFFFFFFFFFFF4F
:20B12000FFFFFFFFFFFFFFFFFFFFFFFFFFFFFFFFFFFFFFFFFFFFFFFFFFFFFFFFFFFFFFFF2F
:20B14000FFFFFFFFFFFFFFFFFFFFFFFFFFFFFFFFFFFFFFFFFFFFFFFFFFFFFFFFFFFFFFFF0F
:20B16000FFFFFFFFFFFFFFFFFFFFFFFFFFFFFFFFFFFFFFFFFFFFFFFFFFFFFFFFFFFFFFFFEF
:20B18000FFFFFFFFFFFFFFFFFFFFFFFFFFFFFFFFFFFFFFFFFFFFFFFFFFFFFFFFFFFFFFFFCF
:20B1A000FFFFFFFFFFFFFFFFFFFFFFFFFFFFFFFFFFFFFFFFFFFFFFFFFFFFFFFFFFFFFFFFAF
:20B1C000FFFFFFFFFFFFFFFFFFFFFFFFFFFFFFFFFFFFFFFFFFFFFFFFFFFFFFFFFFFFFFFF8F
:20B1E000FFFFFFFFFFFFFFFFFFFFFFFFFFFFFFFFFFFFFFFFFFFFFFFFFFFFFFFFFFFFFFFF6F
:20B20000FFFFFFFFFFFFFFFFFFFFFFFFFFFFFFFFFFFFFFFFFFFFFFFFFFFFFFFFFFFFFFFF4E
:20B22000FFFFFFFFFFFFFFFFFFFFFFFFFFFFFFFFFFFFFFFFFFFFFFFFFFFFFFFFFFFFFFFF2E
:20B24000FFFFFFFFFFFFFFFFFFFFFFFFFFFFFFFFFFFFFFFFFFFFFFFFFFFFFFFFFFFFFFFF0E
:20B26000FFFFFFFFFFFFFFFFFFFFFFFFFFFFFFFFFFFFFFFFFFFFFFFFFFFFFFFFFFFFFFFFEE
:20B28000FFFFFFFFFFFFFFFFFFFFFFFFFFFFFFFFFFFFFFFFFFFFFFFFFFFFFFFFFFFFFFFFCE
:20B2A000FFFFFFFFFFFFFFFFFFFFFFFFFFFFFFFFFFFFFFFFFFFFFFFFFFFFFFFFFFFFFFFFAE
:20B2C000FFFFFFFFFFFFFFFFFFFFFFFFFFFFFFFFFFFFFFFFFFFFFFFFFFFFFFFFFFFFFFFF8E
:20B2E000FFFFFFFFFFFFFFFFFFFFFFFFFFFFFFFFFFFFFFFFFFFFFFFFFFFFFFFFFFFFFFFF6E
:20B30000FFFFFFFFFFFFFFFFFFFFFFFFFFFFFFFFFFFFFFFFFFFFFFFFFFFFFFFFFFFFFFFF4D
:20B32000FFFFFFFFFFFFFFFFFFFFFFFFFFFFFFFFFFFFFFFFFFFFFFFFFFFFFFFFFFFFFFFF2D
:20B34000FFFFFFFFFFFFFFFFFFFFFFFFFFFFFFFFFFFFFFFFFFFFFFFFFFFFFFFFFFFFFFFF0D
:20B36000FFFFFFFFFFFFFFFFFFFFFFFFFFFFFFFFFFFFFFFFFFFFFFFFFFFFFFFFFFFFFFFFED
:20B38000FFFFFFFFFFFFFFFFFFFFFFFFFFFFFFFFFFFFFFFFFFFFFFFFFFFFFFFFFFFFFFFFCD
:20B3A000FFFFFFFFFFFFFFFFFFFFFFFFFFFFFFFFFFFFFFFFFFFFFFFFFFFFFFFFFFFFFFFFAD
:20B3C000FFFFFFFFFFFFFFFFFFFFFFFFFFFFFFFFFFFFFFFFFFFFFFFFFFFFFFFFFFFFFFFF8D
:20B3E000FFFFFFFFFFFFFFFFFFFFFFFFFFFFFFFFFFFFFFFFFFFFFFFFFFFFFFFFFFFFFFFF6D
:20B40000FFFFFFFFFFFFFFFFFFFFFFFFFFFFFFFFFFFFFFFFFFFFFFFFFFFFFFFFFFFFFFFF4C
:20B42000FFFFFFFFFFFFFFFFFFFFFFFFFFFFFFFFFFFFFFFFFFFFFFFFFFFFFFFFFFFFFFFF2C
:20B44000FFFFFFFFFFFFFFFFFFFFFFFFFFFFFFFFFFFFFFFFFFFFFFFFFFFFFFFFFFFFFFFF0C
:20B46000FFFFFFFFFFFFFFFFFFFFFFFFFFFFFFFFFFFFFFFFFFFFFFFFFFFFFFFFFFFFFFFFEC
:20B48000FFFFFFFFFFFFFFFFFFFFFFFFFFFFFFFFFFFFFFFFFFFFFFFFFFFFFFFFFFFFFFFFCC
:20B4A000FFFFFFFFFFFFFFFFFFFFFFFFFFFFFFFFFFFFFFFFFFFFFFFFFFFFFFFFFFFFFFFFAC
:20B4C000FFFFFFFFFFFFFFFFFFFFFFFFFFFFFFFFFFFFFFFFFFFFFFFFFFFFFFFFFFFFFFFF8C
:20B4E000FFFFFFFFFFFFFFFFFFFFFFFFFFFFFFFFFFFFFFFFFFFFFFFFFFFFFFFFFFFFFFFF6C
:20B50000FFFFFFFFFFFFFFFFFFFFFFFFFFFFFFFFFFFFFFFFFFFFFFFFFFFFFFFFFFFFFFFF4B
:20B52000FFFFFFFFFFFFFFFFFFFFFFFFFFFFFFFFFFFFFFFFFFFFFFFFFFFFFFFFFFFFFFFF2B
:20B54000FFFFFFFFFFFFFFFFFFFFFFFFFFFFFFFFFFFFFFFFFFFFFFFFFFFFFFFFFFFFFFFF0B
:20B56000FFFFFFFFFFFFFFFFFFFFFFFFFFFFFFFFFFFFFFFFFFFFFFFFFFFFFFFFFFFFFFFFEB
:20B58000FFFFFFFFFFFFFFFFFFFFFFFFFFFFFFFFFFFFFFFFFFFFFFFFFFFFFFFFFFFFFFFFCB
:20B5A000FFFFFFFFFFFFFFFFFFFFFFFFFFFFFFFFFFFFFFFFFFFFFFFFFFFFFFFFFFFFFFFFAB
:20B5C000FFFFFFFFFFFFFFFFFFFFFFFFFFFFFFFFFFFFFFFFFFFFFFFFFFFFFFFFFFFFFFFF8B
:20B5E000FFFFFFFFFFFFFFFFFFFFFFFFFFFFFFFFFFFFFFFFFFFFFFFFFFFFFFFFFFFFFFFF6B
:20B60000FFFFFFFFFFFFFFFFFFFFFFFFFFFFFFFFFFFFFFFFFFFFFFFFFFFFFFFFFFFFFFFF4A
:20B62000FFFFFFFFFFFFFFFFFFFFFFFFFFFFFFFFFFFFFFFFFFFFFFFFFFFFFFFFFFFFFFFF2A
:20B64000FFFFFFFFFFFFFFFFFFFFFFFFFFFFFFFFFFFFFFFFFFFFFFFFFFFFFFFFFFFFFFFF0A
:20B66000FFFFFFFFFFFFFFFFFFFFFFFFFFFFFFFFFFFFFFFFFFFFFFFFFFFFFFFFFFFFFFFFEA
:20B68000FFFFFFFFFFFFFFFFFFFFFFFFFFFFFFFFFFFFFFFFFFFFFFFFFFFFFFFFFFFFFFFFCA
:20B6A000FFFFFFFFFFFFFFFFFFFFFFFFFFFFFFFFFFFFFFFFFFFFFFFFFFFFFFFFFFFFFFFFAA
:20B6C000FFFFFFFFFFFFFFFFFFFFFFFFFFFFFFFFFFFFFFFFFFFFFFFFFFFFFFFFFFFFFFFF8A
:20B6E000FFFFFFFFFFFFFFFFFFFFFFFFFFFFFFFFFFFFFFFFFFFFFFFFFFFFFFFFFFFFFFFF6A
:20B70000FFFFFFFFFFFFFFFFFFFFFFFFFFFFFFFFFFFFFFFFFFFFFFFFFFFFFFFFFFFFFFFF49
:20B72000FFFFFFFFFFFFFFFFFFFFFFFFFFFFFFFFFFFFFFFFFFFFFFFFFFFFFFFFFFFFFFFF29
:20B74000FFFFFFFFFFFFFFFFFFFFFFFFFFFFFFFFFFFFFFFFFFFFFFFFFFFFFFFFFFFFFFFF09
:20B76000FFFFFFFFFFFFFFFFFFFFFFFFFFFFFFFFFFFFFFFFFFFFFFFFFFFFFFFFFFFFFFFFE9
:20B78000FFFFFFFFFFFFFFFFFFFFFFFFFFFFFFFFFFFFFFFFFFFFFFFFFFFFFFFFFFFFFFFFC9
:20B7A000FFFFFFFFFFFFFFFFFFFFFFFFFFFFFFFFFFFFFFFFFFFFFFFFFFFFFFFFFFFFFFFFA9
:20B7C000FFFFFFFFFFFFFFFFFFFFFFFFFFFFFFFFFFFFFFFFFFFFFFFFFFFFFFFFFFFFFFFF89
:20B7E000FFFFFFFFFFFFFFFFFFFFFFFFFFFFFFFFFFFFFFFFFFFFFFFFFFFFFFFFFFFFFFFF69
:20B80000FFFFFFFFFFFFFFFFFFFFFFFFFFFFFFFFFFFFFFFFFFFFFFFFFFFFFFFFFFFFFFFF48
:20B82000FFFFFFFFFFFFFFFFFFFFFFFFFFFFFFFFFFFFFFFFFFFFFFFFFFFFFFFFFFFFFFFF28
:20B84000FFFFFFFFFFFFFFFFFFFFFFFFFFFFFFFFFFFFFFFFFFFFFFFFFFFFFFFFFFFFFFFF08
:20B86000FFFFFFFFFFFFFFFFFFFFFFFFFFFFFFFFFFFFFFFFFFFFFFFFFFFFFFFFFFFFFFFFE8
:20B88000FFFFFFFFFFFFFFFFFFFFFFFFFFFFFFFFFFFFFFFFFFFFFFFFFFFFFFFFFFFFFFFFC8
:20B8A000FFFFFFFFFFFFFFFFFFFFFFFFFFFFFFFFFFFFFFFFFFFFFFFFFFFFFFFFFFFFFFFFA8
:20B8C000FFFFFFFFFFFFFFFFFFFFFFFFFFFFFFFFFFFFFFFFFFFFFFFFFFFFFFFFFFFFFFFF88
:20B8E000FFFFFFFFFFFFFFFFFFFFFFFFFFFFFFFFFFFFFFFFFFFFFFFFFFFFFFFFFFFFFFFF68
:20B90000FFFFFFFFFFFFFFFFFFFFFFFFFFFFFFFFFFFFFFFFFFFFFFFFFFFFFFFFFFFFFFFF47
:20B92000FFFFFFFFFFFFFFFFFFFFFFFFFFFFFFFFFFFFFFFFFFFFFFFFFFFFFFFFFFFFFFFF27
:20B94000FFFFFFFFFFFFFFFFFFFFFFFFFFFFFFFFFFFFFFFFFFFFFFFFFFFFFFFFFFFFFFFF07
:20B96000FFFFFFFFFFFFFFFFFFFFFFFFFFFFFFFFFFFFFFFFFFFFFFFFFFFFFFFFFFFFFFFFE7
:20B98000FFFFFFFFFFFFFFFFFFFFFFFFFFFFFFFFFFFFFFFFFFFFFFFFFFFFFFFFFFFFFFFFC7
:20B9A000FFFFFFFFFFFFFFFFFFFFFFFFFFFFFFFFFFFFFFFFFFFFFFFFFFFFFFFFFFFFFFFFA7
:20B9C000FFFFFFFFFFFFFFFFFFFFFFFFFFFFFFFFFFFFFFFFFFFFFFFFFFFFFFFFFFFFFFFF87
:20B9E000FFFFFFFFFFFFFFFFFFFFFFFFFFFFFFFFFFFFFFFFFFFFFFFFFFFFFFFFFFFFFFFF67
:20BA0000FFFFFFFFFFFFFFFFFFFFFFFFFFFFFFFFFFFFFFFFFFFFFFFFFFFFFFFFFFFFFFFF46
:20BA2000FFFFFFFFFFFFFFFFFFFFFFFFFFFFFFFFFFFFFFFFFFFFFFFFFFFFFFFFFFFFFFFF26
:20BA4000FFFFFFFFFFFFFFFFFFFFFFFFFFFFFFFFFFFFFFFFFFFFFFFFFFFFFFFFFFFFFFFF06
:20BA6000FFFFFFFFFFFFFFFFFFFFFFFFFFFFFFFFFFFFFFFFFFFFFFFFFFFFFFFFFFFFFFFFE6
:20BA8000FFFFFFFFFFFFFFFFFFFFFFFFFFFFFFFFFFFFFFFFFFFFFFFFFFFFFFFFFFFFFFFFC6
:20BAA000FFFFFFFFFFFFFFFFFFFFFFFFFFFFFFFFFFFFFFFFFFFFFFFFFFFFFFFFFFFFFFFFA6
:20BAC000FFFFFFFFFFFFFFFFFFFFFFFFFFFFFFFFFFFFFFFFFFFFFFFFFFFFFFFFFFFFFFFF86
:20BAE000FFFFFFFFFFFFFFFFFFFFFFFFFFFFFFFFFFFFFFFFFFFFFFFFFFFFFFFFFFFFFFFF66
:20BB0000FFFFFFFFFFFFFFFFFFFFFFFFFFFFFFFFFFFFFFFFFFFFFFFFFFFFFFFFFFFFFFFF45
:20BB2000FFFFFFFFFFFFFFFFFFFFFFFFFFFFFFFFFFFFFFFFFFFFFFFFFFFFFFFFFFFFFFFF25
:20BB4000FFFFFFFFFFFFFFFFFFFFFFFFFFFFFFFFFFFFFFFFFFFFFFFFFFFFFFFFFFFFFFFF05
:20BB6000FFFFFFFFFFFFFFFFFFFFFFFFFFFFFFFFFFFFFFFFFFFFFFFFFFFFFFFFFFFFFFFFE5
:20BB8000FFFFFFFFFFFFFFFFFFFFFFFFFFFFFFFFFFFFFFFFFFFFFFFFFFFFFFFFFFFFFFFFC5
:20BBA000FFFFFFFFFFFFFFFFFFFFFFFFFFFFFFFFFFFFFFFFFFFFFFFFFFFFFFFFFFFFFFFFA5
:20BBC000FFFFFFFFFFFFFFFFFFFFFFFFFFFFFFFFFFFFFFFFFFFFFFFFFFFFFFFFFFFFFFFF85
:20BBE000FFFFFFFFFFFFFFFFFFFFFFFFFFFFFFFFFFFFFFFFFFFFFFFFFFFFFFFFFFFFFFFF65
:20BC0000FFFFFFFFFFFFFFFFFFFFFFFFFFFFFFFFFFFFFFFFFFFFFFFFFFFFFFFFFFFFFFFF44
:20BC2000FFFFFFFFFFFFFFFFFFFFFFFFFFFFFFFFFFFFFFFFFFFFFFFFFFFFFFFFFFFFFFFF24
:20BC4000FFFFFFFFFFFFFFFFFFFFFFFFFFFFFFFFFFFFFFFFFFFFFFFFFFFFFFFFFFFFFFFF04
:20BC6000FFFFFFFFFFFFFFFFFFFFFFFFFFFFFFFFFFFFFFFFFFFFFFFFFFFFFFFFFFFFFFFFE4
:20BC8000FFFFFFFFFFFFFFFFFFFFFFFFFFFFFFFFFFFFFFFFFFFFFFFFFFFFFFFFFFFFFFFFC4
:20BCA000FFFFFFFFFFFFFFFFFFFFFFFFFFFFFFFFFFFFFFFFFFFFFFFFFFFFFFFFFFFFFFFFA4
:20BCC000FFFFFFFFFFFFFFFFFFFFFFFFFFFFFFFFFFFFFFFFFFFFFFFFFFFFFFFFFFFFFFFF84
:20BCE000FFFFFFFFFFFFFFFFFFFFFFFFFFFFFFFFFFFFFFFFFFFFFFFFFFFFFFFFFFFFFFFF64
:20BD0000FFFFFFFFFFFFFFFFFFFFFFFFFFFFFFFFFFFFFFFFFFFFFFFFFFFFFFFFFFFFFFFF43
:20BD2000FFFFFFFFFFFFFFFFFFFFFFFFFFFFFFFFFFFFFFFFFFFFFFFFFFFFFFFFFFFFFFFF23
:20BD4000FFFFFFFFFFFFFFFFFFFFFFFFFFFFFFFFFFFFFFFFFFFFFFFFFFFFFFFFFFFFFFFF03
:20BD6000FFFFFFFFFFFFFFFFFFFFFFFFFFFFFFFFFFFFFFFFFFFFFFFFFFFFFFFFFFFFFFFFE3
:20BD8000FFFFFFFFFFFFFFFFFFFFFFFFFFFFFFFFFFFFFFFFFFFFFFFFFFFFFFFFFFFFFFFFC3
:20BDA000FFFFFFFFFFFFFFFFFFFFFFFFFFFFFFFFFFFFFFFFFFFFFFFFFFFFFFFFFFFFFFFFA3
:20BDC000FFFFFFFFFFFFFFFFFFFFFFFFFFFFFFFFFFFFFFFFFFFFFFFFFFFFFFFFFFFFFFFF83
:20BDE000FFFFFFFFFFFFFFFFFFFFFFFFFFFFFFFFFFFFFFFFFFFFFFFFFFFFFFFFFFFFFFFF63
:20BE0000FFFFFFFFFFFFFFFFFFFFFFFFFFFFFFFFFFFFFFFFFFFFFFFFFFFFFFFFFFFFFFFF42
:20BE2000FFFFFFFFFFFFFFFFFFFFFFFFFFFFFFFFFFFFFFFFFFFFFFFFFFFFFFFFFFFFFFFF22
:20BE4000FFFFFFFFFFFFFFFFFFFFFFFFFFFFFFFFFFFFFFFFFFFFFFFFFFFFFFFFFFFFFFFF02
:20BE6000FFFFFFFFFFFFFFFFFFFFFFFFFFFFFFFFFFFFFFFFFFFFFFFFFFFFFFFFFFFFFFFFE2
:20BE8000FFFFFFFFFFFFFFFFFFFFFFFFFFFFFFFFFFFFFFFFFFFFFFFFFFFFFFFFFFFFFFFFC2
:20BEA000FFFFFFFFFFFFFFFFFFFFFFFFFFFFFFFFFFFFFFFFFFFFFFFFFFFFFFFFFFFFFFFFA2
:20BEC000FFFFFFFFFFFFFFFFFFFFFFFFFFFFFFFFFFFFFFFFFFFFFFFFFFFFFFFFFFFFFFFF82
:20BEE000FFFFFFFFFFFFFFFFFFFFFFFFFFFFFFFFFFFFFFFFFFFFFFFFFFFFFFFFFFFFFFFF62
:20BF0000FFFFFFFFFFFFFFFFFFFFFFFFFFFFFFFFFFFFFFFFFFFFFFFFFFFFFFFFFFFFFFFF41
:20BF2000FFFFFFFFFFFFFFFFFFFFFFFFFFFFFFFFFFFFFFFFFFFFFFFFFFFFFFFFFFFFFFFF21
:20BF4000FFFFFFFFFFFFFFFFFFFFFFFFFFFFFFFFFFFFFFFFFFFFFFFFFFFFFFFFFFFFFFFF01
:20BF6000FFFFFFFFFFFFFFFFFFFFFFFFFFFFFFFFFFFFFFFFFFFFFFFFFFFFFFFFFFFFFFFFE1
:20BF8000FFFFFFFFFFFFFFFFFFFFFFFFFFFFFFFFFFFFFFFFFFFFFFFFFFFFFFFFFFFFFFFFC1
:20BFA000FFFFFFFFFFFFFFFFFFFFFFFFFFFFFFFFFFFFFFFFFFFFFFFFFFFFFFFFFFFFFFFFA1
:20BFC000FFFFFFFFFFFFFFFFFFFFFFFFFFFFFFFFFFFFFFFFFFFFFFFFFFFFFFFFFFFFFFFF81
:20BFE000FFFFFFFFFFFFFFFFFFFFFFFFFFFFFFFFFFFFFFFFFFFFFFFFFFFFFFFFFFFFFFFF61
:20C00000FFFFFFFFFFFFFFFFFFFFFFFFFFFFFFFFFFFFFFFFFFFFFFFFFFFFFFFFFFFFFFFF40
:20C02000FFFFFFFFFFFFFFFFFFFFFFFFFFFFFFFFFFFFFFFFFFFFFFFFFFFFFFFFFFFFFFFF20
:20C04000FFFFFFFFFFFFFFFFFFFFFFFFFFFFFFFFFFFFFFFFFFFFFFFFFFFFFFFFFFFFFFFF00
:20C06000FFFFFFFFFFFFFFFFFFFFFFFFFFFFFFFFFFFFFFFFFFFFFFFFFFFFFFFFFFFFFFFFE0
:20C08000FFFFFFFFFFFFFFFFFFFFFFFFFFFFFFFFFFFFFFFFFFFFFFFFFFFFFFFFFFFFFFFFC0
:20C0A000FFFFFFFFFFFFFFFFFFFFFFFFFFFFFFFFFFFFFFFFFFFFFFFFFFFFFFFFFFFFFFFFA0
:20C0C000FFFFFFFFFFFFFFFFFFFFFFFFFFFFFFFFFFFFFFFFFFFFFFFFFFFFFFFFFFFFFFFF80
:20C0E000FFFFFFFFFFFFFFFFFFFFFFFFFFFFFFFFFFFFFFFFFFFFFFFFFFFFFFFFFFFFFFFF60
:20C10000FFFFFFFFFFFFFFFFFFFFFFFFFFFFFFFFFFFFFFFFFFFFFFFFFFFFFFFFFFFFFFFF3F
:20C12000FFFFFFFFFFFFFFFFFFFFFFFFFFFFFFFFFFFFFFFFFFFFFFFFFFFFFFFFFFFFFFFF1F
:20C14000FFFFFFFFFFFFFFFFFFFFFFFFFFFFFFFFFFFFFFFFFFFFFFFFFFFFFFFFFFFFFFFFFF
:20C16000FFFFFFFFFFFFFFFFFFFFFFFFFFFFFFFFFFFFFFFFFFFFFFFFFFFFFFFFFFFFFFFFDF
:20C18000FFFFFFFFFFFFFFFFFFFFFFFFFFFFFFFFFFFFFFFFFFFFFFFFFFFFFFFFFFFFFFFFBF
:20C1A000FFFFFFFFFFFFFFFFFFFFFFFFFFFFFFFFFFFFFFFFFFFFFFFFFFFFFFFFFFFFFFFF9F
:20C1C000FFFFFFFFFFFFFFFFFFFFFFFFFFFFFFFFFFFFFFFFFFFFFFFFFFFFFFFFFFFFFFFF7F
:20C1E000FFFFFFFFFFFFFFFFFFFFFFFFFFFFFFFFFFFFFFFFFFFFFFFFFFFFFFFFFFFFFFFF5F
:20C20000FFFFFFFFFFFFFFFFFFFFFFFFFFFFFFFFFFFFFFFFFFFFFFFFFFFFFFFFFFFFFFFF3E
:20C22000FFFFFFFFFFFFFFFFFFFFFFFFFFFFFFFFFFFFFFFFFFFFFFFFFFFFFFFFFFFFFFFF1E
:20C24000FFFFFFFFFFFFFFFFFFFFFFFFFFFFFFFFFFFFFFFFFFFFFFFFFFFFFFFFFFFFFFFFFE
:20C26000FFFFFFFFFFFFFFFFFFFFFFFFFFFFFFFFFFFFFFFFFFFFFFFFFFFFFFFFFFFFFFFFDE
:20C28000FFFFFFFFFFFFFFFFFFFFFFFFFFFFFFFFFFFFFFFFFFFFFFFFFFFFFFFFFFFFFFFFBE
:20C2A000FFFFFFFFFFFFFFFFFFFFFFFFFFFFFFFFFFFFFFFFFFFFFFFFFFFFFFFFFFFFFFFF9E
:20C2C000FFFFFFFFFFFFFFFFFFFFFFFFFFFFFFFFFFFFFFFFFFFFFFFFFFFFFFFFFFFFFFFF7E
:20C2E000FFFFFFFFFFFFFFFFFFFFFFFFFFFFFFFFFFFFFFFFFFFFFFFFFFFFFFFFFFFFFFFF5E
:20C30000FFFFFFFFFFFFFFFFFFFFFFFFFFFFFFFFFFFFFFFFFFFFFFFFFFFFFFFFFFFFFFFF3D
:20C32000FFFFFFFFFFFFFFFFFFFFFFFFFFFFFFFFFFFFFFFFFFFFFFFFFFFFFFFFFFFFFFFF1D
:20C34000FFFFFFFFFFFFFFFFFFFFFFFFFFFFFFFFFFFFFFFFFFFFFFFFFFFFFFFFFFFFFFFFFD
:20C36000FFFFFFFFFFFFFFFFFFFFFFFFFFFFFFFFFFFFFFFFFFFFFFFFFFFFFFFFFFFFFFFFDD
:20C38000FFFFFFFFFFFFFFFFFFFFFFFFFFFFFFFFFFFFFFFFFFFFFFFFFFFFFFFFFFFFFFFFBD
:20C3A000FFFFFFFFFFFFFFFFFFFFFFFFFFFFFFFFFFFFFFFFFFFFFFFFFFFFFFFFFFFFFFFF9D
:20C3C000FFFFFFFFFFFFFFFFFFFFFFFFFFFFFFFFFFFFFFFFFFFFFFFFFFFFFFFFFFFFFFFF7D
:20C3E000FFFFFFFFFFFFFFFFFFFFFFFFFFFFFFFFFFFFFFFFFFFFFFFFFFFFFFFFFFFFFFFF5D
:20C40000FFFFFFFFFFFFFFFFFFFFFFFFFFFFFFFFFFFFFFFFFFFFFFFFFFFFFFFFFFFFFFFF3C
:20C42000FFFFFFFFFFFFFFFFFFFFFFFFFFFFFFFFFFFFFFFFFFFFFFFFFFFFFFFFFFFFFFFF1C
:20C44000FFFFFFFFFFFFFFFFFFFFFFFFFFFFFFFFFFFFFFFFFFFFFFFFFFFFFFFFFFFFFFFFFC
:20C46000FFFFFFFFFFFFFFFFFFFFFFFFFFFFFFFFFFFFFFFFFFFFFFFFFFFFFFFFFFFFFFFFDC
:20C48000FFFFFFFFFFFFFFFFFFFFFFFFFFFFFFFFFFFFFFFFFFFFFFFFFFFFFFFFFFFFFFFFBC
:20C4A000FFFFFFFFFFFFFFFFFFFFFFFFFFFFFFFFFFFFFFFFFFFFFFFFFFFFFFFFFFFFFFFF9C
:20C4C000FFFFFFFFFFFFFFFFFFFFFFFFFFFFFFFFFFFFFFFFFFFFFFFFFFFFFFFFFFFFFFFF7C
:20C4E000FFFFFFFFFFFFFFFFFFFFFFFFFFFFFFFFFFFFFFFFFFFFFFFFFFFFFFFFFFFFFFFF5C
:20C50000FFFFFFFFFFFFFFFFFFFFFFFFFFFFFFFFFFFFFFFFFFFFFFFFFFFFFFFFFFFFFFFF3B
:20C52000FFFFFFFFFFFFFFFFFFFFFFFFFFFFFFFFFFFFFFFFFFFFFFFFFFFFFFFFFFFFFFFF1B
:20C54000FFFFFFFFFFFFFFFFFFFFFFFFFFFFFFFFFFFFFFFFFFFFFFFFFFFFFFFFFFFFFFFFFB
:20C56000FFFFFFFFFFFFFFFFFFFFFFFFFFFFFFFFFFFFFFFFFFFFFFFFFFFFFFFFFFFFFFFFDB
:20C58000FFFFFFFFFFFFFFFFFFFFFFFFFFFFFFFFFFFFFFFFFFFFFFFFFFFFFFFFFFFFFFFFBB
:20C5A000FFFFFFFFFFFFFFFFFFFFFFFFFFFFFFFFFFFFFFFFFFFFFFFFFFFFFFFFFFFFFFFF9B
:20C5C000FFFFFFFFFFFFFFFFFFFFFFFFFFFFFFFFFFFFFFFFFFFFFFFFFFFFFFFFFFFFFFFF7B
:20C5E000FFFFFFFFFFFFFFFFFFFFFFFFFFFFFFFFFFFFFFFFFFFFFFFFFFFFFFFFFFFFFFFF5B
:20C60000FFFFFFFFFFFFFFFFFFFFFFFFFFFFFFFFFFFFFFFFFFFFFFFFFFFFFFFFFFFFFFFF3A
:20C62000FFFFFFFFFFFFFFFFFFFFFFFFFFFFFFFFFFFFFFFFFFFFFFFFFFFFFFFFFFFFFFFF1A
:20C64000FFFFFFFFFFFFFFFFFFFFFFFFFFFFFFFFFFFFFFFFFFFFFFFFFFFFFFFFFFFFFFFFFA
:20C66000FFFFFFFFFFFFFFFFFFFFFFFFFFFFFFFFFFFFFFFFFFFFFFFFFFFFFFFFFFFFFFFFDA
:20C68000FFFFFFFFFFFFFFFFFFFFFFFFFFFFFFFFFFFFFFFFFFFFFFFFFFFFFFFFFFFFFFFFBA
:20C6A000FFFFFFFFFFFFFFFFFFFFFFFFFFFFFFFFFFFFFFFFFFFFFFFFFFFFFFFFFFFFFFFF9A
:20C6C000FFFFFFFFFFFFFFFFFFFFFFFFFFFFFFFFFFFFFFFFFFFFFFFFFFFFFFFFFFFFFFFF7A
:20C6E000FFFFFFFFFFFFFFFFFFFFFFFFFFFFFFFFFFFFFFFFFFFFFFFFFFFFFFFFFFFFFFFF5A
:20C70000FFFFFFFFFFFFFFFFFFFFFFFFFFFFFFFFFFFFFFFFFFFFFFFFFFFFFFFFFFFFFFFF39
:20C72000FFFFFFFFFFFFFFFFFFFFFFFFFFFFFFFFFFFFFFFFFFFFFFFFFFFFFFFFFFFFFFFF19
:20C74000FFFFFFFFFFFFFFFFFFFFFFFFFFFFFFFFFFFFFFFFFFFFFFFFFFFFFFFFFFFFFFFFF9
:20C76000FFFFFFFFFFFFFFFFFFFFFFFFFFFFFFFFFFFFFFFFFFFFFFFFFFFFFFFFFFFFFFFFD9
:20C78000FFFFFFFFFFFFFFFFFFFFFFFFFFFFFFFFFFFFFFFFFFFFFFFFFFFFFFFFFFFFFFFFB9
:20C7A000FFFFFFFFFFFFFFFFFFFFFFFFFFFFFFFFFFFFFFFFFFFFFFFFFFFFFFFFFFFFFFFF99
:20C7C000FFFFFFFFFFFFFFFFFFFFFFFFFFFFFFFFFFFFFFFFFFFFFFFFFFFFFFFFFFFFFFFF79
:20C7E000FFFFFFFFFFFFFFFFFFFFFFFFFFFFFFFFFFFFFFFFFFFFFFFFFFFFFFFFFFFFFFFF59
:20C80000FFFFFFFFFFFFFFFFFFFFFFFFFFFFFFFFFFFFFFFFFFFFFFFFFFFFFFFFFFFFFFFF38
:20C82000FFFFFFFFFFFFFFFFFFFFFFFFFFFFFFFFFFFFFFFFFFFFFFFFFFFFFFFFFFFFFFFF18
:20C84000FFFFFFFFFFFFFFFFFFFFFFFFFFFFFFFFFFFFFFFFFFFFFFFFFFFFFFFFFFFFFFFFF8
:20C86000FFFFFFFFFFFFFFFFFFFFFFFFFFFFFFFFFFFFFFFFFFFFFFFFFFFFFFFFFFFFFFFFD8
:20C88000FFFFFFFFFFFFFFFFFFFFFFFFFFFFFFFFFFFFFFFFFFFFFFFFFFFFFFFFFFFFFFFFB8
:20C8A000FFFFFFFFFFFFFFFFFFFFFFFFFFFFFFFFFFFFFFFFFFFFFFFFFFFFFFFFFFFFFFFF98
:20C8C000FFFFFFFFFFFFFFFFFFFFFFFFFFFFFFFFFFFFFFFFFFFFFFFFFFFFFFFFFFFFFFFF78
:20C8E000FFFFFFFFFFFFFFFFFFFFFFFFFFFFFFFFFFFFFFFFFFFFFFFFFFFFFFFFFFFFFFFF58
:20C90000FFFFFFFFFFFFFFFFFFFFFFFFFFFFFFFFFFFFFFFFFFFFFFFFFFFFFFFFFFFFFFFF37
:20C92000FFFFFFFFFFFFFFFFFFFFFFFFFFFFFFFFFFFFFFFFFFFFFFFFFFFFFFFFFFFFFFFF17
:20C94000FFFFFFFFFFFFFFFFFFFFFFFFFFFFFFFFFFFFFFFFFFFFFFFFFFFFFFFFFFFFFFFFF7
:20C96000FFFFFFFFFFFFFFFFFFFFFFFFFFFFFFFFFFFFFFFFFFFFFFFFFFFFFFFFFFFFFFFFD7
:20C98000FFFFFFFFFFFFFFFFFFFFFFFFFFFFFFFFFFFFFFFFFFFFFFFFFFFFFFFFFFFFFFFFB7
:20C9A000FFFFFFFFFFFFFFFFFFFFFFFFFFFFFFFFFFFFFFFFFFFFFFFFFFFFFFFFFFFFFFFF97
:20C9C000FFFFFFFFFFFFFFFFFFFFFFFFFFFFFFFFFFFFFFFFFFFFFFFFFFFFFFFFFFFFFFFF77
:20C9E000FFFFFFFFFFFFFFFFFFFFFFFFFFFFFFFFFFFFFFFFFFFFFFFFFFFFFFFFFFFFFFFF57
:20CA0000FFFFFFFFFFFFFFFFFFFFFFFFFFFFFFFFFFFFFFFFFFFFFFFFFFFFFFFFFFFFFFFF36
:20CA2000FFFFFFFFFFFFFFFFFFFFFFFFFFFFFFFFFFFFFFFFFFFFFFFFFFFFFFFFFFFFFFFF16
:20CA4000FFFFFFFFFFFFFFFFFFFFFFFFFFFFFFFFFFFFFFFFFFFFFFFFFFFFFFFFFFFFFFFFF6
:20CA6000FFFFFFFFFFFFFFFFFFFFFFFFFFFFFFFFFFFFFFFFFFFFFFFFFFFFFFFFFFFFFFFFD6
:20CA8000FFFFFFFFFFFFFFFFFFFFFFFFFFFFFFFFFFFFFFFFFFFFFFFFFFFFFFFFFFFFFFFFB6
:20CAA000FFFFFFFFFFFFFFFFFFFFFFFFFFFFFFFFFFFFFFFFFFFFFFFFFFFFFFFFFFFFFFFF96
:20CAC000FFFFFFFFFFFFFFFFFFFFFFFFFFFFFFFFFFFFFFFFFFFFFFFFFFFFFFFFFFFFFFFF76
:20CAE000FFFFFFFFFFFFFFFFFFFFFFFFFFFFFFFFFFFFFFFFFFFFFFFFFFFFFFFFFFFFFFFF56
:20CB0000FFFFFFFFFFFFFFFFFFFFFFFFFFFFFFFFFFFFFFFFFFFFFFFFFFFFFFFFFFFFFFFF35
:20CB2000FFFFFFFFFFFFFFFFFFFFFFFFFFFFFFFFFFFFFFFFFFFFFFFFFFFFFFFFFFFFFFFF15
:20CB4000FFFFFFFFFFFFFFFFFFFFFFFFFFFFFFFFFFFFFFFFFFFFFFFFFFFFFFFFFFFFFFFFF5
:20CB6000FFFFFFFFFFFFFFFFFFFFFFFFFFFFFFFFFFFFFFFFFFFFFFFFFFFFFFFFFFFFFFFFD5
:20CB8000FFFFFFFFFFFFFFFFFFFFFFFFFFFFFFFFFFFFFFFFFFFFFFFFFFFFFFFFFFFFFFFFB5
:20CBA000FFFFFFFFFFFFFFFFFFFFFFFFFFFFFFFFFFFFFFFFFFFFFFFFFFFFFFFFFFFFFFFF95
:20CBC000FFFFFFFFFFFFFFFFFFFFFFFFFFFFFFFFFFFFFFFFFFFFFFFFFFFFFFFFFFFFFFFF75
:20CBE000FFFFFFFFFFFFFFFFFFFFFFFFFFFFFFFFFFFFFFFFFFFFFFFFFFFFFFFFFFFFFFFF55
:20CC0000FFFFFFFFFFFFFFFFFFFFFFFFFFFFFFFFFFFFFFFFFFFFFFFFFFFFFFFFFFFFFFFF34
:20CC2000FFFFFFFFFFFFFFFFFFFFFFFFFFFFFFFFFFFFFFFFFFFFFFFFFFFFFFFFFFFFFFFF14
:20CC4000FFFFFFFFFFFFFFFFFFFFFFFFFFFFFFFFFFFFFFFFFFFFFFFFFFFFFFFFFFFFFFFFF4
:20CC6000FFFFFFFFFFFFFFFFFFFFFFFFFFFFFFFFFFFFFFFFFFFFFFFFFFFFFFFFFFFFFFFFD4
:20CC8000FFFFFFFFFFFFFFFFFFFFFFFFFFFFFFFFFFFFFFFFFFFFFFFFFFFFFFFFFFFFFFFFB4
:20CCA000FFFFFFFFFFFFFFFFFFFFFFFFFFFFFFFFFFFFFFFFFFFFFFFFFFFFFFFFFFFFFFFF94
:20CCC000FFFFFFFFFFFFFFFFFFFFFFFFFFFFFFFFFFFFFFFFFFFFFFFFFFFFFFFFFFFFFFFF74
:20CCE000FFFFFFFFFFFFFFFFFFFFFFFFFFFFFFFFFFFFFFFFFFFFFFFFFFFFFFFFFFFFFFFF54
:20CD0000FFFFFFFFFFFFFFFFFFFFFFFFFFFFFFFFFFFFFFFFFFFFFFFFFFFFFFFFFFFFFFFF33
:20CD2000FFFFFFFFFFFFFFFFFFFFFFFFFFFFFFFFFFFFFFFFFFFFFFFFFFFFFFFFFFFFFFFF13
:20CD4000FFFFFFFFFFFFFFFFFFFFFFFFFFFFFFFFFFFFFFFFFFFFFFFFFFFFFFFFFFFFFFFFF3
:20CD6000FFFFFFFFFFFFFFFFFFFFFFFFFFFFFFFFFFFFFFFFFFFFFFFFFFFFFFFFFFFFFFFFD3
:20CD8000FFFFFFFFFFFFFFFFFFFFFFFFFFFFFFFFFFFFFFFFFFFFFFFFFFFFFFFFFFFFFFFFB3
:20CDA000FFFFFFFFFFFFFFFFFFFFFFFFFFFFFFFFFFFFFFFFFFFFFFFFFFFFFFFFFFFFFFFF93
:20CDC000FFFFFFFFFFFFFFFFFFFFFFFFFFFFFFFFFFFFFFFFFFFFFFFFFFFFFFFFFFFFFFFF73
:20CDE000FFFFFFFFFFFFFFFFFFFFFFFFFFFFFFFFFFFFFFFFFFFFFFFFFFFFFFFFFFFFFFFF53
:20CE0000FFFFFFFFFFFFFFFFFFFFFFFFFFFFFFFFFFFFFFFFFFFFFFFFFFFFFFFFFFFFFFFF32
:20CE2000FFFFFFFFFFFFFFFFFFFFFFFFFFFFFFFFFFFFFFFFFFFFFFFFFFFFFFFFFFFFFFFF12
:20CE4000FFFFFFFFFFFFFFFFFFFFFFFFFFFFFFFFFFFFFFFFFFFFFFFFFFFFFFFFFFFFFFFFF2
:20CE6000FFFFFFFFFFFFFFFFFFFFFFFFFFFFFFFFFFFFFFFFFFFFFFFFFFFFFFFFFFFFFFFFD2
:20CE8000FFFFFFFFFFFFFFFFFFFFFFFFFFFFFFFFFFFFFFFFFFFFFFFFFFFFFFFFFFFFFFFFB2
:20CEA000FFFFFFFFFFFFFFFFFFFFFFFFFFFFFFFFFFFFFFFFFFFFFFFFFFFFFFFFFFFFFFFF92
:20CEC000FFFFFFFFFFFFFFFFFFFFFFFFFFFFFFFFFFFFFFFFFFFFFFFFFFFFFFFFFFFFFFFF72
:20CEE000FFFFFFFFFFFFFFFFFFFFFFFFFFFFFFFFFFFFFFFFFFFFFFFFFFFFFFFFFFFFFFFF52
:20CF0000FFFFFFFFFFFFFFFFFFFFFFFFFFFFFFFFFFFFFFFFFFFFFFFFFFFFFFFFFFFFFFFF31
:20CF2000FFFFFFFFFFFFFFFFFFFFFFFFFFFFFFFFFFFFFFFFFFFFFFFFFFFFFFFFFFFFFFFF11
:20CF4000FFFFFFFFFFFFFFFFFFFFFFFFFFFFFFFFFFFFFFFFFFFFFFFFFFFFFFFFFFFFFFFFF1
:20CF6000FFFFFFFFFFFFFFFFFFFFFFFFFFFFFFFFFFFFFFFFFFFFFFFFFFFFFFFFFFFFFFFFD1
:20CF8000FFFFFFFFFFFFFFFFFFFFFFFFFFFFFFFFFFFFFFFFFFFFFFFFFFFFFFFFFFFFFFFFB1
:20CFA000FFFFFFFFFFFFFFFFFFFFFFFFFFFFFFFFFFFFFFFFFFFFFFFFFFFFFFFFFFFFFFFF91
:20CFC000FFFFFFFFFFFFFFFFFFFFFFFFFFFFFFFFFFFFFFFFFFFFFFFFFFFFFFFFFFFFFFFF71
:20CFE000FFFFFFFFFFFFFFFFFFFFFFFFFFFFFFFFFFFFFFFFFFFFFFFFFFFFFFFFFFFFFFFF51
:20D00000FFFFFFFFFFFFFFFFFFFFFFFFFFFFFFFFFFFFFFFFFFFFFFFFFFFFFFFFFFFFFFFF30
:20D02000FFFFFFFFFFFFFFFFFFFFFFFFFFFFFFFFFFFFFFFFFFFFFFFFFFFFFFFFFFFFFFFF10
:20D04000FFFFFFFFFFFFFFFFFFFFFFFFFFFFFFFFFFFFFFFFFFFFFFFFFFFFFFFFFFFFFFFFF0
:20D06000FFFFFFFFFFFFFFFFFFFFFFFFFFFFFFFFFFFFFFFFFFFFFFFFFFFFFFFFFFFFFFFFD0
:20D08000FFFFFFFFFFFFFFFFFFFFFFFFFFFFFFFFFFFFFFFFFFFFFFFFFFFFFFFFFFFFFFFFB0
:20D0A000FFFFFFFFFFFFFFFFFFFFFFFFFFFFFFFFFFFFFFFFFFFFFFFFFFFFFFFFFFFFFFFF90
:20D0C000FFFFFFFFFFFFFFFFFFFFFFFFFFFFFFFFFFFFFFFFFFFFFFFFFFFFFFFFFFFFFFFF70
:20D0E000FFFFFFFFFFFFFFFFFFFFFFFFFFFFFFFFFFFFFFFFFFFFFFFFFFFFFFFFFFFFFFFF50
:20D10000FFFFFFFFFFFFFFFFFFFFFFFFFFFFFFFFFFFFFFFFFFFFFFFFFFFFFFFFFFFFFFFF2F
:20D12000FFFFFFFFFFFFFFFFFFFFFFFFFFFFFFFFFFFFFFFFFFFFFFFFFFFFFFFFFFFFFFFF0F
:20D14000FFFFFFFFFFFFFFFFFFFFFFFFFFFFFFFFFFFFFFFFFFFFFFFFFFFFFFFFFFFFFFFFEF
:20D16000FFFFFFFFFFFFFFFFFFFFFFFFFFFFFFFFFFFFFFFFFFFFFFFFFFFFFFFFFFFFFFFFCF
:20D18000FFFFFFFFFFFFFFFFFFFFFFFFFFFFFFFFFFFFFFFFFFFFFFFFFFFFFFFFFFFFFFFFAF
:20D1A000FFFFFFFFFFFFFFFFFFFFFFFFFFFFFFFFFFFFFFFFFFFFFFFFFFFFFFFFFFFFFFFF8F
:20D1C000FFFFFFFFFFFFFFFFFFFFFFFFFFFFFFFFFFFFFFFFFFFFFFFFFFFFFFFFFFFFFFFF6F
:20D1E000FFFFFFFFFFFFFFFFFFFFFFFFFFFFFFFFFFFFFFFFFFFFFFFFFFFFFFFFFFFFFFFF4F
:20D20000FFFFFFFFFFFFFFFFFFFFFFFFFFFFFFFFFFFFFFFFFFFFFFFFFFFFFFFFFFFFFFFF2E
:20D22000FFFFFFFFFFFFFFFFFFFFFFFFFFFFFFFFFFFFFFFFFFFFFFFFFFFFFFFFFFFFFFFF0E
:20D24000FFFFFFFFFFFFFFFFFFFFFFFFFFFFFFFFFFFFFFFFFFFFFFFFFFFFFFFFFFFFFFFFEE
:20D26000FFFFFFFFFFFFFFFFFFFFFFFFFFFFFFFFFFFFFFFFFFFFFFFFFFFFFFFFFFFFFFFFCE
:20D28000FFFFFFFFFFFFFFFFFFFFFFFFFFFFFFFFFFFFFFFFFFFFFFFFFFFFFFFFFFFFFFFFAE
:20D2A000FFFFFFFFFFFFFFFFFFFFFFFFFFFFFFFFFFFFFFFFFFFFFFFFFFFFFFFFFFFFFFFF8E
:20D2C000FFFFFFFFFFFFFFFFFFFFFFFFFFFFFFFFFFFFFFFFFFFFFFFFFFFFFFFFFFFFFFFF6E
:20D2E000FFFFFFFFFFFFFFFFFFFFFFFFFFFFFFFFFFFFFFFFFFFFFFFFFFFFFFFFFFFFFFFF4E
:20D30000FFFFFFFFFFFFFFFFFFFFFFFFFFFFFFFFFFFFFFFFFFFFFFFFFFFFFFFFFFFFFFFF2D
:20D32000FFFFFFFFFFFFFFFFFFFFFFFFFFFFFFFFFFFFFFFFFFFFFFFFFFFFFFFFFFFFFFFF0D
:20D34000FFFFFFFFFFFFFFFFFFFFFFFFFFFFFFFFFFFFFFFFFFFFFFFFFFFFFFFFFFFFFFFFED
:20D36000FFFFFFFFFFFFFFFFFFFFFFFFFFFFFFFFFFFFFFFFFFFFFFFFFFFFFFFFFFFFFFFFCD
:20D38000FFFFFFFFFFFFFFFFFFFFFFFFFFFFFFFFFFFFFFFFFFFFFFFFFFFFFFFFFFFFFFFFAD
:20D3A000FFFFFFFFFFFFFFFFFFFFFFFFFFFFFFFFFFFFFFFFFFFFFFFFFFFFFFFFFFFFFFFF8D
:20D3C000FFFFFFFFFFFFFFFFFFFFFFFFFFFFFFFFFFFFFFFFFFFFFFFFFFFFFFFFFFFFFFFF6D
:20D3E000FFFFFFFFFFFFFFFFFFFFFFFFFFFFFFFFFFFFFFFFFFFFFFFFFFFFFFFFFFFFFFFF4D
:20D40000FFFFFFFFFFFFFFFFFFFFFFFFFFFFFFFFFFFFFFFFFFFFFFFFFFFFFFFFFFFFFFFF2C
:20D42000FFFFFFFFFFFFFFFFFFFFFFFFFFFFFFFFFFFFFFFFFFFFFFFFFFFFFFFFFFFFFFFF0C
:20D44000FFFFFFFFFFFFFFFFFFFFFFFFFFFFFFFFFFFFFFFFFFFFFFFFFFFFFFFFFFFFFFFFEC
:20D46000FFFFFFFFFFFFFFFFFFFFFFFFFFFFFFFFFFFFFFFFFFFFFFFFFFFFFFFFFFFFFFFFCC
:20D48000FFFFFFFFFFFFFFFFFFFFFFFFFFFFFFFFFFFFFFFFFFFFFFFFFFFFFFFFFFFFFFFFAC
:20D4A000FFFFFFFFFFFFFFFFFFFFFFFFFFFFFFFFFFFFFFFFFFFFFFFFFFFFFFFFFFFFFFFF8C
:20D4C000FFFFFFFFFFFFFFFFFFFFFFFFFFFFFFFFFFFFFFFFFFFFFFFFFFFFFFFFFFFFFFFF6C
:20D4E000FFFFFFFFFFFFFFFFFFFFFFFFFFFFFFFFFFFFFFFFFFFFFFFFFFFFFFFFFFFFFFFF4C
:20D50000FFFFFFFFFFFFFFFFFFFFFFFFFFFFFFFFFFFFFFFFFFFFFFFFFFFFFFFFFFFFFFFF2B
:20D52000FFFFFFFFFFFFFFFFFFFFFFFFFFFFFFFFFFFFFFFFFFFFFFFFFFFFFFFFFFFFFFFF0B
:20D54000FFFFFFFFFFFFFFFFFFFFFFFFFFFFFFFFFFFFFFFFFFFFFFFFFFFFFFFFFFFFFFFFEB
:20D56000FFFFFFFFFFFFFFFFFFFFFFFFFFFFFFFFFFFFFFFFFFFFFFFFFFFFFFFFFFFFFFFFCB
:20D58000FFFFFFFFFFFFFFFFFFFFFFFFFFFFFFFFFFFFFFFFFFFFFFFFFFFFFFFFFFFFFFFFAB
:20D5A000FFFFFFFFFFFFFFFFFFFFFFFFFFFFFFFFFFFFFFFFFFFFFFFFFFFFFFFFFFFFFFFF8B
:20D5C000FFFFFFFFFFFFFFFFFFFFFFFFFFFFFFFFFFFFFFFFFFFFFFFFFFFFFFFFFFFFFFFF6B
:20D5E000FFFFFFFFFFFFFFFFFFFFFFFFFFFFFFFFFFFFFFFFFFFFFFFFFFFFFFFFFFFFFFFF4B
:20D60000FFFFFFFFFFFFFFFFFFFFFFFFFFFFFFFFFFFFFFFFFFFFFFFFFFFFFFFFFFFFFFFF2A
:20D62000FFFFFFFFFFFFFFFFFFFFFFFFFFFFFFFFFFFFFFFFFFFFFFFFFFFFFFFFFFFFFFFF0A
:20D64000FFFFFFFFFFFFFFFFFFFFFFFFFFFFFFFFFFFFFFFFFFFFFFFFFFFFFFFFFFFFFFFFEA
:20D66000FFFFFFFFFFFFFFFFFFFFFFFFFFFFFFFFFFFFFFFFFFFFFFFFFFFFFFFFFFFFFFFFCA
:20D68000FFFFFFFFFFFFFFFFFFFFFFFFFFFFFFFFFFFFFFFFFFFFFFFFFFFFFFFFFFFFFFFFAA
:20D6A000FFFFFFFFFFFFFFFFFFFFFFFFFFFFFFFFFFFFFFFFFFFFFFFFFFFFFFFFFFFFFFFF8A
:20D6C000FFFFFFFFFFFFFFFFFFFFFFFFFFFFFFFFFFFFFFFFFFFFFFFFFFFFFFFFFFFFFFFF6A
:20D6E000FFFFFFFFFFFFFFFFFFFFFFFFFFFFFFFFFFFFFFFFFFFFFFFFFFFFFFFFFFFFFFFF4A
:20D70000FFFFFFFFFFFFFFFFFFFFFFFFFFFFFFFFFFFFFFFFFFFFFFFFFFFFFFFFFFFFFFFF29
:20D72000FFFFFFFFFFFFFFFFFFFFFFFFFFFFFFFFFFFFFFFFFFFFFFFFFFFFFFFFFFFFFFFF09
:20D74000FFFFFFFFFFFFFFFFFFFFFFFFFFFFFFFFFFFFFFFFFFFFFFFFFFFFFFFFFFFFFFFFE9
:20D76000FFFFFFFFFFFFFFFFFFFFFFFFFFFFFFFFFFFFFFFFFFFFFFFFFFFFFFFFFFFFFFFFC9
:20D78000FFFFFFFFFFFFFFFFFFFFFFFFFFFFFFFFFFFFFFFFFFFFFFFFFFFFFFFFFFFFFFFFA9
:20D7A000FFFFFFFFFFFFFFFFFFFFFFFFFFFFFFFFFFFFFFFFFFFFFFFFFFFFFFFFFFFFFFFF89
:20D7C000FFFFFFFFFFFFFFFFFFFFFFFFFFFFFFFFFFFFFFFFFFFFFFFFFFFFFFFFFFFFFFFF69
:20D7E000FFFFFFFFFFFFFFFFFFFFFFFFFFFFFFFFFFFFFFFFFFFFFFFFFFFFFFFFFFFFFFFF49
:20D80000FFFFFFFFFFFFFFFFFFFFFFFFFFFFFFFFFFFFFFFFFFFFFFFFFFFFFFFFFFFFFFFF28
:20D82000FFFFFFFFFFFFFFFFFFFFFFFFFFFFFFFFFFFFFFFFFFFFFFFFFFFFFFFFFFFFFFFF08
:20D84000FFFFFFFFFFFFFFFFFFFFFFFFFFFFFFFFFFFFFFFFFFFFFFFFFFFFFFFFFFFFFFFFE8
:20D86000FFFFFFFFFFFFFFFFFFFFFFFFFFFFFFFFFFFFFFFFFFFFFFFFFFFFFFFFFFFFFFFFC8
:20D88000FFFFFFFFFFFFFFFFFFFFFFFFFFFFFFFFFFFFFFFFFFFFFFFFFFFFFFFFFFFFFFFFA8
:20D8A000FFFFFFFFFFFFFFFFFFFFFFFFFFFFFFFFFFFFFFFFFFFFFFFFFFFFFFFFFFFFFFFF88
:20D8C000FFFFFFFFFFFFFFFFFFFFFFFFFFFFFFFFFFFFFFFFFFFFFFFFFFFFFFFFFFFFFFFF68
:20D8E000FFFFFFFFFFFFFFFFFFFFFFFFFFFFFFFFFFFFFFFFFFFFFFFFFFFFFFFFFFFFFFFF48
:20D90000FFFFFFFFFFFFFFFFFFFFFFFFFFFFFFFFFFFFFFFFFFFFFFFFFFFFFFFFFFFFFFFF27
:20D92000FFFFFFFFFFFFFFFFFFFFFFFFFFFFFFFFFFFFFFFFFFFFFFFFFFFFFFFFFFFFFFFF07
:20D94000FFFFFFFFFFFFFFFFFFFFFFFFFFFFFFFFFFFFFFFFFFFFFFFFFFFFFFFFFFFFFFFFE7
:20D96000FFFFFFFFFFFFFFFFFFFFFFFFFFFFFFFFFFFFFFFFFFFFFFFFFFFFFFFFFFFFFFFFC7
:20D98000FFFFFFFFFFFFFFFFFFFFFFFFFFFFFFFFFFFFFFFFFFFFFFFFFFFFFFFFFFFFFFFFA7
:20D9A000FFFFFFFFFFFFFFFFFFFFFFFFFFFFFFFFFFFFFFFFFFFFFFFFFFFFFFFFFFFFFFFF87
:20D9C000FFFFFFFFFFFFFFFFFFFFFFFFFFFFFFFFFFFFFFFFFFFFFFFFFFFFFFFFFFFFFFFF67
:20D9E000FFFFFFFFFFFFFFFFFFFFFFFFFFFFFFFFFFFFFFFFFFFFFFFFFFFFFFFFFFFFFFFF47
:20DA0000FFFFFFFFFFFFFFFFFFFFFFFFFFFFFFFFFFFFFFFFFFFFFFFFFFFFFFFFFFFFFFFF26
:20DA2000FFFFFFFFFFFFFFFFFFFFFFFFFFFFFFFFFFFFFFFFFFFFFFFFFFFFFFFFFFFFFFFF06
:20DA4000FFFFFFFFFFFFFFFFFFFFFFFFFFFFFFFFFFFFFFFFFFFFFFFFFFFFFFFFFFFFFFFFE6
:20DA6000FFFFFFFFFFFFFFFFFFFFFFFFFFFFFFFFFFFFFFFFFFFFFFFFFFFFFFFFFFFFFFFFC6
:20DA8000FFFFFFFFFFFFFFFFFFFFFFFFFFFFFFFFFFFFFFFFFFFFFFFFFFFFFFFFFFFFFFFFA6
:20DAA000FFFFFFFFFFFFFFFFFFFFFFFFFFFFFFFFFFFFFFFFFFFFFFFFFFFFFFFFFFFFFFFF86
:20DAC000FFFFFFFFFFFFFFFFFFFFFFFFFFFFFFFFFFFFFFFFFFFFFFFFFFFFFFFFFFFFFFFF66
:20DAE000FFFFFFFFFFFFFFFFFFFFFFFFFFFFFFFFFFFFFFFFFFFFFFFFFFFFFFFFFFFFFFFF46
:20DB0000FFFFFFFFFFFFFFFFFFFFFFFFFFFFFFFFFFFFFFFFFFFFFFFFFFFFFFFFFFFFFFFF25
:20DB2000FFFFFFFFFFFFFFFFFFFFFFFFFFFFFFFFFFFFFFFFFFFFFFFFFFFFFFFFFFFFFFFF05
:20DB4000FFFFFFFFFFFFFFFFFFFFFFFFFFFFFFFFFFFFFFFFFFFFFFFFFFFFFFFFFFFFFFFFE5
:20DB6000FFFFFFFFFFFFFFFFFFFFFFFFFFFFFFFFFFFFFFFFFFFFFFFFFFFFFFFFFFFFFFFFC5
:20DB8000FFFFFFFFFFFFFFFFFFFFFFFFFFFFFFFFFFFFFFFFFFFFFFFFFFFFFFFFFFFFFFFFA5
:20DBA000FFFFFFFFFFFFFFFFFFFFFFFFFFFFFFFFFFFFFFFFFFFFFFFFFFFFFFFFFFFFFFFF85
:20DBC000FFFFFFFFFFFFFFFFFFFFFFFFFFFFFFFFFFFFFFFFFFFFFFFFFFFFFFFFFFFFFFFF65
:20DBE000FFFFFFFFFFFFFFFFFFFFFFFFFFFFFFFFFFFFFFFFFFFFFFFFFFFFFFFFFFFFFFFF45
:20DC0000FFFFFFFFFFFFFFFFFFFFFFFFFFFFFFFFFFFFFFFFFFFFFFFFFFFFFFFFFFFFFFFF24
:20DC2000FFFFFFFFFFFFFFFFFFFFFFFFFFFFFFFFFFFFFFFFFFFFFFFFFFFFFFFFFFFFFFFF04
:20DC4000FFFFFFFFFFFFFFFFFFFFFFFFFFFFFFFFFFFFFFFFFFFFFFFFFFFFFFFFFFFFFFFFE4
:20DC6000FFFFFFFFFFFFFFFFFFFFFFFFFFFFFFFFFFFFFFFFFFFFFFFFFFFFFFFFFFFFFFFFC4
:20DC8000FFFFFFFFFFFFFFFFFFFFFFFFFFFFFFFFFFFFFFFFFFFFFFFFFFFFFFFFFFFFFFFFA4
:20DCA000FFFFFFFFFFFFFFFFFFFFFFFFFFFFFFFFFFFFFFFFFFFFFFFFFFFFFFFFFFFFFFFF84
:20DCC000FFFFFFFFFFFFFFFFFFFFFFFFFFFFFFFFFFFFFFFFFFFFFFFFFFFFFFFFFFFFFFFF64
:20DCE000FFFFFFFFFFFFFFFFFFFFFFFFFFFFFFFFFFFFFFFFFFFFFFFFFFFFFFFFFFFFFFFF44
:20DD0000FFFFFFFFFFFFFFFFFFFFFFFFFFFFFFFFFFFFFFFFFFFFFFFFFFFFFFFFFFFFFFFF23
:20DD2000FFFFFFFFFFFFFFFFFFFFFFFFFFFFFFFFFFFFFFFFFFFFFFFFFFFFFFFFFFFFFFFF03
:20DD4000FFFFFFFFFFFFFFFFFFFFFFFFFFFFFFFFFFFFFFFFFFFFFFFFFFFFFFFFFFFFFFFFE3
:20DD6000FFFFFFFFFFFFFFFFFFFFFFFFFFFFFFFFFFFFFFFFFFFFFFFFFFFFFFFFFFFFFFFFC3
:20DD8000FFFFFFFFFFFFFFFFFFFFFFFFFFFFFFFFFFFFFFFFFFFFFFFFFFFFFFFFFFFFFFFFA3
:20DDA000FFFFFFFFFFFFFFFFFFFFFFFFFFFFFFFFFFFFFFFFFFFFFFFFFFFFFFFFFFFFFFFF83
:20DDC000FFFFFFFFFFFFFFFFFFFFFFFFFFFFFFFFFFFFFFFFFFFFFFFFFFFFFFFFFFFFFFFF63
:20DDE000FFFFFFFFFFFFFFFFFFFFFFFFFFFFFFFFFFFFFFFFFFFFFFFFFFFFFFFFFFFFFFFF43
:20DE0000FFFFFFFFFFFFFFFFFFFFFFFFFFFFFFFFFFFFFFFFFFFFFFFFFFFFFFFFFFFFFFFF22
:20DE2000FFFFFFFFFFFFFFFFFFFFFFFFFFFFFFFFFFFFFFFFFFFFFFFFFFFFFFFFFFFFFFFF02
:20DE4000FFFFFFFFFFFFFFFFFFFFFFFFFFFFFFFFFFFFFFFFFFFFFFFFFFFFFFFFFFFFFFFFE2
:20DE6000FFFFFFFFFFFFFFFFFFFFFFFFFFFFFFFFFFFFFFFFFFFFFFFFFFFFFFFFFFFFFFFFC2
:20DE8000FFFFFFFFFFFFFFFFFFFFFFFFFFFFFFFFFFFFFFFFFFFFFFFFFFFFFFFFFFFFFFFFA2
:20DEA000FFFFFFFFFFFFFFFFFFFFFFFFFFFFFFFFFFFFFFFFFFFFFFFFFFFFFFFFFFFFFFFF82
:20DEC000FFFFFFFFFFFFFFFFFFFFFFFFFFFFFFFFFFFFFFFFFFFFFFFFFFFFFFFFFFFFFFFF62
:20DEE000FFFFFFFFFFFFFFFFFFFFFFFFFFFFFFFFFFFFFFFFFFFFFFFFFFFFFFFFFFFFFFFF42
:20DF0000FFFFFFFFFFFFFFFFFFFFFFFFFFFFFFFFFFFFFFFFFFFFFFFFFFFFFFFFFFFFFFFF21
:20DF2000FFFFFFFFFFFFFFFFFFFFFFFFFFFFFFFFFFFFFFFFFFFFFFFFFFFFFFFFFFFFFFFF01
:20DF4000FFFFFFFFFFFFFFFFFFFFFFFFFFFFFFFFFFFFFFFFFFFFFFFFFFFFFFFFFFFFFFFFE1
:20DF6000FFFFFFFFFFFFFFFFFFFFFFFFFFFFFFFFFFFFFFFFFFFFFFFFFFFFFFFFFFFFFFFFC1
:20DF8000FFFFFFFFFFFFFFFFFFFFFFFFFFFFFFFFFFFFFFFFFFFFFFFFFFFFFFFFFFFFFFFFA1
:20DFA000FFFFFFFFFFFFFFFFFFFFFFFFFFFFFFFFFFFFFFFFFFFFFFFFFFFFFFFFFFFFFFFF81
:20DFC000FFFFFFFFFFFFFFFFFFFFFFFFFFFFFFFFFFFFFFFFFFFFFFFFFFFFFFFFFFFFFFFF61
:20DFE000FFFFFFFFFFFFFFFFFFFFFFFFFFFFFFFFFFFFFFFFFFFFFFFFFFFFFFFFFFFFFFFF41
:20E000000D9489F10D94B2F10D94B2F10D94B2F10D94B2F10D94B2F10D94B2F10D94B2F109
:20E020000D94B2F10D94B2F10D94B2F10D94B2F10D94B2F10D94B2F10D94B2F10D94B2F1C0
:20E040000D94B2F10D94B2F10D94B2F10D94B2F10D94B2F10D94B2F10D94B2F10D94B2F1A0
:20E060000D94B2F10D94B2F10D94B2F10D94B2F10D94B2F10D94B2F10D94B2F10D94B2F180
:20E080000D94B2F10D94B2F10D94B2F10D94B2F10D94B2F10D94B2F10D94B2F10D94B2F160
:20E0A0000D94B2F10D94B2F10D94B2F10D94B2F10D94B2F10D94B2F10D94B2F10D94B2F140
:20E0C0000D94B2F10D94B2F10D94B2F10D94B2F10D94B2F10D94B2F10D94B2F10D94B2F120
:20E0E0000D94B2F141546D656761323536300041726475696E6F206578706C6F726572205D
:20E1000073746B3530305632206279204D4C5300426F6F746C6F616465723E004875683FDC
:20E1200000436F6D70696C6564206F6E203D20004350552054797065202020203D20005F52
:20E140005F4156525F415243485F5F3D2000415652204C696243205665723D200047434305
:20E160002056657273696F6E203D20004350552049442020202020203D20004C6F772066B2
:20E18000757365202020203D20004869676820667573652020203D200045787420667573A6
:20E1A00065202020203D20004C6F636B20667573652020203D20004D6172202037203230EB
:20E1C000313300312E362E3800342E332E35005623202020414444522020206F7020636FC3
:20E1E00064652020202020696E737472756374696F6E2061646472202020496E7465727265
:20E20000757074006E6F20766563746F7200726A6D702020006A6D70200057686174207091
:20E220006F72743A00506F7274206E6F7420737570706F72746564004D7573742062652083
:20E2400061206C65747465720020005772697474696E672045450052656164696E6720456C
:20E26000450045452065727220636E743D00504F525400303D5A65726F2061646472003F78
:20E280003D43505520737461747300403D454550524F4D207465737400423D426C696E6B76
:20E2A000204C454400453D44756D7020454550524F4D00463D44756D7020464C41534800C2
:20E2C000483D48656C70004C3D4C69737420492F4F20506F72747300513D51756974005269
:20E2E0003D44756D702052414D00563D73686F7720696E7465727275707420566563746FC9
:20E30000727300593D506F727420626C696E6B002A0011241FBECFEFD1E2DEBFCDBF01E0F6
:20E320000CBF12E0A0E0B2E0EEE1FDEF03E00BBF02C007900D92A030B107D9F712E0A0E0E4
:20E34000B2E001C01D92AE30B107E1F70F9460F30D948DFE01E20EBF0FEF0DBF11241FBE9F
:20E360000D9460F30D9400F020E030E040ED57E005C0FA013197F1F72F5F3F4F2817390799
:20E38000C0F308959C01260F311DC901A0E0B0E02F5F3F4FABBFFC018791882361F0809389
:20E3A000C6008091C00086FFFCCF8091C00080648093C000EACF08958DE08093C600809141
:20E3C000C00086FFFCCF8091C00080648093C0008AE08093C6008091C00086FFFCCF809130
:20E3E000C00080648093C00008950F94C2F10F94DCF10895FC019081992359F09093C600AA
:20E400008091C00086FFFCCF8091C00080648093C0003196992379F70895282F982F92957E
:20E420009F70892F805D8A3308F0895F8093C6008091C00086FFFCCF8091C00080648093D9
:20E44000C000822F8F70982F905D9A3308F0995F9093C6008091C00086FFFCCF8091C00000
:20E4600080648093C00008959C01FB01853691051CF46330710594F0C90164E670E00F94BA
:20E480002EFE605D7F4F6093C6008091C00086FFFCCF8091C00080648093C0002B303105D2
:20E4A00014F43297B4F0C90164E670E00F942EFE6AE070E00F942EFE605D7F4F6093C60007
:20E4C0008091C00086FFFCCF8091C00080648093C000C9016AE070E00F942EFEC0968093F7
:20E4E000C6008091C00086FFFCCF8091C00080648093C00008951F93182F8EE692EE60E0E3
:20E500000F94C2F11093C6008091C00086FFFCCF8091C00080648093C0000F94DCF11F9173
:20E5200008952F923F924F925F926F927F928F929F92AF92BF92CF92DF92EF92FF920F935E
:20E540001F93DF93CF93CDB7DEB762970FB6F894DEBF0FBECDBF382E622ECA01DB015C01E2
:20E560006D01772420E2222E2E010894411C511C8BC081E0A81680E0B80681E0C80680E094
:20E58000D80628F0C601AA27BB270F940DF2BB27AD2D9C2D8B2D0F940DF28A2D0F940DF231
:20E5A0002092C6008091C00086FFFCCF8091C00080648093C0009DE29093C6008091C00001
:20E5C00086FFFCCF8091C00080648093C0002092C6008091C00086FFFCCF8091C000806415
:20E5E0008093C00019828601750188249924A1E03A1651F03A1620F0B2E03B1661F409C0D4
:20E600000BBFF701779007C0C7010F9477FE782E02C0F7017080872D0F940DF22092C6006C
:20E620008091C00086FFFCCF8091C00080648093C000872D8052F401EF70F0708F3520F41F
:20E64000E40DF51D708204C0E40DF51D8EE280830894E11CF11C011D111D0894811C911CB3
:20E6600090E18916910409F0C2CF80E190E0A0E0B0E0A80EB91ECA1EDB1E198AC2010F9413
:20E68000FAF10F94DCF16A94662009F072CF62960FB6F894DEBF0FBECDBFCF91DF911F91A2
:20E6A0000F91FF90EF90DF90CF90BF90AF909F908F907F906F905F904F903F902F900895FB
:20E6C0002F923F924F925F926F927F928F929F92AF92BF92CF92DF92EF92FF920F931F93A8
:20E6E000DF93CF93CDB7DEB7CD53D1400FB6F894DEBF0FBECDBF01E20EBF0FEF0DBF94B7F0
:20E70000F894A89514BE8091600088618093600010926000789493FF05C0E0910002F09138
:20E7200001021995279A2F9A8091C00082608093C00080E18093C40088E18093C1000000A3
:20E74000EE24FF24870144E0A42EB12CCC24DD2424C0C5010197F1F70894E11CF11C011D4A
:20E76000111D21E2E2162EE4F20620E0020720E0120718F031E0C32ED12CC801B70127ECA9
:20E780003BE140E050E00F9441FE611571058105910519F485B1805885B98091C00087FD75
:20E7A00003C0C114D104A9F2A6014F5F5F4FC25EDE4F59834883CE51D140C25EDE4F8881D4
:20E7C0009981CE51D140019711F00D9410FEC05DDE4F19821882C053D14060E0C15DDE4F79
:20E7E0001882CF52D14088249924C35DDE4F19821882CD52D140C05EDE4F188219821A8216
:20E800001B82C052D140CE5CDE4F188219821A821B82C253D140EE24FF2487010BBFF701CE
:20E8200007911691C45CDE4F19830883CC53D1400D940BFEC25EDE4F28813981CE51D1406B
:20E840002130310509F52091C600C25EDE4F19821882CE51D14022C02F5F3F4F4F4F5F4FC0
:20E86000213082E138078AE7480780E0580780F0C45CDE4FE881F981CC53D140EF5FFF4FBA
:20E8800019F0EE27FF27099420E030E040E050E08091C00087FFE0CF2091C600C35DDE4F6D
:20E8A00048815981CD52D1404F5F5F4FC35DDE4F59834883CD52D140213209F063C64A3016
:20E8C000510508F05FC60894811C911C53E08516910409F059C600E010E018C081E2809346
:20E8E000C6008091C00086FFFCCF8091C00080648093C0002F5F3F4F2931310579F70F94EA
:20E90000DCF10F5F1F4F0530110519F020E030E0E5CF10920A0210920B0210920C02109287
:20E920000D0210920602109207021092080210920902109202021092030210920402109283
:20E9400005028FEE90EE60E00F94F5F180E191EE60E00F94C2F18091C00087FFFCCF909133
:20E96000C600903608F09F759032B8F09093C6008091C00086FFFCCF8091C00080648093C3
:20E98000C000A0E2A093C6008091C00086FFFCCF8091C00080648093C000983409F4D7C132
:20E9A0009934B8F4923409F459C1933458F4903319F1903308F4E3C59F33A1F1903409F099
:20E9C000DEC5BDC0953409F470C1963409F0D7C598C1923509F42BC2933538F49C3409F4F6
:20E9E000F5C1913509F0CBC518C2963509F445C2993509F0C4C567C483E792EE62E00F941F
:20EA0000F5F11092060210920702109208021092090210920A0210920B0210920C021092B3
:20EA20000D0213C18FE792EE62E00F94F5F18FEE90EE60E00F94F5F181E291EE60E00F94A9
:20EA4000C2F187EB91EE60E00F94F5F180E391EE60E00F94C2F184EE90EE60E00F94F5F118
:20EA60008FE391EE60E00F94C2F186E090E061E070E00F9434F20F94DCF18DE591EE60E03E
:20EA80000F94C2F189EC91EE60E00F94F5F18EE491EE60E00F94C2F183EC91EE60E00F940B
:20EAA000F5F18CE691EE60E00F94C2F18EE10F940DF288E90F940DF281E00F940DF20F941F
:20EAC000DCF18BE791EE60E00F94C2F119E0E0E0F0E010935700E4918E2F0F940DF20F94E8
:20EAE000DCF18AE891EE60E00F94C2F1E3E0F0E010935700E4918E2F0F940DF20F94DCF1F1
:20EB000089E991EE60E00F94C2F1E2E0F0E010935700E4918E2F0F940DF20F94DCF188EA2C
:20EB200091EE60E00F94C2F1E1E0F0E0109357001491812F0F940DF20F94DCF107CF8BE885
:20EB400092EE62E00F94F5F18BE492EE60E00F94F5F10F94DCF100E010E019C0C8016F2D34
:20EB60000F947FFEFF2031F489E492EE60E00F94C2F10BC0F092C6008091C00086FFFCCF7A
:20EB80008091C00080648093C0000F5F1F4FC80181519F41A0E0B0E0ABBFFC01F790BAE2FC
:20EBA000FB1621F0E2E000301E07C1F60F94DCF10F94DCF187E592EE60E00F94F5F10F942D
:20EBC000DCF1CC24DD2400E010E01EC0C8010F9477FEF82E882331F489E492EE60E00F9422
:20EBE000C2F10BC08093C6008091C00086FFFCCF8091C00080648093C000FE1419F008945E
:20EC0000C11CD11C0F5F1F4FC80181519F41A0E0B0E0ABBFFC01E790FAE2EF1621F022E0F1
:20EC20000030120799F60F94DCF10F94DCF182E692EE60E00F94C2F1C60161E070E00F94A3
:20EC400034F20F94DCF10F94DCF11092020210920302109204021092050278CE89E992EED8
:20EC600062E00F94F5F1279A2F9A16C02F9880E090E0E0EDF7E03197F1F701968436910597
:20EC8000C1F72F9A80E090E0E0EDF7E03197F1F7019684369105C1F78091C00087FFE6CF24
:20ECA0008091C00087FFFCCF64C485EA92EE62E00F94F5F14091020250910302609104029E
:20ECC0007091050281E020E10F9491F28091020290910302A0910402B091050280509F4F2C
:20ECE000AF4FBF4F8093020290930302A0930402B093050280509041A040B04008F426CEE5
:20ED0000A4CF83EB92EE62E00F94F5F14091060250910702609108027091090280E020E19C
:20ED20000F9491F28091060290910702A0910802B091090280509F4FAF4FBF4F80930602FE
:20ED400090930702A0930802B0930902FFCD80EC92EE62E00F94F5F183E792EE60E00F94AC
:20ED6000F5F18FE792EE60E00F94F5F18BE892EE60E00F94F5F189E992EE60E00F94F5F177
:20ED800085EA92EE60E00F94F5F183EB92EE60E00F94F5F180EC92EE60E00F94F5F187ECDC
:20EDA00092EE60E00F94F5F188ED92EE60E00F94F5F18FED92EE60E00F94F5F18AEE92EE8F
:20EDC00060E00F94F5F183E093EEBDCD87EC92EE62E00F94F5F181E40F947BF282E40F94C0
:20EDE0007BF283E40F947BF284E40F947BF285E40F947BF286E40F947BF287E40F947BF249
:20EE000088E40F947BF28AE40F947BF28BE40F947BF28CE40F947BF299CD88ED92EE62E05C
:20EE20000F94F5F1772473948824992409C48FED92EE62E00F94F5F140910A0250910B02DF
:20EE400060910C0270910D0282E020E10F9491F280910A0290910B02A0910C02B0910D0240
:20EE600080509F4FAF4FBF4F80930A0290930B02A0930C02B0930D0269CD8AEE92EE62E076
:20EE80000F94F5F184EE90EE60E00F94F5F18FEC91EE60E00F94F5F1662477244301CC5DDB
:20EEA000DE4F19821882C452D140D401C301B695A79597958795CA5DDE4F88839983AA83B9
:20EEC000BB83C652D140CC5DDE4FA881B981C452D1401196CC5DDE4FB983A883C452D14060
:20EEE000CD0162E070E00F9434F2B0E2B093C6008091C00086FFFCCF8091C0008064809365
:20EF0000C000EDE2E093C6008091C00086FFFCCF8091C00080648093C000F0E2F093C60065
:20EF20008091C00086FFFCCF8091C00080648093C000CA5DDE4FE880F9800A811B81C652B4
:20EF4000D140BB27A12F902F8F2D0F940DF2CA5DDE4F8881C652D1400F940DF2B0E2FB2EEE
:20EF6000F092C6008091C00086FFFCCF8091C00080648093C0000DE30093C6008091C00086
:20EF800086FFFCCF8091C00080648093C00010E21093C6008091C00086FFFCCF8091C0004C
:20EFA00080648093C0008BBEF3012791C65DDE4F2883CA52D140A22EBB24CC24DD24089441
:20EFC000611C711C811C911C8BBEF3018791282E3324442455240894611C711C811C911C0A
:20EFE0008BBEF3013791C55DDE4F3883CB52D1400894611C711C811C911C8BBEF3014791CF
:20F00000C45DDE4F4883CC52D140ADEFEA2EAFEFFA2EAFEF0A2FAFEF1A2F6E0C7F1C801EBD
:20F02000911E142D032DF22CEE24EA0CFB1C0C1D1D1D0F940DF220E22093C6008091C00022
:20F0400086FFFCCF8091C00080648093C000C65DDE4F8881CA52D1400F940DF230E23093DB
:20F06000C6008091C00086FFFCCF8091C00080648093C000C45DDE4F8881CC52D1400F94F8
:20F080000DF240E24093C6008091C00086FFFCCF8091C00080648093C000C55DDE4F8881B5
:20F0A000CB52D1400F940DF250E25093C6008091C00086FFFCCF8091C00080648093C000FC
:20F0C0008FEFE8168FEFF80680E0080780E0180731F484E092EE60E00F94C2F1DFC0D80133
:20F0E000C7018070907CA070B0708050904CA040B040D1F52FEF3FE340E050E0E222F32231
:20F1000004231523CA5DDE4FA880B980CA80DB80C652D140AE0CBF1CC01ED11EAA0CBB1C1E
:20F12000CC1CDD1C8EE092EE60E00F94C2F1BB27A12F902F8F2D0F940DF28E2D0F940DF23E
:20F1400030E23093C6008091C00086FFFCCF8091C00080648093C0004EE34093C600809190
:20F16000C00086FFFCCF87C08EE09EEFA0E0B0E0E822F9220A231B239CE0E91694E9F906A6
:20F1800090E0090790E0190709F088C0C45DDE4FA881CC52D140EA2EFF2400E010E0102F2E
:20F1A0000F2DFE2CEE24C55DDE4FB881CB52D140EB0EF11C011D111DD601C5018170907041
:20F1C000A070B070DC0199278827E80EF91E0A1F1B1F20EF30E040E050E0A222B322C42255
:20F1E000D52241E1AA0CBB1CCC1CDD1C4A95D1F7EA0CFB1C0C1D1D1D81E090E0A0E0B0E090
:20F20000282239224A225B2235E1220C331C441C551C3A95D1F7E20CF31C041D151D5701BD
:20F220006801AA0CBB1CCC1CDD1C85E192EE60E00F94C2F1C801AA27BB270F940DF2BB277B
:20F24000A12F902F8F2D0F940DF28E2D0F940DF290E29093C6008091C00086FFFCCF8091D7
:20F26000C00080648093C000AEE3A093C6008091C00086FFFCCF8091C00080648093C000E4
:20F28000C601AA27BB270F940DF2BB27AD2D9C2D8B2D0F940DF28A2D0F940DF20F94DCF1AA
:20F2A000CC5DDE4FE881F981C452D140F99709F44DCBF4E0EF2EF12C012D112D6E0C7F1CBA
:20F2C000801E911EF2CD83E093EE62E00F94F5F18AE192EE60E00F94C2F18091C00087FF9B
:20F2E000FCCF1091C6001F751093C6008091C00086FFFCCF8091C00080648093C0000F9493
:20F30000DCF1812F81548A3108F036C1163409F495C0173490F4133409F44EC0143430F4C8
:20F320001134F1F0123409F01DC130C0143409F459C0153409F016C16BC01A3409F4C4C029
:20F340001B3438F4173409F48FC0183409F00AC1A1C01B3409F4D2C01C3409F003C1E8C097
:20F360008FEF81B90DC082B1809582B980E090E0E0EDF7E03197F1F70196883C9105C1F7B8
:20F380008091C00087FFEFCF12B8EFC08FEF84B90DC085B1809585B980E090E0E0EDF7E05A
:20F3A0003197F1F70196883C9105C1F78091C00087FFEFCF15B8D9C08FEF87B90DC088B1B5
:20F3C000809588B980E090E0E0EDF7E03197F1F70196883C9105C1F78091C00087FFEFCFF5
:20F3E00018B8C3C08FEF8AB90DC08BB180958BB980E090E0E0EDF7E03197F1F70196883C18
:20F400009105C1F78091C00087FFEFCF1BB8ADC08FEF8DB90DC08EB180958EB980E090E04D
:20F42000E0EDF7E03197F1F70196883C9105C1F78091C00087FFEFCF1EB897C08FEF80BBD4
:20F440000DC081B3809581BB80E090E0E0EDF7E03197F1F70196883C9105C1F78091C000BC
:20F4600087FFEFCF11BA81C08FEF83BB0DC084B3809584BB80E090E0E0EDF7E03197F1F704
:20F480000196883C9105C1F78091C00087FFEFCF14BA6BC08FEF809301010FC0809102013F
:20F4A00080958093020180E090E0E0EDF7E03197F1F70196883C9105C1F78091C00087FFFD
:20F4C000EDCF1092020151C08FEF809304010FC08091050180958093050180E090E0E0ED73
:20F4E000F7E03197F1F70196883C9105C1F78091C00087FFEDCF1092050137C08FEF809399
:20F5000007010FC08091080180958093080180E090E0E0EDF7E03197F1F70196883C9105B4
:20F52000C1F78091C00087FFEDCF109208011DC08FEF80930A010FC080910B0180958093C8
:20F540000B0180E090E0E0EDF7E03197F1F70196883C9105C1F78091C00087FFEDCF10921D
:20F560000B0103C085E292EEEEC98091C00087FFFCCF8091C600EAC988E392EEE4C98CE16D
:20F5800091EEE1C988249924933011F1943028F4913089F09230B8F408C0953061F19530E8
:20F5A000F0F0963009F048C043C02B3109F042C991E06BE13FC96227C15DDE4F2883CF52DC
:20F5C000D14092E037C9B22FA0E0622793E032C9822F90E0A82BB92B622794E02BC92E3029
:20F5E00009F039C3622795E0C05DDE4F19821882C053D1401FC9E1E0F0E0EC0FFD1FC05DC8
:20F60000DE4F08811981C053D140E00FF11F20830F5F1F4FC05DDE4F19830883C053D14063
:20F6200062270A171B0709F005C9D80196E002C9261709F010C303C0973009F0FBC8772433
:20F640009981933109F412C19431C8F4963009F4D8C0973050F4923009F406C1933009F4CF
:20F660006DC0913009F059C253C0913109F477C0923108F0BBC0903109F04FC2F5C0983100
:20F6800009F487C0993150F4953109F4EFC0953108F4C6C1963109F040C2C2C19A3109F450
:20F6A0006CC09A3108F491C09B3109F45BC09D3109F033C29D81903359F48F81882311F478
:20F6C0009EE11CC0813011F091E018C098E916C0892F807591F0903539F4E0E0F0E089E064
:20F6E0008093570094910AC0983539F4E3E0F0E089E080935700949101C090E01A821B82C2
:20F700008D818C831D829E831F8227E030E009C21A8288E08B8381E48C8386E58D8382E521
:20F720008E8389E48F8383E5888780E589878FE58A8782E38B872BE030E0F3C18A818139BD
:20F7400041F0823941F0803911F48FE005C080E003C082E001C08AE01A828B8344C07724A1
:20F76000739482C08D81882311F48EE12CC0813011F081E028C088E926C01A82E1E0F0E0A8
:20F7800089E08093570084918B831C8224E030E0C8C18B81803589F48C81883039F4E2E046
:20F7A000F0E089E08093570084910DC0E0E0F0E089E080935700849106C0E3E0F0E089E08A
:20F7C0008093570084911A82DFCF8D81836C99E0E1E0F0E0082E90935700E89507B600FC73
:20F7E000FDCF1A821B8223E030E09BC180EC8A83CE5CDE4F188219821A821B82C253D14031
:20F800008EC18A8190E0A0E0B0E0582F4427332722278B8190E0A0E0B0E0DC0199278827A1
:20F82000282B392B4A2B5B2B8D8190E0A0E0B0E0282B392B4A2B5B2B8C8190E0A0E0B0E049
:20F84000BA2FA92F982F8827282B392B4A2B5B2B220F331F441F551FC05EDE4F28833983B3
:20F860004A835B83C052D1401A8259C13A81C95CDE4F3883C753D140CA5CDE4F1882C6530B
:20F88000D1408B81C82EDD24CA5CDE4F48815981C653D140C42AD52A933109F082C0CE5C1E
:20F8A000DE4F88819981AA81BB81C253D1408050904CA340B04030F583E0CE5CDE4FE880A5
:20F8C000F9800A811B81C253D140F70100935B0080935700E89507B600FCFDCFCE5CDE4FB9
:20F8E000088119812A813B81C253D14000501F4F2F4F3F4FCE5CDE4F088319832A833B83A5
:20F90000C253D140C05EDE4F488159816A817B81C052D140DE011B9631E08C9111962C91A7
:20F9200011971296C75CDE4F2883C953D140C85CDE4F1882C853D14090E0C85CDE4FE8810E
:20F94000F981C853D1408E2B9F2B0C01FA0160935B0030935700E89511244E5F5F4F6F4F43
:20F960007F4F0EEFE02E0FEFF02ECE0CDF1CC114D10499F685E0C05EDE4F088119812A8106
:20F980003B81C052D140F80120935B0080935700E89507B600FCFDCF81E180935700E895CC
:20F9A00035C0C05EDE4F88819981AA81BB81C052D140B695A795979587957C018601ABE0FC
:20F9C000AA2EB12CAC0EBD1E0BC0D5016D915D01C7010F947FFE0894E11CF11C01501040B1
:20F9E0000115110591F7A60160E070E0440F551F661F771FC05EDE4FE880F9800A811B81E7
:20FA0000C052D1404E0D5F1D601F711F1A82C05EDE4F488359836A837B83C052D1407FC002
:20FA2000FA80C55CDE4FF882CB53D140C65CDE4F1882CA53D1408B81C82EDD24C65CDE4FEC
:20FA400008811981CA53D140C02AD12A1A828981BE016D5F7F4F843121F59601C05EDE4FC4
:20FA6000E880F9800A811B81C052D1400BBFF70187919691DB018C9311969C936E5F7F4FEE
:20FA8000D801C7010296A11DB11DC05EDE4F88839983AA83BB83C052D14022503040F1F6D8
:20FAA00036C0C05EDE4F288139814A815B81C052D1400894C108D108760100E010E00894B7
:20FAC000C11CD11C0894E11CF11C011D111DE20EF31E041F151F21BDBB27A52F942F832F09
:20FAE00082BD2F5F3F4F4F4F5F4FF89A80B5DB018D93BD012E153F054007510761F7C05E42
:20FB0000DE4F288339834A835B83C052D14096012D5F3F4FFB01108204C080EC8A8322E005
:20FB200030E08BE18093C6008091C00086FFFCCF8091C00080648093C000C15DDE4FF88103
:20FB4000CF52D140F093C6008091C00086FFFCCF8091C00080648093C000432F3093C60086
:20FB60008091C00086FFFCCF8091C00080648093C000922F2093C6008091C00086FFFCCF81
:20FB80008091C00080648093C0008EE08093C6008091C00086FFFCCF8091C00080648093AD
:20FBA000C00065E1C15DDE4FE880CF52D1406E2569276427FE01319610C090819093C6001C
:20FBC0008091C00086FFFCCF31968091C00080648093C0006927215030402115310569F778
:20FBE0006093C6008091C00086FFFCCF8091C00080648093C00085B1805885B9772081F44B
:20FC0000C15DDE4F0881CF52D1400F5FC15DDE4F0883CF52D14090E0A0E0B0E00D941AF439
:20FC200027982F9880E090E020ED37E0F9013197F1F7019684369105C9F700008091C00028
:20FC40008D7F8093C00081E180935700E895EE27FF270994FFCF90E00D941AF497FB092EEE
:20FC600007260AD077FD04D02ED006D000201AF4709561957F4F0895F6F7909581959F4FB7
:20FC80000895A1E21A2EAA1BBB1BFD010DC0AA1FBB1FEE1FFF1FA217B307E407F50720F05E
:20FCA000A21BB30BE40BF50B661F771F881F991F1A9469F760957095809590959B01AC01D5
:20FCC000BD01CF010895AA1BBB1B51E107C0AA1FBB1FA617B70710F0A61BB70B881F991F65
:20FCE0005A95A9F780959095BC01CD010895F999FECF92BD81BDF89A992780B50895262FAE
:1EFD0000F999FECF1FBA92BD81BD20BD0FB6F894FA9AF99A0FBE01960895F894FFCF70
:00000001FF
